Time,Jitter_X,Jitter_Y,Jitter_Z
0.007,0.0,0.0,0.0
0.016,0.0,0.0,0.0
0.026,0.0,0.0,0.0
0.036,0.0,0.0,0.0
0.046,0.0,0.0,0.0
0.056,0.0,0.0,0.0
0.066,0.0,0.0,0.0
0.077,0.0,0.0,0.0
0.086,0.0,0.0,0.0
0.099,0.0,0.0,0.0
0.107,0.0,0.0,0.0
0.118,0.0,0.0,0.0
0.127,0.0,0.0,0.0
0.136,0.0,0.0,0.0
0.146,3.589644731356307e-21,2.4302205254525827e-20,3.747917350026275e-05
0.156,0.0,0.0,0.0
0.167,0.0,0.0,0.0
0.176,0.0,0.0,0.0
0.186,0.0,0.0,0.0
0.196,0.0,0.0,0.0
0.206,0.0,0.0,0.0
0.216,0.0,0.0,0.0
0.227,0.0,0.0,0.0
0.236,0.0,0.0,0.0
0.247,-5.812056395641137e-21,2.074066631928115e-20,1.3718588718542035e-05
0.256,0.0,0.0,0.0
0.266,0.0,0.0,0.0
0.276,0.0,0.0,0.0
0.286,0.0,0.0,0.0
0.297,0.0,0.0,0.0
0.306,0.0,0.0,0.0
0.316,0.0,0.0,0.0
0.326,0.0,0.0,0.0
0.337,0.0,0.0,0.0
0.346,4.213978998697363e-21,1.562408535675664e-20,4.117626515962036e-06
0.356,0.0,0.0,0.0
0.366,0.0,0.0,0.0
0.376,0.0,0.0,0.0
0.386,0.0,0.0,0.0
0.396,0.0,0.0,0.0
0.406,0.0,0.0,0.0
0.416,0.0,0.0,0.0
0.426,0.0,0.0,0.0
0.437,0.0,0.0,0.0
0.446,2.833511045492684e-21,1.7545874167943383e-20,2.0312770390440438e-06
0.456,0.0,0.0,0.0
0.466,0.0,0.0,0.0
0.476,0.0,0.0,0.0
0.486,0.0,0.0,0.0
0.496,0.0,0.0,0.0
0.506,0.0,0.0,0.0
0.516,0.0,0.0,0.0
0.526,0.0,0.0,0.0
0.536,0.0,0.0,0.0
0.546,2.225791552786679e-21,1.7838678983153708e-20,1.0024082009035817e-06
0.556,0.0,0.0,0.0
0.569,0.0,0.0,0.0
0.576,0.0,0.0,0.0
0.586,0.0,0.0,0.0
1.196,0.0,0.0,0.0
1.206,0.0,0.0,0.0
1.216,0.0,0.0,0.0
1.226,0.0,0.0,0.0
1.238,0.0,0.0,0.0
1.246,0.0,0.0,0.0
1.256,0.0,0.0,0.0
1.266,0.0,0.0,0.0
1.276,0.0,0.0,0.0
1.286,0.0,0.0,0.0
1.296,0.0,0.0,0.0
1.307,0.0,0.0,0.0
1.316,0.0,0.0,0.0
1.326,0.0,0.0,0.0
1.336,0.0,0.0,0.0
1.346,0.0,0.0,0.0
1.358,0.0,0.0,0.0
1.366,0.0,0.0,0.0
1.376,0.0,0.0,0.0
1.386,0.0,0.0,0.0
1.396,0.0,0.0,0.0
1.406,0.0,0.0,0.0
1.416,0.0,0.0,0.0
1.426,0.0,0.0,0.0
1.436,0.0,0.0,0.0
1.446,2.1758871280223233e-21,2.7989654901306976e-19,0.0046878885474314624
1.456,0.0,0.0,0.0
1.466,0.0,0.0,0.0
1.476,0.0,0.0,0.0
1.486,0.0,0.0,0.0
1.776,4.174542504497188e-21,8.8522238744177e-19,0.0581644264091683
1.786,0.0,0.0,0.0
1.796,0.0,0.0,0.0
1.806,0.0,0.0,0.0
1.817,0.0,0.0,0.0
1.826,0.0,0.0,0.0
1.836,0.0,0.0,0.0
1.846,2.7779839299736936e-20,4.996219621934044e-19,0.029925699418528212
1.856,0.0,0.0,0.0
1.866,0.0,0.0,0.0
1.876,0.0,0.0,0.0
1.886,0.0,0.0,0.0
1.896,0.0,0.0,0.0
1.906,0.0,0.0,0.0
1.916,0.0,0.0,0.0
1.926,0.0,0.0,0.0
1.936,0.0,0.0,0.0
1.946,5.963281197853766e-20,5.997699331537e-19,0.033656715001619375
1.957,0.0,0.0,0.0
1.966,0.0,0.0,0.0
1.976,0.0,0.0,0.0
1.986,0.0,0.0,0.0
1.997,0.0,0.0,0.0
2.006,0.0,0.0,0.0
2.017,0.0,0.0,0.0
2.026,0.0,0.0,0.0
2.036,0.0,0.0,0.0
2.046,9.969932662219732e-20,6.989820704252944e-19,0.03671081274631635
2.056,0.0,0.0,0.0
2.066,0.0,0.0,0.0
2.076,0.0,0.0,0.0
2.086,0.0,0.0,0.0
2.096,0.0,0.0,0.0
2.106,0.0,0.0,0.0
2.116,0.0,0.0,0.0
2.126,0.0,0.0,0.0
2.136,0.0,0.0,0.0
2.147,1.4648920101394447e-19,7.974281622343565e-19,0.0392108057981905
2.156,0.0,0.0,0.0
2.166,0.0,0.0,0.0
2.176,0.0,0.0,0.0
2.186,0.0,0.0,0.0
2.196,0.0,0.0,0.0
2.206,0.0,0.0,0.0
2.216,0.0,0.0,0.0
2.226,0.0,0.0,0.0
2.236,0.0,0.0,0.0
2.247,1.9878261656925e-19,8.952471921436771e-19,0.04125722532430831
2.256,0.0,0.0,0.0
2.266,0.0,0.0,0.0
2.276,0.0,0.0,0.0
2.286,0.0,0.0,0.0
2.296,0.0,0.0,0.0
2.306,0.0,0.0,0.0
2.316,0.0,0.0,0.0
2.326,0.0,0.0,0.0
2.336,0.0,0.0,0.0
2.346,2.555810662851328e-19,9.925529279401465e-19,0.042932363130685436
2.356,0.0,0.0,0.0
2.366,0.0,0.0,0.0
2.378,0.0,0.0,0.0
2.386,0.0,0.0,0.0
2.396,0.0,0.0,0.0
2.406,0.0,0.0,0.0
2.416,0.0,0.0,0.0
2.426,0.0,0.0,0.0
2.436,0.0,0.0,0.0
2.446,3.160672021988311e-19,1.0894384965307818e-18,0.04430358082800595
2.456,0.0,0.0,0.0
2.466,0.0,0.0,0.0
2.477,0.0,0.0,0.0
2.487,0.0,0.0,0.0
2.496,0.0,0.0,0.0
2.508,0.0,0.0,0.0
2.516,0.0,0.0,0.0
2.527,0.0,0.0,0.0
2.536,0.0,0.0,0.0
2.546,3.7957196771862103e-19,1.1859801288158423e-18,0.04542601861568346
2.556,0.0,0.0,0.0
2.566,0.0,0.0,0.0
2.576,0.0,0.0,0.0
2.586,0.0,0.0,0.0
2.596,0.0,0.0,0.0
2.606,0.0,0.0,0.0
2.616,0.0,0.0,0.0
2.626,0.0,0.0,0.0
2.638,0.0,0.0,0.0
2.646,4.455476931330313e-19,1.2822402251298503e-18,0.04634481261146456
2.656,0.0,0.0,0.0
2.666,0.0,0.0,0.0
2.676,0.0,0.0,0.0
2.686,0.0,0.0,0.0
2.696,0.0,0.0,0.0
2.706,0.0,0.0,0.0
2.716,0.0,0.0,0.0
2.726,0.0,0.0,0.0
2.736,0.0,0.0,0.0
2.746,5.135460723995476e-19,1.3782698645199857e-18,0.04709690989110982
2.756,0.0,0.0,0.0
2.766,0.0,0.0,0.0
2.776,0.0,0.0,0.0
2.786,0.0,0.0,0.0
3.046,1.963737879027852e-18,4.709265898226569e-18,0.14455807553417266
3.056,0.0,0.0,0.0
3.066,0.0,0.0,0.0
3.077,0.0,0.0,0.0
3.087,0.0,0.0,0.0
3.096,0.0,0.0,0.0
3.106,0.0,0.0,0.0
3.116,0.0,0.0,0.0
3.126,0.0,0.0,0.0
3.139,0.0,0.0,0.0
3.146,7.993551341788137e-19,1.7608143079862827e-18,0.0489666929486835
3.156,0.0,0.0,0.0
3.166,0.0,0.0,0.0
3.176,0.0,0.0,0.0
3.476,2.8430104572161285e-18,5.854410210530724e-18,0.14836703990695344
3.486,0.0,0.0,0.0
3.496,0.0,0.0,0.0
3.506,0.0,0.0,0.0
3.516,0.0,0.0,0.0
3.526,0.0,0.0,0.0
3.536,0.0,0.0,0.0
3.546,1.097665518798559e-18,2.1419343770331743e-18,0.04980618134526493
3.556,0.0,0.0,0.0
3.566,0.0,0.0,0.0
3.576,0.0,0.0,0.0
3.586,0.0,0.0,0.0
3.596,0.0,0.0,0.0
3.606,0.0,0.0,0.0
3.616,0.0,0.0,0.0
3.628,0.0,0.0,0.0
3.636,0.0,0.0,0.0
3.646,1.173283833366267e-18,2.2370958170288012e-18,0.0499302827913386
3.656,0.0,0.0,0.0
3.666,0.0,0.0,0.0
3.676,0.0,0.0,0.0
3.686,0.0,0.0,0.0
3.696,0.0,0.0,0.0
3.706,0.0,0.0,0.0
3.716,0.0,0.0,0.0
3.726,0.0,0.0,0.0
3.736,0.0,0.0,0.0
3.746,1.2491753476600414e-18,2.3322261292224977e-18,0.050031868522656286
3.756,0.0,0.0,0.0
3.766,0.0,0.0,0.0
3.776,0.0,0.0,0.0
3.786,0.0,0.0,0.0
3.796,0.0,0.0,0.0
3.806,0.0,0.0,0.0
3.816,0.0,0.0,0.0
3.826,0.0,0.0,0.0
3.836,0.0,0.0,0.0
3.846,1.3252904950769296e-18,2.42733096112876e-18,0.050115023563423344
3.856,0.0,0.0,0.0
3.866,0.0,0.0,0.0
3.876,0.0,0.0,0.0
3.886,0.0,0.0,0.0
3.896,0.0,0.0,0.0
3.906,0.0,0.0,0.0
3.916,0.0,0.0,0.0
3.927,0.0,0.0,0.0
3.936,0.0,0.0,0.0
3.946,1.5184357100186406e-18,2.6523557740698174e-18,0.06281467771051297
3.956,0.0,0.0,0.0
3.966,0.0,0.0,0.0
3.976,0.0,0.0,0.0
3.986,0.0,0.0,0.0
3.996,0.0,0.0,0.0
4.006,0.0,0.0,0.0
4.016,0.0,0.0,0.0
4.028,0.0,0.0,0.0
4.036,0.0,0.0,0.0
4.046,1.7254291921197501e-18,2.7789784189021955e-18,0.09437118859494231
4.056,0.0,0.0,0.0
4.066,0.0,0.0,0.0
4.076,0.0,0.0,0.0
4.086,0.0,0.0,0.0
4.097,0.0,0.0,0.0
4.106,0.0,0.0,0.0
4.116,0.0,0.0,0.0
4.126,0.0,0.0,0.0
4.136,0.0,0.0,0.0
4.146,1.5366491903955245e-18,2.3042671203517136e-18,0.1144295992348825
4.156,0.0,0.0,0.0
4.166,0.0,0.0,0.0
4.176,0.0,0.0,0.0
4.186,0.0,0.0,0.0
4.196,0.0,0.0,0.0
4.206,0.0,0.0,0.0
4.216,0.0,0.0,0.0
4.226,0.0,0.0,0.0
4.236,0.0,0.0,0.0
4.246,7.964034624901482e-19,1.0391540451066328e-18,0.11977260915218157
4.256,0.0,0.0,0.0
4.266,0.0,0.0,0.0
4.276,0.0,0.0,0.0
4.286,0.0,0.0,0.0
4.296,0.0,0.0,0.0
4.306,0.0,0.0,0.0
4.316,0.0,0.0,0.0
4.326,0.0,0.0,0.0
4.336,0.0,0.0,0.0
4.347,-2.291418375985514e-19,-5.880022574931474e-19,0.11291895285401266
4.356,0.0,0.0,0.0
4.366,0.0,0.0,0.0
4.376,0.0,0.0,0.0
4.386,0.0,0.0,0.0
4.656,-4.129053141806207e-18,-6.96753258934728e-18,0.24633325305748732
4.666,0.0,0.0,0.0
4.676,0.0,0.0,0.0
4.686,0.0,0.0,0.0
4.696,0.0,0.0,0.0
4.706,0.0,0.0,0.0
4.716,0.0,0.0,0.0
4.726,0.0,0.0,0.0
4.736,0.0,0.0,0.0
4.746,-1.1819355173419733e-18,-1.9870911784102158e-18,0.05406928221486518
4.756,0.0,0.0,0.0
4.766,0.0,0.0,0.0
4.776,0.0,0.0,0.0
4.786,0.0,0.0,0.0
4.797,0.0,0.0,0.0
4.806,0.0,0.0,0.0
4.818,0.0,0.0,0.0
4.826,0.0,0.0,0.0
4.836,0.0,0.0,0.0
4.846,-6.490505303431751e-19,-1.1312981071568783e-18,0.043737914689485846
4.857,0.0,0.0,0.0
4.866,0.0,0.0,0.0
4.876,0.0,0.0,0.0
4.886,0.0,0.0,0.0
4.896,0.0,0.0,0.0
4.906,0.0,0.0,0.0
4.916,0.0,0.0,0.0
4.926,0.0,0.0,0.0
4.936,0.0,0.0,0.0
4.946,-2.263526502880064e-19,-4.44859876629859e-19,0.035659637615964135
4.956,0.0,0.0,0.0
4.966,0.0,0.0,0.0
4.976,0.0,0.0,0.0
4.986,0.0,0.0,0.0
4.996,0.0,0.0,0.0
5.006,0.0,0.0,0.0
5.017,0.0,0.0,0.0
5.026,0.0,0.0,0.0
5.036,0.0,0.0,0.0
5.049,-5.55328153550876e-20,-1.6402593357212751e-19,0.030251263217944135
5.056,0.0,0.0,0.0
5.066,0.0,0.0,0.0
5.077,0.0,0.0,0.0
5.086,0.0,0.0,0.0
5.096,0.0,0.0,0.0
5.106,0.0,0.0,0.0
5.116,0.0,0.0,0.0
5.127,0.0,0.0,0.0
5.136,0.0,0.0,0.0
5.146,-6.625627388178357e-20,-1.8092206421839949e-19,0.027195883329769632
5.156,0.0,0.0,0.0
5.166,0.0,0.0,0.0
5.176,0.0,0.0,0.0
5.186,0.0,0.0,0.0
5.196,0.0,0.0,0.0
5.206,0.0,0.0,0.0
5.218,0.0,0.0,0.0
5.226,0.0,0.0,0.0
5.236,0.0,0.0,0.0
5.246,-1.213908059213707e-19,-2.7457587777316357e-19,0.025888130014199096
5.256,0.0,0.0,0.0
5.266,0.0,0.0,0.0
5.276,0.0,0.0,0.0
5.286,0.0,0.0,0.0
5.296,0.0,0.0,0.0
5.306,0.0,0.0,0.0
5.317,0.0,0.0,0.0
5.326,0.0,0.0,0.0
5.336,0.0,0.0,0.0
5.346,-1.2616293080484971e-19,-2.88953347510524e-19,0.025686140125773083
5.356,0.0,0.0,0.0
5.366,0.0,0.0,0.0
5.376,0.0,0.0,0.0
5.386,0.0,0.0,0.0
5.396,0.0,0.0,0.0
5.406,0.0,0.0,0.0
5.416,0.0,0.0,0.0
5.426,0.0,0.0,0.0
5.436,0.0,0.0,0.0
5.446,-6.94726615779448e-20,-2.0298628056166147e-19,0.026010936443603416
5.456,0.0,0.0,0.0
5.466,0.0,0.0,0.0
5.476,0.0,0.0,0.0
5.486,0.0,0.0,0.0
5.496,0.0,0.0,0.0
5.506,0.0,0.0,0.0
5.517,0.0,0.0,0.0
5.526,0.0,0.0,0.0
5.536,0.0,0.0,0.0
5.546,-4.178489435765082e-21,-9.629943712902565e-20,0.026275785535200047
5.557,0.0,0.0,0.0
5.566,0.0,0.0,0.0
5.576,0.0,0.0,0.0
5.586,0.0,0.0,0.0
5.596,0.0,0.0,0.0
5.609,0.0,0.0,0.0
5.616,0.0,0.0,0.0
5.628,0.0,0.0,0.0
5.638,0.0,0.0,0.0
5.65,-0.03203935921281572,0.032039359212815754,0.010142559401225881
5.656,0.0,0.0,0.0
5.666,0.0,0.0,0.0
5.676,0.0,0.0,0.0
5.686,0.0,0.0,0.0
5.696,0.0,0.0,0.0
5.706,0.0,0.0,0.0
5.716,0.0,0.0,0.0
5.726,0.0,0.0,0.0
5.736,0.0,0.0,0.0
5.746,-0.10979033033272995,0.10979033033273006,-0.022860529195992907
5.756,0.0,0.0,0.0
5.767,0.0,0.0,0.0
5.778,0.0,0.0,0.0
5.786,0.0,0.0,0.0
5.796,0.0,0.0,0.0
5.806,0.0,0.0,0.0
5.816,0.0,0.0,0.0
5.826,0.0,0.0,0.0
5.836,0.0,0.0,0.0
5.846,-0.1709206883425194,0.17092068834251936,-0.03881977896650879
5.856,0.0,0.0,0.0
5.866,0.0,0.0,0.0
5.877,0.0,0.0,0.0
5.886,0.0,0.0,0.0
6.176,-0.4191111956206345,0.4191111956206343,-0.0908991477297445
6.186,0.0,0.0,0.0
6.196,0.0,0.0,0.0
6.209,0.0,0.0,0.0
6.217,0.0,0.0,0.0
6.226,0.0,0.0,0.0
6.237,0.0,0.0,0.0
6.246,-0.061302663764948195,0.06130266376494797,-0.003199576375658264
6.256,0.0,0.0,0.0
6.268,0.0,0.0,0.0
6.276,0.0,0.0,0.0
6.288,0.0,0.0,0.0
6.296,0.0,0.0,0.0
6.306,0.0,0.0,0.0
6.316,0.0,0.0,0.0
6.326,0.0,0.0,0.0
6.336,0.0,0.0,0.0
6.346,-0.03320450144260734,0.03320450144260756,0.01010636473934512
6.357,0.0,0.0,0.0
6.366,0.0,0.0,0.0
6.376,0.0,0.0,0.0
6.386,0.0,0.0,0.0
6.396,0.0,0.0,0.0
6.406,0.0,0.0,0.0
6.416,0.0,0.0,0.0
6.426,0.0,0.0,0.0
6.439,0.0,0.0,0.0
6.446,-0.02561391586953865,0.025613915869538872,0.019623255742277745
6.456,0.0,0.0,0.0
6.466,0.0,0.0,0.0
6.476,0.0,0.0,0.0
6.486,0.0,0.0,0.0
6.496,0.0,0.0,0.0
6.506,0.0,0.0,0.0
6.517,0.0,0.0,0.0
6.526,0.0,0.0,0.0
6.536,0.0,0.0,0.0
6.547,-0.034645627087647624,0.03464562708764751,0.024699567027175906
6.556,0.0,0.0,0.0
6.566,0.0,0.0,0.0
6.577,0.0,0.0,0.0
6.586,0.0,0.0,0.0
6.596,0.0,0.0,0.0
6.606,0.0,0.0,0.0
6.616,0.0,0.0,0.0
6.626,0.0,0.0,0.0
6.638,0.0,0.0,0.0
6.646,-0.045854259075774007,0.045854259075773895,0.02562487870742114
6.657,0.0,0.0,0.0
6.666,0.0,0.0,0.0
6.676,0.0,0.0,0.0
6.686,0.0,0.0,0.0
6.696,0.0,0.0,0.0
6.706,0.0,0.0,0.0
6.716,0.0,0.0,0.0
6.726,0.0,0.0,0.0
6.737,-0.048553709390525945,0.048553709390525945,0.023184096669432108
6.746,0.0,0.0,0.0
6.756,0.0,0.0,0.0
6.768,0.0,0.0,0.0
6.776,0.0,0.0,0.0
6.786,0.0,0.0,0.0
6.797,0.0,0.0,0.0
6.806,0.0,0.0,0.0
6.816,0.0,0.0,0.0
6.826,0.0,0.0,0.0
6.836,0.0,0.0,0.0
6.846,-0.04241390861111649,0.04241390861111627,0.018833386476883707
6.856,0.0,0.0,0.0
6.866,0.0,0.0,0.0
6.876,0.0,0.0,0.0
6.886,0.0,0.0,0.0
6.896,0.0,0.0,0.0
6.906,0.0,0.0,0.0
6.916,0.0,0.0,0.0
6.926,0.0,0.0,0.0
6.936,0.0,0.0,0.0
6.946,-0.03478096919060758,0.03478096919060758,0.013950610990307144
6.956,0.0,0.0,0.0
6.966,0.0,0.0,0.0
6.976,0.0,0.0,0.0
6.986,0.0,0.0,0.0
6.998,0.0,0.0,0.0
7.006,0.0,0.0,0.0
7.016,0.0,0.0,0.0
7.026,0.0,0.0,0.0
7.036,0.0,0.0,0.0
7.046,-0.029898602516969186,0.029898602516969852,0.00974937552266697
7.056,0.0,0.0,0.0
7.067,0.0,0.0,0.0
7.076,0.0,0.0,0.0
7.086,0.0,0.0,0.0
7.097,0.0,0.0,0.0
7.106,0.0,0.0,0.0
7.116,0.0,0.0,0.0
7.126,0.0,0.0,0.0
7.136,0.0,0.0,0.0
7.146,-0.028140450737508926,0.02814045073750915,0.006554596143435454
7.156,0.0,0.0,0.0
7.166,0.0,0.0,0.0
7.176,0.0,0.0,0.0
7.186,0.0,0.0,0.0
7.196,0.0,0.0,0.0
7.206,0.0,0.0,0.0
7.216,0.0,0.0,0.0
7.227,0.0,0.0,0.0
7.236,0.0,0.0,0.0
7.246,-0.026487836016573674,0.02648783601657345,0.004446176876640617
7.256,0.0,0.0,0.0
7.266,0.0,0.0,0.0
7.276,0.0,0.0,0.0
7.286,0.0,0.0,0.0
7.298,0.0,0.0,0.0
7.306,0.0,0.0,0.0
7.316,0.0,0.0,0.0
7.326,0.0,0.0,0.0
7.336,0.0,0.0,0.0
7.346,-0.024628052413525836,0.024628052413525614,0.003371386530381937
7.356,0.0,0.0,0.0
7.366,0.0,0.0,0.0
7.376,0.0,0.0,0.0
7.386,0.0,0.0,0.0
7.396,0.0,0.0,0.0
7.407,0.0,0.0,0.0
7.416,0.0,0.0,0.0
7.426,0.0,0.0,0.0
7.437,-0.02266866050067362,0.022668660500673177,0.0031300154151994164
7.446,0.0,0.0,0.0
7.456,0.0,0.0,0.0
7.466,0.0,0.0,0.0
7.476,0.0,0.0,0.0
7.486,0.0,0.0,0.0
7.496,0.0,0.0,0.0
7.506,0.0,0.0,0.0
7.517,0.0,0.0,0.0
7.526,0.0,0.0,0.0
7.536,0.0,0.0,0.0
7.546,-0.020053878887761334,0.020053878887761112,0.0034207077451875456
7.556,0.0,0.0,0.0
7.566,0.0,0.0,0.0
7.576,0.0,0.0,0.0
7.586,0.0,0.0,0.0
7.596,0.0,0.0,0.0
7.606,0.0,0.0,0.0
7.616,0.0,0.0,0.0
7.626,0.0,0.0,0.0
7.636,-0.018552216223227225,0.018552216223227447,0.0039713313583189525
7.646,0.0,0.0,0.0
7.656,0.0,0.0,0.0
7.666,0.0,0.0,0.0
7.676,0.0,0.0,0.0
7.686,0.0,0.0,0.0
7.697,0.0,0.0,0.0
7.706,0.0,0.0,0.0
7.716,0.0,0.0,0.0
7.726,0.0,0.0,0.0
7.736,0.0,0.0,0.0
7.746,-0.0171837775200816,0.017183777520082044,0.004554830978249935
7.756,0.0,0.0,0.0
7.766,0.0,0.0,0.0
7.776,0.0,0.0,0.0
7.786,0.0,0.0,0.0
7.796,0.0,0.0,0.0
7.806,0.0,0.0,0.0
7.816,0.0,0.0,0.0
7.826,0.0,0.0,0.0
7.836,0.0,0.0,0.0
7.846,-0.016455345505883123,0.016455345505883123,0.0049924578474165315
7.857,0.0,0.0,0.0
7.866,0.0,0.0,0.0
7.876,0.0,0.0,0.0
7.886,0.0,0.0,0.0
7.896,0.0,0.0,0.0
7.906,0.0,0.0,0.0
7.916,0.0,0.0,0.0
7.926,0.0,0.0,0.0
7.936,0.0,0.0,0.0
7.946,-0.016179586416571246,0.016179586416571023,0.005251955184288448
7.956,0.0,0.0,0.0
7.966,0.0,0.0,0.0
7.976,0.0,0.0,0.0
7.986,0.0,0.0,0.0
7.996,0.0,0.0,0.0
8.006,0.0,0.0,0.0
8.017,0.0,0.0,0.0
8.026,0.0,0.0,0.0
8.036,0.0,0.0,0.0
8.046,-0.015815208339734044,0.01581520833973382,0.00529280532746057
8.057,0.0,0.0,0.0
8.066,0.0,0.0,0.0
8.076,0.0,0.0,0.0
8.086,0.0,0.0,0.0
8.097,0.0,0.0,0.0
8.106,0.0,0.0,0.0
8.116,0.0,0.0,0.0
8.126,0.0,0.0,0.0
8.136,0.0,0.0,0.0
8.148,-0.013759577003007228,0.013759577003007228,0.0050695401686779995
8.157,0.0,0.0,0.0
8.166,0.0,0.0,0.0
8.176,0.0,0.0,0.0
8.186,0.0,0.0,0.0
8.196,0.0,0.0,0.0
8.206,0.0,0.0,0.0
8.216,0.0,0.0,0.0
8.226,0.0,0.0,0.0
8.236,0.0,0.0,0.0
8.246,-0.011733398649994564,0.011733398649994342,0.004670000871338065
8.256,0.0,0.0,0.0
8.266,0.0,0.0,0.0
8.276,0.0,0.0,0.0
8.286,0.0,0.0,0.0
8.296,0.0,0.0,0.0
8.306,0.0,0.0,0.0
8.316,0.0,0.0,0.0
8.326,0.0,0.0,0.0
8.336,0.0,0.0,0.0
8.346,-0.010659602503541032,0.010659602503541477,0.004046887158411838
8.357,0.0,0.0,0.0
8.366,0.0,0.0,0.0
8.376,0.0,0.0,0.0
8.386,0.0,0.0,0.0
8.396,0.0,0.0,0.0
8.406,0.0,0.0,0.0
8.416,0.0,0.0,0.0
8.426,0.0,0.0,0.0
8.436,-0.008725631732274586,0.008725631732274586,0.0034015977112105134
8.446,0.0,0.0,0.0
8.456,0.0,0.0,0.0
8.466,0.0,0.0,0.0
8.476,0.0,0.0,0.0
8.486,0.0,0.0,0.0
8.496,0.0,0.0,0.0
8.506,0.0,0.0,0.0
8.516,0.0,0.0,0.0
8.526,0.0,0.0,0.0
8.536,0.0,0.0,0.0
8.546,-0.0071425411127634675,0.0071425411127634675,0.002873383073267455
8.556,0.0,0.0,0.0
8.566,0.0,0.0,0.0
8.576,0.0,0.0,0.0
8.586,0.0,0.0,0.0
8.596,0.0,0.0,0.0
8.606,0.0,0.0,0.0
8.616,0.0,0.0,0.0
8.626,0.0,0.0,0.0
8.636,0.0,0.0,0.0
8.646,-0.005846670489064509,0.005846670489064065,0.0024410023719458884
8.656,0.0,0.0,0.0
8.666,0.0,0.0,0.0
8.676,0.0,0.0,0.0
8.686,0.0,0.0,0.0
8.696,0.0,0.0,0.0
8.706,0.0,0.0,0.0
8.716,0.0,0.0,0.0
8.726,0.0,0.0,0.0
8.736,0.0,0.0,0.0
8.746,-0.004785909561879853,0.004785909561880075,0.002087068464315056
8.757,0.0,0.0,0.0
8.767,0.0,0.0,0.0
8.776,0.0,0.0,0.0
8.786,0.0,0.0,0.0
8.796,0.0,0.0,0.0
8.806,0.0,0.0,0.0
8.816,0.0,0.0,0.0
8.826,0.0,0.0,0.0
8.836,0.0,0.0,0.0
8.846,-0.003917602399063469,0.003917602399063469,0.0017973487553022416
8.856,0.0,0.0,0.0
8.866,0.0,0.0,0.0
8.876,0.0,0.0,0.0
8.886,0.0,0.0,0.0
8.896,0.0,0.0,0.0
8.906,0.0,0.0,0.0
8.916,0.0,0.0,0.0
8.926,0.0,0.0,0.0
8.936,0.0,0.0,0.0
8.946,-0.003206832130592252,0.003206832130592474,0.0015601928683350863
8.956,0.0,0.0,0.0
8.966,0.0,0.0,0.0
8.976,0.0,0.0,0.0
8.986,0.0,0.0,0.0
8.996,0.0,0.0,0.0
9.006,0.0,0.0,0.0
9.016,0.0,0.0,0.0
9.027,0.0,0.0,0.0
9.036,0.0,0.0,0.0
9.046,-0.002625016851188766,0.002625016851188988,0.0013660641536721307
9.056,0.0,0.0,0.0
9.066,0.0,0.0,0.0
9.076,0.0,0.0,0.0
9.086,0.0,0.0,0.0
9.096,0.0,0.0,0.0
9.106,0.0,0.0,0.0
9.116,0.0,0.0,0.0
9.126,0.0,0.0,0.0
9.136,0.0,0.0,0.0
9.146,-0.002148760268206429,0.002148760268206207,0.0012071561951216836
9.156,0.0,0.0,0.0
9.166,0.0,0.0,0.0
9.177,0.0,0.0,0.0
9.186,0.0,0.0,0.0
9.196,0.0,0.0,0.0
9.206,0.0,0.0,0.0
9.216,0.0,0.0,0.0
9.226,0.0,0.0,0.0
9.236,0.0,0.0,0.0
9.246,-0.0017589108763744754,0.0017589108763746975,0.001077078893909622
9.256,0.0,0.0,0.0
9.266,0.0,0.0,0.0
9.276,0.0,0.0,0.0
9.286,0.0,0.0,0.0
9.296,0.0,0.0,0.0
9.306,0.0,0.0,0.0
9.316,0.0,0.0,0.0
9.326,0.0,0.0,0.0
9.336,0.0,0.0,0.0
9.346,-0.0014397918263873155,0.0014397918263870935,0.0009706015063408735
9.356,0.0,0.0,0.0
9.366,0.0,0.0,0.0
9.377,0.0,0.0,0.0
9.386,0.0,0.0,0.0
9.396,0.0,0.0,0.0
9.406,0.0,0.0,0.0
9.417,0.0,0.0,0.0
9.426,0.0,0.0,0.0
9.436,0.0,0.0,0.0
9.446,0.03076452160084453,0.0012401938726041006,0.0002544934697965573
9.456,0.0,0.0,0.0
9.466,0.0,0.0,0.0
9.476,0.0,0.0,0.0
9.486,0.0,0.0,0.0
9.496,0.0,0.0,0.0
9.506,0.0,0.0,0.0
9.516,0.0,0.0,0.0
9.526,0.0,0.0,0.0
9.537,0.0,0.0,0.0
9.546,0.10672027267643003,0.0015302365764244819,-0.0010552945496486998
9.556,0.0,0.0,0.0
9.566,0.0,0.0,0.0
9.576,0.0,0.0,0.0
9.586,0.0,0.0,0.0
9.596,0.0,0.0,0.0
9.606,0.0,0.0,0.0
9.616,0.0,0.0,0.0
9.626,0.0,0.0,0.0
9.638,0.14078331214439643,0.0020372077171757486,-0.0018682345255225385
9.646,0.0,0.0,0.0
9.656,0.0,0.0,0.0
9.666,0.0,0.0,0.0
9.676,0.0,0.0,0.0
9.686,0.0,0.0,0.0
9.696,0.0,0.0,0.0
9.706,0.0,0.0,0.0
9.716,0.0,0.0,0.0
9.726,0.0,0.0,0.0
9.738,0.0,0.0,0.0
9.746,0.11339131388475898,0.002196535491589602,-0.0021976178244282885
9.756,0.0,0.0,0.0
9.766,0.0,0.0,0.0
9.776,0.0,0.0,0.0
9.786,0.0,0.0,0.0
9.796,0.0,0.0,0.0
9.807,0.0,0.0,0.0
9.816,0.0,0.0,0.0
9.826,0.0,0.0,0.0
9.838,0.0,0.0,0.0
9.846,0.06860346156488661,0.0019880061248416236,-0.0021175466573386537
9.856,0.0,0.0,0.0
9.868,0.0,0.0,0.0
9.876,0.0,0.0,0.0
9.886,0.0,0.0,0.0
9.896,0.0,0.0,0.0
9.906,0.0,0.0,0.0
9.916,0.0,0.0,0.0
9.926,0.0,0.0,0.0
9.936,0.0,0.0,0.0
9.946,0.029360257075086937,0.0016553096497993192,-0.0017945602689937168
9.956,0.0,0.0,0.0
9.967,0.0,0.0,0.0
9.976,0.0,0.0,0.0
9.986,0.0,0.0,0.0
9.996,0.0,0.0,0.0
10.006,0.0,0.0,0.0
10.016,0.0,0.0,0.0
10.029,0.0,0.0,0.0
10.036,0.0,0.0,0.0
10.046,0.007147132413757307,0.0013170527981500868,-0.001342901333794444
10.056,0.0,0.0,0.0
10.066,0.0,0.0,0.0
10.076,0.0,0.0,0.0
10.086,0.0,0.0,0.0
10.096,0.0,0.0,0.0
10.106,0.0,0.0,0.0
10.116,0.0,0.0,0.0
10.126,0.0,0.0,0.0
10.136,0.0,0.0,0.0
10.146,0.010132813363746163,0.0011435450355468113,-0.000881033778401541
10.156,0.0,0.0,0.0
10.166,0.0,0.0,0.0
10.176,0.0,0.0,0.0
10.186,0.0,0.0,0.0
10.196,0.0,0.0,0.0
10.206,0.0,0.0,0.0
10.216,0.0,0.0,0.0
10.23,0.0,0.0,0.0
10.236,0.0,0.0,0.0
10.246,0.02629808247591625,0.0011557465454081761,-0.0004914357222927102
10.256,0.0,0.0,0.0
10.266,0.0,0.0,0.0
10.276,0.0,0.0,0.0
10.286,0.0,0.0,0.0
10.546,0.11882940337991887,0.0035646357028047415,-0.00027925068859024904
10.556,0.0,0.0,0.0
10.566,0.0,0.0,0.0
10.576,0.0,0.0,0.0
10.586,0.0,0.0,0.0
10.598,0.0,0.0,0.0
10.608,0.0,0.0,0.0
10.616,0.0,0.0,0.0
10.629,0.0,0.0,0.0
10.636,0.0,0.0,0.0
10.646,0.024063014869657895,0.000942154470852774,-3.910642704418876e-05
10.656,0.0,0.0,0.0
10.666,0.0,0.0,0.0
10.676,0.0,0.0,0.0
10.956,0.04770218303506446,0.0022742747372117567,-0.0006033196407493335
10.966,0.0,0.0,0.0
10.976,0.0,0.0,0.0
10.986,0.0,0.0,0.0
10.996,0.0,0.0,0.0
11.006,0.0,0.0,0.0
11.016,0.0,0.0,0.0
11.026,0.0,0.0,0.0
11.036,0.0,0.0,0.0
11.046,0.01881295432505825,0.0006863232683376186,-0.00034008026998444407
11.056,0.0,0.0,0.0
11.067,0.0,0.0,0.0
11.076,0.0,0.0,0.0
11.086,0.0,0.0,0.0
11.096,0.0,0.0,0.0
11.106,0.0,0.0,0.0
11.118,0.0,0.0,0.0
11.126,0.0,0.0,0.0
11.136,0.0,0.0,0.0
11.146,0.017988561783450874,0.0005993424468127007,-0.00036492188616987775
11.156,0.0,0.0,0.0
11.167,0.0,0.0,0.0
11.176,0.0,0.0,0.0
11.186,0.0,0.0,0.0
11.196,0.0,0.0,0.0
11.206,0.0,0.0,0.0
11.216,0.0,0.0,0.0
11.226,0.0,0.0,0.0
11.236,0.0,0.0,0.0
11.246,0.016229478631506145,0.0005452227885494043,-0.00035855910845494776
11.256,0.0,0.0,0.0
11.266,0.0,0.0,0.0
11.276,0.0,0.0,0.0
11.286,0.0,0.0,0.0
11.297,0.0,0.0,0.0
11.306,0.0,0.0,0.0
11.316,0.0,0.0,0.0
11.326,0.0,0.0,0.0
11.336,0.0,0.0,0.0
11.346,0.014887243761510294,0.0005077413499567918,-0.00024452556451004526
11.356,0.0,0.0,0.0
11.366,0.0,0.0,0.0
11.376,0.0,0.0,0.0
11.386,0.0,0.0,0.0
11.396,0.0,0.0,0.0
11.406,0.0,0.0,0.0
11.416,0.0,0.0,0.0
11.426,0.0,0.0,0.0
11.436,0.0,0.0,0.0
11.446,0.012186252398095898,0.00041562188022292723,-0.00011122436813026937
11.456,0.0,0.0,0.0
11.466,0.0,0.0,0.0
11.476,0.0,0.0,0.0
11.486,0.0,0.0,0.0
11.496,0.0,0.0,0.0
11.506,0.0,0.0,0.0
11.516,0.0,0.0,0.0
11.526,0.0,0.0,0.0
11.536,0.0,0.0,0.0
11.546,0.009975301666925285,0.0003402156380136745,-2.10799641564563e-06
11.556,0.0,0.0,0.0
11.566,0.0,0.0,0.0
11.576,0.0,0.0,0.0
11.586,0.0,0.0,0.0
11.596,0.0,0.0,0.0
11.606,0.0,0.0,0.0
11.616,0.0,0.0,0.0
11.626,0.0,0.0,0.0
11.636,0.0,0.0,0.0
11.647,0.00816548353796609,0.0002784903438832753,8.721140130063532e-05
11.656,0.0,0.0,0.0
11.666,0.0,0.0,0.0
11.677,0.0,0.0,0.0
11.686,0.0,0.0,0.0
11.696,0.0,0.0,0.0
11.706,0.0,0.0,0.0
11.716,0.0,0.0,0.0
11.726,0.0,0.0,0.0
11.736,0.0,0.0,0.0
11.746,0.006684020557480408,0.00022796386459122964,0.00016032558832446142
11.758,0.0,0.0,0.0
11.766,0.0,0.0,0.0
11.776,0.0,0.0,0.0
11.786,0.0,0.0,0.0
11.796,0.0,0.0,0.0
11.806,0.0,0.0,0.0
11.816,0.0,0.0,0.0
11.826,0.0,0.0,0.0
11.836,0.0,0.0,0.0
11.847,0.005471339278941056,0.00018660440011930568,0.00022017467464463536
11.856,0.0,0.0,0.0
11.866,0.0,0.0,0.0
11.876,0.0,0.0,0.0
11.886,0.0,0.0,0.0
11.896,0.0,0.0,0.0
11.906,0.0,0.0,0.0
11.918,0.0,0.0,0.0
11.926,0.0,0.0,0.0
11.936,0.0,0.0,0.0
11.946,0.004478674661133497,0.00015274877975191004,0.0002691653463466892
11.956,0.0,0.0,0.0
11.966,0.0,0.0,0.0
11.978,0.0,0.0,0.0
11.986,0.0,0.0,0.0
11.996,0.0,0.0,0.0
12.006,0.0,0.0,0.0
12.016,0.0,0.0,0.0
12.026,0.0,0.0,0.0
12.036,0.0,0.0,0.0
12.049,0.003666109100103565,0.00012503558169507656,0.00030926764466965295
12.056,0.0,0.0,0.0
12.067,0.0,0.0,0.0
12.076,0.0,0.0,0.0
12.088,0.0,0.0,0.0
12.096,0.0,0.0,0.0
12.106,0.0,0.0,0.0
12.116,0.0,0.0,0.0
12.126,0.0,0.0,0.0
12.136,0.0,0.0,0.0
12.146,0.003000967239370822,0.00010235038679518027,0.00034209418643582623
12.156,0.0,0.0,0.0
12.166,0.0,0.0,0.0
12.176,0.0,0.0,0.0
12.186,0.0,0.0,0.0
12.196,0.0,0.0,0.0
12.207,0.0,0.0,0.0
12.216,0.0,0.0,0.0
12.227,0.0,0.0,0.0
12.236,0.0,0.0,0.0
12.246,0.0024565020095892454,8.378096486594266e-05,0.00036896501153549366
12.256,0.0,0.0,0.0
12.266,0.0,0.0,0.0
12.277,0.0,0.0,0.0
12.287,0.0,0.0,0.0
12.296,0.0,0.0,0.0
12.306,0.0,0.0,0.0
12.316,0.0,0.0,0.0
12.326,0.0,0.0,0.0
12.336,0.0,0.0,0.0
12.346,0.0020108190599175124,6.858059156855667e-05,0.00039096066513177874
12.356,0.0,0.0,0.0
12.366,0.0,0.0,0.0
12.378,0.0,0.0,0.0
12.386,0.0,0.0,0.0
12.396,0.0,0.0,0.0
12.408,0.0,0.0,0.0
12.416,0.0,0.0,0.0
12.426,0.0,0.0,0.0
12.436,0.0,0.0,0.0
12.446,0.001645996329717625,5.6138020703144775e-05,0.00040896564917414224
12.457,0.0,0.0,0.0
12.466,0.0,0.0,0.0
12.476,0.0,0.0,0.0
12.486,0.0,0.0,0.0
12.496,0.0,0.0,0.0
12.506,0.0,0.0,0.0
12.516,0.0,0.0,0.0
12.526,0.0,0.0,0.0
12.536,0.0,0.0,0.0
12.546,0.03278219983136055,7.962037769249086e-05,0.00034843630590541963
12.556,0.0,0.0,0.0
12.566,0.0,0.0,0.0
12.576,0.0,0.0,0.0
12.587,0.0,0.0,0.0
12.596,0.0,0.0,0.0
12.606,0.0,0.0,0.0
12.616,0.0,0.0,0.0
12.627,0.0,0.0,0.0
12.636,0.10885758748266006,0.00016701588907919174,0.00013864391760165518
12.646,0.0,0.0,0.0
12.656,0.0,0.0,0.0
12.666,0.0,0.0,0.0
12.677,0.0,0.0,0.0
12.686,0.0,0.0,0.0
12.696,0.0,0.0,0.0
12.706,0.0,0.0,0.0
12.716,0.0,0.0,0.0
12.726,0.0,0.0,0.0
12.738,0.0,0.0,0.0
12.746,0.14292948413678727,0.00022665473291527682,-8.773277692553094e-05
12.756,0.0,0.0,0.0
12.766,0.0,0.0,0.0
12.776,0.0,0.0,0.0
12.786,0.0,0.0,0.0
13.079,0.24115707503534586,0.0005525777193644554,-0.001190069485151657
13.086,0.0,0.0,0.0
13.096,0.0,0.0,0.0
13.106,0.0,0.0,0.0
13.116,0.0,0.0,0.0
13.126,0.0,0.0,0.0
13.136,0.0,0.0,0.0
13.146,0.017941938306514527,0.00010443935623460909,-0.0004956352567959676
13.156,0.0,0.0,0.0
13.166,0.0,0.0,0.0
13.176,0.0,0.0,0.0
13.186,0.0,0.0,0.0
13.201,0.0,0.0,0.0
13.206,0.0,0.0,0.0
13.217,0.0,0.0,0.0
13.226,0.0,0.0,0.0
13.236,0.0,0.0,0.0
13.247,0.016323827316907236,9.723321530374918e-05,-0.00045895410501728406
13.256,0.0,0.0,0.0
13.267,0.0,0.0,0.0
13.276,0.0,0.0,0.0
13.286,0.0,0.0,0.0
13.296,0.0,0.0,0.0
13.306,0.0,0.0,0.0
13.316,0.0,0.0,0.0
13.326,0.0,0.0,0.0
13.337,0.0,0.0,0.0
13.347,0.028522947920012878,0.00010884427232582539,-0.0004001309355974314
13.356,0.0,0.0,0.0
13.366,0.0,0.0,0.0
13.376,0.0,0.0,0.0
13.386,0.0,0.0,0.0
13.396,0.0,0.0,0.0
13.406,0.0,0.0,0.0
13.416,0.0,0.0,0.0
13.426,0.0,0.0,0.0
13.436,0.0,0.0,0.0
13.446,0.038736953843978406,0.00010862121144694648,-0.0003235702848476407
13.456,0.0,0.0,0.0
13.466,0.0,0.0,0.0
13.476,0.0,0.0,0.0
13.486,0.0,0.0,0.0
13.496,0.0,0.0,0.0
13.506,0.0,0.0,0.0
13.516,0.0,0.0,0.0
13.526,0.0,0.0,0.0
13.536,0.0,0.0,0.0
13.546,0.04008051709467918,9.762117270173398e-05,-0.0002454269701011036
13.557,0.0,0.0,0.0
13.566,0.0,0.0,0.0
13.576,0.0,0.0,0.0
13.586,0.0,0.0,0.0
13.596,0.0,0.0,0.0
13.606,0.0,0.0,0.0
13.616,0.0,0.0,0.0
13.626,0.0,0.0,0.0
13.636,0.0,0.0,0.0
13.646,0.0352533406003156,8.801229230881447e-05,-0.0001825580589840392
13.656,0.0,0.0,0.0
13.666,0.0,0.0,0.0
13.676,0.0,0.0,0.0
13.686,0.0,0.0,0.0
13.696,0.0,0.0,0.0
13.706,0.0,0.0,0.0
13.716,0.0,0.0,0.0
13.729,0.0,0.0,0.0
13.736,0.0,0.0,0.0
13.746,0.028883232996419567,8.315491698640542e-05,-0.0001415225070031667
13.756,0.0,0.0,0.0
13.766,0.0,0.0,0.0
13.776,0.0,0.0,0.0
13.786,0.0,0.0,0.0
13.796,0.0,0.0,0.0
13.806,0.0,0.0,0.0
13.816,0.0,0.0,0.0
13.826,0.0,0.0,0.0
13.836,0.0,0.0,0.0
13.847,0.02195129375869903,7.537385823885856e-05,-0.00011918312886960436
13.856,0.0,0.0,0.0
13.866,0.0,0.0,0.0
13.876,0.0,0.0,0.0
13.886,0.0,0.0,0.0
13.896,0.0,0.0,0.0
13.906,0.0,0.0,0.0
13.916,0.0,0.0,0.0
13.926,0.0,0.0,0.0
13.938,0.018200883776883364,6.83104934642298e-05,-0.00011228520168771183
13.946,0.0,0.0,0.0
13.956,0.0,0.0,0.0
13.966,0.0,0.0,0.0
13.976,0.0,0.0,0.0
13.986,0.0,0.0,0.0
13.996,0.0,0.0,0.0
14.006,0.0,0.0,0.0
14.016,0.0,0.0,0.0
14.026,0.0,0.0,0.0
14.036,0.0,0.0,0.0
14.046,0.016852223068060113,5.956107679705447e-05,-0.00011474621282392405
14.056,0.0,0.0,0.0
14.066,0.0,0.0,0.0
14.076,0.0,0.0,0.0
14.086,0.0,0.0,0.0
14.096,0.0,0.0,0.0
14.106,0.0,0.0,0.0
14.116,0.0,0.0,0.0
14.126,0.0,0.0,0.0
14.136,0.0,0.0,0.0
14.146,0.017057330530150183,5.2538103315624696e-05,-0.00012114402900875731
14.157,0.0,0.0,0.0
14.166,0.0,0.0,0.0
14.176,0.0,0.0,0.0
14.186,0.0,0.0,0.0
14.198,0.0,0.0,0.0
14.206,0.0,0.0,0.0
14.216,0.0,0.0,0.0
14.226,0.0,0.0,0.0
14.236,0.0,0.0,0.0
14.246,0.018415035644842426,5.223982818391981e-05,-0.000130165432685736
14.259,0.0,0.0,0.0
14.266,0.0,0.0,0.0
14.276,0.0,0.0,0.0
14.286,0.0,0.0,0.0
14.297,0.0,0.0,0.0
14.306,0.0,0.0,0.0
14.316,0.0,0.0,0.0
14.326,0.0,0.0,0.0
14.336,0.0,0.0,0.0
14.346,0.019588728608017858,5.5749533259152884e-05,-0.00013861449636332068
14.356,0.0,0.0,0.0
14.366,0.0,0.0,0.0
14.376,0.0,0.0,0.0
14.386,0.0,0.0,0.0
14.396,0.0,0.0,0.0
14.406,0.0,0.0,0.0
14.416,0.0,0.0,0.0
14.427,0.0,0.0,0.0
14.436,0.0,0.0,0.0
14.447,0.0205411795592767,6.082447563815485e-05,-0.00014102832232110174
14.456,0.0,0.0,0.0
14.466,0.0,0.0,0.0
14.476,0.0,0.0,0.0
14.486,0.0,0.0,0.0
14.496,0.0,0.0,0.0
14.506,0.0,0.0,0.0
14.516,0.0,0.0,0.0
14.526,0.0,0.0,0.0
14.536,0.0,0.0,0.0
14.546,0.018831156183124864,5.6244907949087874e-05,-5.7776052878377726e-05
14.559,0.0,0.0,0.0
14.566,0.0,0.0,0.0
14.576,0.0,0.0,0.0
14.586,0.0,0.0,0.0
14.596,0.0,0.0,0.0
14.606,0.0,0.0,0.0
14.616,0.0,0.0,0.0
14.626,0.0,0.0,0.0
14.636,0.0,0.0,0.0
14.646,0.015414621126096761,4.6040399106495045e-05,4.164319556432261e-05
14.658,0.0,0.0,0.0
14.666,0.0,0.0,0.0
14.676,0.0,0.0,0.0
14.686,0.0,0.0,0.0
14.696,0.0,0.0,0.0
14.706,0.0,0.0,0.0
14.716,0.0,0.0,0.0
14.726,0.0,0.0,0.0
14.736,0.0,0.0,0.0
14.746,0.01261794773249486,3.7687293431121205e-05,0.00012302481825976486
14.758,0.0,0.0,0.0
14.766,0.0,0.0,0.0
14.776,0.0,0.0,0.0
14.786,0.0,0.0,0.0
14.796,0.0,0.0,0.0
14.806,0.0,0.0,0.0
14.817,0.0,0.0,0.0
14.826,0.0,0.0,0.0
14.836,0.0,0.0,0.0
14.846,0.010328674553695294,3.084969100353163e-05,0.0001896413801065755
14.856,0.0,0.0,0.0
14.866,0.0,0.0,0.0
14.876,0.0,0.0,0.0
14.886,0.0,0.0,0.0
14.896,0.0,0.0,0.0
14.906,0.0,0.0,0.0
14.916,0.0,0.0,0.0
14.926,0.0,0.0,0.0
14.936,0.0,0.0,0.0
14.946,0.008454744012088011,2.5252634203276614e-05,0.0002441717048289327
14.956,0.0,0.0,0.0
14.966,0.0,0.0,0.0
14.976,0.0,0.0,0.0
14.986,0.0,0.0,0.0
14.996,0.0,0.0,0.0
15.006,0.0,0.0,0.0
15.016,0.0,0.0,0.0
15.026,0.0,0.0,0.0
15.036,0.0,0.0,0.0
15.046,0.00692080052850258,2.0671050936504898e-05,0.0002888085973959953
15.056,0.0,0.0,0.0
15.066,0.0,0.0,0.0
15.076,0.0,0.0,0.0
15.086,0.0,0.0,0.0
15.096,0.0,0.0,0.0
15.106,0.0,0.0,0.0
15.116,0.0,0.0,0.0
15.126,0.0,0.0,0.0
15.136,0.0,0.0,0.0
15.146,0.005665160280055426,1.6920703931999626e-05,0.00032534702235986757
15.156,0.0,0.0,0.0
15.166,0.0,0.0,0.0
15.176,0.0,0.0,0.0
15.186,0.0,0.0,0.0
15.198,0.0,0.0,0.0
15.206,0.0,0.0,0.0
15.216,0.0,0.0,0.0
15.226,0.0,0.0,0.0
15.236,0.0,0.0,0.0
15.249,0.004637330734579281,1.385078206284085e-05,0.0003552562840050122
15.256,0.0,0.0,0.0
15.266,0.0,0.0,0.0
15.277,0.0,0.0,0.0
15.286,0.0,0.0,0.0
15.296,0.0,0.0,0.0
15.306,0.0,0.0,0.0
15.316,0.0,0.0,0.0
15.326,0.0,0.0,0.0
15.336,0.0,0.0,0.0
15.346,0.003795980215702599,1.1337835857050393e-05,0.0003797391108659731
15.356,0.0,0.0,0.0
15.366,0.0,0.0,0.0
15.377,0.0,0.0,0.0
15.386,0.0,0.0,0.0
15.396,0.0,0.0,0.0
15.406,0.0,0.0,0.0
15.416,0.0,0.0,0.0
15.426,0.0,0.0,0.0
15.436,0.0,0.0,0.0
15.446,0.003107275849565383,9.280813265899468e-06,0.0003997800205426394
15.457,0.0,0.0,0.0
15.466,0.0,0.0,0.0
15.476,0.0,0.0,0.0
15.486,0.0,0.0,0.0
15.496,0.0,0.0,0.0
15.506,0.0,0.0,0.0
15.516,0.0,0.0,0.0
15.526,0.0,0.0,0.0
15.536,0.0,0.0,0.0
15.547,0.002543523057721042,7.596996108416576e-06,0.00041618490968753363
15.556,0.0,0.0,0.0
15.566,0.0,0.0,0.0
15.576,0.0,0.0,0.0
15.586,0.0,0.0,0.0
15.596,0.0,0.0,0.0
15.61,0.0,0.0,0.0
15.616,0.0,0.0,0.0
15.626,0.0,0.0,0.0
15.636,0.0,0.0,0.0
15.646,0.0020820518867231685,6.218673754609938e-06,0.00042961346119740895
15.656,0.0,0.0,0.0
15.666,0.0,0.0,0.0
15.677,0.0,0.0,0.0
15.688,0.0,0.0,0.0
15.696,0.0,0.0,0.0
15.708,0.0,0.0,0.0
15.716,0.0,0.0,0.0
15.726,0.0,0.0,0.0
15.736,0.0,0.0,0.0
15.746,0.03460618119829362,6.144411301756136e-06,0.00035870411361749177
15.756,0.0,0.0,0.0
15.766,0.0,0.0,0.0
15.778,0.0,0.0,0.0
15.786,0.0,0.0,0.0
15.796,0.0,0.0,0.0
15.808,0.0,0.0,0.0
15.817,0.0,0.0,0.0
15.826,0.0,0.0,0.0
15.839,0.0,0.0,0.0
15.846,0.11026522633123104,7.481516849150438e-06,0.00014124408351312567
15.856,0.0,0.0,0.0
15.866,0.0,0.0,0.0
15.876,0.0,0.0,0.0
15.886,0.0,0.0,0.0
15.896,0.0,0.0,0.0
15.906,0.0,0.0,0.0
15.916,0.0,0.0,0.0
15.926,0.0,0.0,0.0
15.936,0.0,0.0,0.0
15.946,0.1437320796734387,8.658678611661585e-06,-8.164373471730713e-05
15.957,0.0,0.0,0.0
15.966,0.0,0.0,0.0
15.976,0.0,0.0,0.0
15.986,0.0,0.0,0.0
15.996,0.0,0.0,0.0
16.007,0.0,0.0,0.0
16.016,0.0,0.0,0.0
16.026,0.0,0.0,0.0
16.036,0.0,0.0,0.0
16.047,0.11976103204575184,8.805763708430447e-06,-0.00026765600127953704
16.056,0.0,0.0,0.0
16.066,0.0,0.0,0.0
16.076,0.0,0.0,0.0
16.086,0.0,0.0,0.0
16.097,0.0,0.0,0.0
16.106,0.0,0.0,0.0
16.116,0.0,0.0,0.0
16.126,0.0,0.0,0.0
16.136,0.0,0.0,0.0
16.146,0.07854658065414066,7.93688494549194e-06,-0.00039289709677081674
16.156,0.0,0.0,0.0
16.169,0.0,0.0,0.0
16.176,0.0,0.0,0.0
16.186,0.0,0.0,0.0
16.196,0.0,0.0,0.0
16.206,0.0,0.0,0.0
16.216,0.0,0.0,0.0
16.226,0.0,0.0,0.0
16.237,0.0,0.0,0.0
16.246,0.03751319244400797,6.4552623892932814e-06,-0.00045145956790415553
16.256,0.0,0.0,0.0
16.266,0.0,0.0,0.0
16.276,0.0,0.0,0.0
16.286,0.0,0.0,0.0
16.296,0.0,0.0,0.0
16.306,0.0,0.0,0.0
16.317,0.0,0.0,0.0
16.326,0.0,0.0,0.0
16.336,0.0,0.0,0.0
16.346,0.011659342827485264,5.085317915876075e-06,-0.00045065973240809853
16.356,0.0,0.0,0.0
16.367,0.0,0.0,0.0
16.377,0.0,0.0,0.0
16.386,0.0,0.0,0.0
16.396,0.0,0.0,0.0
16.406,0.0,0.0,0.0
16.416,0.0,0.0,0.0
16.426,0.0,0.0,0.0
16.436,0.0,0.0,0.0
16.446,0.010890226864101016,4.500830079745555e-06,-0.00040750581097936944
16.456,0.0,0.0,0.0
16.466,0.0,0.0,0.0
16.476,0.0,0.0,0.0
16.486,0.0,0.0,0.0
16.496,0.0,0.0,0.0
16.506,0.0,0.0,0.0
16.516,0.0,0.0,0.0
16.527,0.0,0.0,0.0
16.536,0.0,0.0,0.0
16.546,0.024969159776637495,4.471946067008403e-06,-0.0003402890594310648
16.556,0.0,0.0,0.0
16.566,0.0,0.0,0.0
16.576,0.0,0.0,0.0
16.586,0.0,0.0,0.0
16.596,0.0,0.0,0.0
16.606,0.0,0.0,0.0
16.616,0.0,0.0,0.0
16.626,0.0,0.0,0.0
16.637,0.0,0.0,0.0
16.646,0.03883834258035268,4.620486783846189e-06,-0.00026663567023543777
16.656,0.0,0.0,0.0
16.667,0.0,0.0,0.0
16.676,0.0,0.0,0.0
16.686,0.0,0.0,0.0
16.696,0.0,0.0,0.0
16.706,0.0,0.0,0.0
16.716,0.0,0.0,0.0
16.726,0.0,0.0,0.0
16.736,0.0,0.0,0.0
16.746,0.043086174405458255,4.61677580121389e-06,-0.00019991710207722946
16.756,0.0,0.0,0.0
16.766,0.0,0.0,0.0
16.778,0.0,0.0,0.0
16.786,0.0,0.0,0.0
16.796,0.0,0.0,0.0
16.807,0.0,0.0,0.0
16.816,0.0,0.0,0.0
16.826,0.0,0.0,0.0
16.836,0.0,0.0,0.0
16.846,0.03634575242035254,4.214479732089771e-06,-0.0001472298848392839
16.856,0.0,0.0,0.0
16.866,0.0,0.0,0.0
16.876,0.0,0.0,0.0
16.886,0.0,0.0,0.0
16.896,0.0,0.0,0.0
16.906,0.0,0.0,0.0
16.916,0.0,0.0,0.0
16.932,0.0,0.0,0.0
16.936,0.0,0.0,0.0
16.946,0.02842624100902391,3.95773257455545e-06,-0.0001138562444915614
16.956,0.0,0.0,0.0
16.966,0.0,0.0,0.0
16.976,0.0,0.0,0.0
16.986,0.0,0.0,0.0
16.996,0.0,0.0,0.0
17.006,0.0,0.0,0.0
17.016,0.0,0.0,0.0
17.026,0.0,0.0,0.0
17.036,0.021432759656194733,3.5868973458086373e-06,-9.879668877976755e-05
17.046,0.0,0.0,0.0
17.056,0.0,0.0,0.0
17.066,0.0,0.0,0.0
17.076,0.0,0.0,0.0
17.086,0.0,0.0,0.0
17.096,0.0,0.0,0.0
17.106,0.0,0.0,0.0
17.116,0.0,0.0,0.0
17.126,0.0,0.0,0.0
17.136,0.0,0.0,0.0
17.146,0.016620673201736436,3.006474279088067e-06,-9.53170118722646e-05
17.157,0.0,0.0,0.0
17.166,0.0,0.0,0.0
17.176,0.0,0.0,0.0
17.186,0.0,0.0,0.0
17.196,0.0,0.0,0.0
17.206,0.0,0.0,0.0
17.216,0.0,0.0,0.0
17.226,0.0,0.0,0.0
17.236,0.0,0.0,0.0
17.246,0.0162120575746858,2.6847507827998385e-06,-9.962901739068997e-05
17.259,0.0,0.0,0.0
17.266,0.0,0.0,0.0
17.276,0.0,0.0,0.0
17.286,0.0,0.0,0.0
17.296,0.0,0.0,0.0
17.306,0.0,0.0,0.0
17.316,0.0,0.0,0.0
17.326,0.0,0.0,0.0
17.337,0.0,0.0,0.0
17.346,0.019188015093380084,2.7978261323280407e-06,-0.00010951386923618855
17.358,0.0,0.0,0.0
17.366,0.0,0.0,0.0
17.376,0.0,0.0,0.0
17.386,0.0,0.0,0.0
17.396,0.0,0.0,0.0
17.406,0.0,0.0,0.0
17.416,0.0,0.0,0.0
17.426,0.0,0.0,0.0
17.436,0.0,0.0,0.0
17.446,0.022075886368018383,3.029964591672041e-06,-0.0001206299258669219
17.457,0.0,0.0,0.0
17.466,0.0,0.0,0.0
17.476,0.0,0.0,0.0
17.486,0.0,0.0,0.0
17.496,0.0,0.0,0.0
17.506,0.0,0.0,0.0
17.516,0.0,0.0,0.0
17.526,0.0,0.0,0.0
17.536,0.0,0.0,0.0
17.546,0.02348394826721978,3.201757880377798e-06,-0.00012590956433822242
17.557,0.0,0.0,0.0
17.566,0.0,0.0,0.0
17.576,0.0,0.0,0.0
17.586,0.0,0.0,0.0
17.596,0.0,0.0,0.0
17.606,0.0,0.0,0.0
17.616,0.0,0.0,0.0
17.626,0.0,0.0,0.0
17.636,0.0,0.0,0.0
17.646,0.021353843915395743,2.920312685894544e-06,-4.509418063092241e-05
17.657,0.0,0.0,0.0
17.666,0.0,0.0,0.0
17.676,0.0,0.0,0.0
17.686,0.0,0.0,0.0
17.696,0.0,0.0,0.0
17.706,0.0,0.0,0.0
17.719,0.0,0.0,0.0
17.726,0.0,0.0,0.0
17.736,0.0,0.0,0.0
17.747,0.017479617838686012,2.390480605241052e-06,5.202419681760162e-05
17.756,0.0,0.0,0.0
17.766,0.0,0.0,0.0
17.776,0.0,0.0,0.0
17.786,0.0,0.0,0.0
17.796,0.0,0.0,0.0
17.806,0.0,0.0,0.0
17.816,0.0,0.0,0.0
17.826,0.0,0.0,0.0
17.836,0.0,0.0,0.0
17.846,0.014308292267989353,1.956775913081188e-06,0.00013152239533864574
17.856,0.0,0.0,0.0
17.866,0.0,0.0,0.0
17.876,0.0,0.0,0.0
17.886,0.0,0.0,0.0
18.186,0.029147646441294306,3.9861788836415e-06,0.00073993222978741
18.196,0.0,0.0,0.0
18.206,0.0,0.0,0.0
18.216,0.0,0.0,0.0
18.226,0.0,0.0,0.0
18.236,0.0,0.0,0.0
18.246,0.006424085021631276,8.785461329541278e-07,0.000329162233609015
18.256,0.0,0.0,0.0
18.266,0.0,0.0,0.0
18.276,0.0,0.0,0.0
18.606,0.013086604285975634,1.7897000961220044e-06,0.0011425474420505566
18.616,0.0,0.0,0.0
18.626,0.0,0.0,0.0
18.636,0.0,0.0,0.0
18.648,0.0028842623278995116,3.944464475047482e-07,0.0004178978493607488
18.656,0.0,0.0,0.0
18.666,0.0,0.0,0.0
18.678,0.0,0.0,0.0
18.686,0.0,0.0,0.0
18.696,0.0,0.0,0.0
18.706,0.0,0.0,0.0
18.716,0.0,0.0,0.0
18.726,0.0,0.0,0.0
18.736,0.0,0.0,0.0
18.746,0.0023609708602312374,3.228820613099259e-07,0.0004310156223699124
18.756,0.0,0.0,0.0
18.766,0.0,0.0,0.0
18.778,0.0,0.0,0.0
19.106,0.0035098141639753333,-0.2846728246464676,0.0004201860820782777
19.116,0.0,0.0,0.0
19.126,0.0,0.0,0.0
19.136,0.0,0.0,0.0
19.146,0.0008567442373532685,-0.11834267655127018,-0.00026322565322889346
19.156,0.0,0.0,0.0
19.167,0.0,0.0,0.0
19.177,0.0,0.0,0.0
19.186,0.0,0.0,0.0
19.196,0.0,0.0,0.0
19.206,0.0,0.0,0.0
19.216,0.0,0.0,0.0
19.226,0.0,0.0,0.0
19.236,0.0,0.0,0.0
19.246,0.0010574321546092946,-0.07576656753901179,-0.0003873512798069356
19.256,0.0,0.0,0.0
19.266,0.0,0.0,0.0
19.276,0.0,0.0,0.0
19.596,0.0028208876052919774,-0.04897576009221549,-0.0012708366233735724
19.606,0.0,0.0,0.0
19.616,0.0,0.0,0.0
19.626,0.0,0.0,0.0
19.636,0.0,0.0,0.0
19.646,0.0005238386220820512,-0.017551988735840296,-0.00030430439590833913
19.656,0.0,0.0,0.0
19.669,0.0,0.0,0.0
19.676,0.0,0.0,0.0
19.686,0.0,0.0,0.0
19.696,0.0,0.0,0.0
19.706,0.0,0.0,0.0
19.716,0.0,0.0,0.0
19.726,0.0,0.0,0.0
19.736,0.0,0.0,0.0
19.746,0.0006194860724872964,-0.03636888081174061,-0.00023472918735834014
19.756,0.0,0.0,0.0
19.766,0.0,0.0,0.0
19.776,0.0,0.0,0.0
19.786,0.0,0.0,0.0
19.796,0.0,0.0,0.0
19.806,0.0,0.0,0.0
19.817,0.0,0.0,0.0
19.827,0.0,0.0,0.0
19.836,0.0,0.0,0.0
19.846,0.0007228337178470934,-0.044549602243180164,-0.00017656947589816951
19.856,0.0,0.0,0.0
19.867,0.0,0.0,0.0
19.876,0.0,0.0,0.0
19.886,0.0,0.0,0.0
19.896,0.0,0.0,0.0
19.906,0.0,0.0,0.0
19.916,0.0,0.0,0.0
19.926,0.0,0.0,0.0
19.937,0.0,0.0,0.0
19.946,0.0007217503076861753,-0.03836816578845881,-0.00013325401999120245
19.956,0.0,0.0,0.0
19.966,0.0,0.0,0.0
19.976,0.0,0.0,0.0
19.986,0.0,0.0,0.0
19.996,0.0,0.0,0.0
20.006,0.0,0.0,0.0
20.016,0.0,0.0,0.0
20.027,0.0,0.0,0.0
20.036,0.0,0.0,0.0
20.046,0.0006238009210357554,-0.025193495345185113,-0.00010614209196635471
20.056,0.0,0.0,0.0
20.066,0.0,0.0,0.0
20.076,0.0,0.0,0.0
20.086,0.0,0.0,0.0
20.096,0.0,0.0,0.0
20.106,0.0,0.0,0.0
20.116,0.0,0.0,0.0
20.126,0.0,0.0,0.0
20.136,0.0,0.0,0.0
20.146,0.000554013473939019,-0.01759565355968884,-9.663415777527717e-05
20.156,0.0,0.0,0.0
20.166,0.0,0.0,0.0
20.176,0.0,0.0,0.0
20.186,0.0,0.0,0.0
20.196,0.0,0.0,0.0
20.206,0.0,0.0,0.0
20.216,0.0,0.0,0.0
20.226,0.0,0.0,0.0
20.236,0.0,0.0,0.0
20.246,0.00047433746183322967,-0.01493430364592585,-9.85291026123214e-05
20.256,0.0,0.0,0.0
20.266,0.0,0.0,0.0
20.276,0.0,0.0,0.0
20.286,0.0,0.0,0.0
20.296,0.0,0.0,0.0
20.306,0.0,0.0,0.0
20.316,0.0,0.0,0.0
20.326,0.0,0.0,0.0
20.336,0.0,0.0,0.0
20.349,0.0004569990899188081,-0.017502020280236952,-0.00010748430715290525
20.356,0.0,0.0,0.0
20.366,0.0,0.0,0.0
20.376,0.0,0.0,0.0
20.386,0.0,0.0,0.0
20.396,0.0,0.0,0.0
20.406,0.0,0.0,0.0
20.416,0.0,0.0,0.0
20.426,0.0,0.0,0.0
20.436,0.0,0.0,0.0
20.446,0.0004461190622568889,-0.020336087859242902,-0.00011870139125358392
20.456,0.0,0.0,0.0
20.466,0.0,0.0,0.0
20.476,0.0,0.0,0.0
20.486,0.0,0.0,0.0
20.496,0.0,0.0,0.0
20.506,0.0,0.0,0.0
20.516,0.0,0.0,0.0
20.526,0.0,0.0,0.0
20.536,0.0,0.0,0.0
20.546,0.0004385671554658632,-0.021351167566275753,-0.00012843202558743272
20.556,0.0,0.0,0.0
20.566,0.0,0.0,0.0
20.577,0.0,0.0,0.0
20.586,0.0,0.0,0.0
20.596,0.0,0.0,0.0
20.606,0.0,0.0,0.0
20.616,0.0,0.0,0.0
20.626,0.0,0.0,0.0
20.636,0.0,0.0,0.0
20.646,0.0003972553826392389,-0.01896314062353388,-0.00013332725437642523
20.656,0.0,0.0,0.0
20.666,0.0,0.0,0.0
20.676,0.0,0.0,0.0
20.686,0.0,0.0,0.0
20.696,0.0,0.0,0.0
20.706,0.0,0.0,0.0
20.716,0.0,0.0,0.0
20.726,0.0,0.0,0.0
20.736,0.0,0.0,0.0
20.746,0.0003488443938102215,-0.015464036383055713,-0.00012804284140477407
20.756,0.0,0.0,0.0
20.767,0.0,0.0,0.0
20.776,0.0,0.0,0.0
20.786,0.0,0.0,0.0
20.796,0.0,0.0,0.0
20.806,0.0,0.0,0.0
20.816,0.0,0.0,0.0
20.826,0.0,0.0,0.0
20.836,0.0,0.0,0.0
20.846,0.0003180284724377813,-0.013902010335191117,-4.3295009954924524e-05
20.856,0.0,0.0,0.0
20.866,0.0,0.0,0.0
20.876,0.0,0.0,0.0
20.886,0.0,0.0,0.0
20.896,0.0,0.0,0.0
20.906,0.0,0.0,0.0
20.916,0.0,0.0,0.0
20.926,0.0,0.0,0.0
20.936,0.0,0.0,0.0
20.946,0.00026032859385982654,-0.011379769788118166,5.349694410883288e-05
20.957,0.0,0.0,0.0
20.966,0.0,0.0,0.0
20.976,0.0,0.0,0.0
20.986,0.0,0.0,0.0
20.996,0.0,0.0,0.0
21.006,0.0,0.0,0.0
21.016,0.0,0.0,0.0
21.026,0.0,0.0,0.0
21.037,0.00021309719932438576,-0.00931513912795423,0.00013272794222141115
21.046,0.0,0.0,0.0
21.057,0.0,0.0,0.0
21.066,0.0,0.0,0.0
21.076,0.0,0.0,0.0
21.086,0.0,0.0,0.0
21.096,0.0,0.0,0.0
21.106,0.0,0.0,0.0
21.116,0.0,0.0,0.0
21.126,0.0,0.0,0.0
21.136,0.0,0.0,0.0
21.146,0.0001744349926613431,-0.007625094232025065,0.00019758406711201104
21.156,0.0,0.0,0.0
21.167,0.0,0.0,0.0
21.176,0.0,0.0,0.0
21.186,0.0,0.0,0.0
21.196,0.0,0.0,0.0
21.206,0.0,0.0,0.0
21.216,0.0,0.0,0.0
21.226,0.0,0.0,0.0
21.236,0.0,0.0,0.0
21.246,0.00014278726685046372,-0.006241674037135159,0.0002506733508109704
21.256,0.0,0.0,0.0
21.266,0.0,0.0,0.0
21.276,0.0,0.0,0.0
21.286,0.0,0.0,0.0
21.296,0.0,0.0,0.0
21.306,0.0,0.0,0.0
21.318,0.0,0.0,0.0
21.326,0.0,0.0,0.0
21.336,0.0,0.0,0.0
21.346,0.00011688138522703007,-0.005109247649979554,0.0002941306503014829
21.356,0.0,0.0,0.0
21.367,0.0,0.0,0.0
21.376,0.0,0.0,0.0
21.386,0.0,0.0,0.0
21.736,0.00023810090179821053,-0.010408128467979116,0.0010711840546258067
21.746,5.2476979228943677e-05,-0.0022939314269851963,0.0004021694964961853
21.756,0.0,0.0,0.0
21.766,0.0,0.0,0.0
21.776,0.0,0.0,0.0
21.786,0.0,0.0,0.0
21.796,0.0,0.0,0.0
21.806,0.0,0.0,0.0
21.816,0.0,0.0,0.0
21.826,0.0,0.0,0.0
21.836,0.0,0.0,0.0
21.846,4.2956085372525266e-05,-0.0018777436442232176,0.000418140863226224
21.856,0.0,0.0,0.0
21.866,0.0,0.0,0.0
21.879,0.0,0.0,0.0
21.886,0.0,0.0,0.0
22.656,-0.512157620093711,-0.022616021305953027,-0.0013645757296236738
22.668,0.0,0.0,0.0
22.676,0.0,0.0,0.0
22.686,0.0,0.0,0.0
22.696,0.0,0.0,0.0
22.706,0.0,0.0,0.0
22.716,0.0,0.0,0.0
22.726,0.0,0.0,0.0
22.738,0.0,0.0,0.0
22.746,-0.02938300871068733,-0.002191168843884317,-0.00030804697617048404
22.756,0.0,0.0,0.0
22.766,0.0,0.0,0.0
22.776,0.0,0.0,0.0
22.786,0.0,0.0,0.0
22.796,0.0,0.0,0.0
22.806,0.0,0.0,0.0
22.816,0.0,0.0,0.0
22.826,0.0,0.0,0.0
22.838,0.0,0.0,0.0
22.846,-0.04207532465875585,-0.002233095242678451,-0.00023772640043162596
22.856,0.0,0.0,0.0
22.866,0.0,0.0,0.0
22.876,0.0,0.0,0.0
22.886,0.0,0.0,0.0
22.896,0.0,0.0,0.0
22.906,0.0,0.0,0.0
22.917,0.0,0.0,0.0
22.926,0.0,0.0,0.0
22.936,0.0,0.0,0.0
22.946,-0.04335331604868753,-0.0021082829723230723,-0.00017459934868480076
22.956,0.0,0.0,0.0
22.967,0.0,0.0,0.0
22.976,0.0,0.0,0.0
22.987,0.0,0.0,0.0
23.596,-0.12937133731420203,-0.008662443836796263,-0.0005532680897224473
23.606,0.0,0.0,0.0
23.966,-0.07006166008319625,-0.00431737219154843,-0.000346850757075412
23.976,0.0,0.0,0.0
23.986,0.0,0.0,0.0
23.996,0.0,0.0,0.0
24.006,0.0,0.0,0.0
24.016,0.0,0.0,0.0
24.026,0.0,0.0,0.0
24.036,0.0,0.0,0.0
24.046,-0.011466713285240182,-0.0007382751642063812,6.610697040088098e-05
24.056,0.0,0.0,0.0
24.066,0.0,0.0,0.0
24.076,0.0,0.0,0.0
24.346,-0.023359021357817977,-0.0015039519084203423,0.0006066734423479936
24.357,0.0,0.0,0.0
24.718,-0.012812156999363555,-0.0008249004817032501,0.0009967461290272261
24.726,0.0,0.0,0.0
25.098,-0.040741998105125854,-0.000589229842277994,0.001570269377917377
25.107,0.0,0.0,0.0
25.447,-0.46211583891209285,-0.0011331453493833576,-0.0004316286793235591
25.456,0.0,0.0,0.0
25.836,-0.06427102376452712,-0.00045754724597368845,-0.0011665677038030786
25.847,-0.020168890158673028,-0.00010778585576443067,-0.00029295699298925726
25.856,0.0,0.0,0.0
25.866,0.0,0.0,0.0
25.877,0.0,0.0,0.0
25.886,0.0,0.0,0.0
25.896,0.0,0.0,0.0
25.906,0.0,0.0,0.0
25.916,0.0,0.0,0.0
25.926,0.0,0.0,0.0
25.936,0.0,0.0,0.0
25.946,-0.03584174924637487,-0.000130390236771305,-0.00021994162432337205
25.96,0.0,0.0,0.0
25.968,0.0,0.0,0.0
25.978,0.0,0.0,0.0
25.986,0.0,0.0,0.0
25.996,0.0,0.0,0.0
26.006,0.0,0.0,0.0
26.016,0.0,0.0,0.0
26.026,0.0,0.0,0.0
26.036,0.0,0.0,0.0
26.046,-0.0434509169965631,-0.00015023416327281103,-0.00015679701737791873
26.056,0.0,0.0,0.0
26.066,0.0,0.0,0.0
26.076,0.0,0.0,0.0
26.086,0.0,0.0,0.0
26.096,0.0,0.0,0.0
26.106,0.0,0.0,0.0
26.116,0.0,0.0,0.0
26.126,0.0,0.0,0.0
26.137,0.0,0.0,0.0
26.146,-0.044925415918402406,-0.0001698537548753265,-0.00011755931524115582
26.156,0.0,0.0,0.0
26.166,0.0,0.0,0.0
26.176,0.0,0.0,0.0
26.186,0.0,0.0,0.0
26.196,0.0,0.0,0.0
26.206,0.0,0.0,0.0
26.216,0.0,0.0,0.0
26.226,0.0,0.0,0.0
26.236,0.0,0.0,0.0
26.246,-0.035727774626864994,-0.0001555572794562643,-9.617624801094848e-05
26.256,0.0,0.0,0.0
26.268,0.0,0.0,0.0
26.276,0.0,0.0,0.0
26.286,0.0,0.0,0.0
26.296,0.0,0.0,0.0
26.306,0.0,0.0,0.0
26.316,0.0,0.0,0.0
26.326,0.0,0.0,0.0
26.336,0.0,0.0,0.0
26.346,-0.02299839286451244,-0.00011952214045546361,-8.79932398527572e-05
26.356,0.0,0.0,0.0
26.366,0.0,0.0,0.0
26.376,0.0,0.0,0.0
26.386,0.0,0.0,0.0
26.396,0.0,0.0,0.0
26.406,0.0,0.0,0.0
26.416,0.0,0.0,0.0
26.428,0.0,0.0,0.0
26.436,0.0,0.0,0.0
26.446,-0.015112260203737904,-8.802156115766957e-05,-8.973076331697527e-05
26.456,0.0,0.0,0.0
26.466,0.0,0.0,0.0
26.476,0.0,0.0,0.0
26.486,0.0,0.0,0.0
26.496,0.0,0.0,0.0
26.506,0.0,0.0,0.0
26.516,0.0,0.0,0.0
26.526,0.0,0.0,0.0
26.537,0.0,0.0,0.0
26.546,-0.013961179224286469,-7.437405723920154e-05,-9.663464076936634e-05
26.556,0.0,0.0,0.0
26.566,0.0,0.0,0.0
26.576,0.0,0.0,0.0
26.586,0.0,0.0,0.0
26.596,0.0,0.0,0.0
26.606,0.0,0.0,0.0
26.617,0.0,0.0,0.0
26.626,0.0,0.0,0.0
26.636,0.0,0.0,0.0
26.646,-0.01675907715806013,-7.540009164258565e-05,-0.00010536912849445912
26.656,0.0,0.0,0.0
26.667,0.0,0.0,0.0
26.676,0.0,0.0,0.0
26.686,0.0,0.0,0.0
26.696,0.0,0.0,0.0
26.706,0.0,0.0,0.0
26.716,0.0,0.0,0.0
26.726,0.0,0.0,0.0
26.736,0.0,0.0,0.0
26.746,-0.018774475696455906,-7.69562098901222e-05,-0.00011179313019171744
26.756,0.0,0.0,0.0
26.767,0.0,0.0,0.0
26.776,0.0,0.0,0.0
26.786,0.0,0.0,0.0
26.797,0.0,0.0,0.0
26.806,0.0,0.0,0.0
26.816,0.0,0.0,0.0
26.826,0.0,0.0,0.0
26.836,0.0,0.0,0.0
26.846,-0.01872142517713299,-7.657966096458191e-05,-0.00011495882753820297
26.856,0.0,0.0,0.0
26.868,0.0,0.0,0.0
26.877,0.0,0.0,0.0
26.886,0.0,0.0,0.0
26.896,0.0,0.0,0.0
26.906,0.0,0.0,0.0
26.916,0.0,0.0,0.0
26.926,0.0,0.0,0.0
26.936,0.0,0.0,0.0
26.946,-0.017160701406820744,-7.376188443591891e-05,-0.00011001386992903761
26.956,0.0,0.0,0.0
26.969,0.0,0.0,0.0
26.976,0.0,0.0,0.0
26.986,0.0,0.0,0.0
27.257,-0.038843625835186746,-0.00016887416739808092,0.00017992638594854782
27.266,0.0,0.0,0.0
27.276,0.0,0.0,0.0
27.286,0.0,0.0,0.0
27.296,0.0,0.0,0.0
27.306,0.0,0.0,0.0
27.316,0.0,0.0,0.0
27.326,0.0,0.0,0.0
27.337,-0.008561060167112888,-3.721954057273047e-05,0.00020573802642154249
27.347,0.0,0.0,0.0
27.358,0.0,0.0,0.0
27.366,0.0,0.0,0.0
27.377,0.0,0.0,0.0
27.386,0.0,0.0,0.0
27.396,0.0,0.0,0.0
27.406,0.0,0.0,0.0
27.416,0.0,0.0,0.0
27.426,0.0,0.0,0.0
27.436,0.0,0.0,0.0
27.446,-0.007007827752606111,-3.046680250751166e-05,0.00025734793797660416
27.456,0.0,0.0,0.0
27.466,0.0,0.0,0.0
27.476,0.0,0.0,0.0
27.486,0.0,0.0,0.0
27.496,0.0,0.0,0.0
27.506,0.0,0.0,0.0
27.516,0.0,0.0,0.0
27.527,0.0,0.0,0.0
27.536,0.0,0.0,0.0
27.546,-0.005736398162327405,-2.4939213132346705e-05,0.00029959426769021746
27.557,0.0,0.0,0.0
27.566,0.0,0.0,0.0
27.576,0.0,0.0,0.0
27.586,0.0,0.0,0.0
27.886,-0.011685706606376411,-5.080406195828724e-05,0.0010823140752385108
27.896,0.0,0.0,0.0
27.906,0.0,0.0,0.0
27.916,0.0,0.0,0.0
28.276,-0.1635101493380519,-4.809466796895645e-05,0.0013157954214806367
28.286,0.0,0.0,0.0
28.68,-0.4075279215267902,-7.364034406115438e-05,-0.0009717122366117437
28.686,0.0,0.0,0.0
28.696,0.0,0.0,0.0
28.708,0.0,0.0,0.0
28.716,0.0,0.0,0.0
28.726,0.0,0.0,0.0
28.736,0.0,0.0,0.0
28.746,-0.00904967777143073,-7.591676353446708e-06,-0.00038957012894691445
28.756,0.0,0.0,0.0
28.766,0.0,0.0,0.0
28.776,0.0,0.0,0.0
28.786,0.0,0.0,0.0
28.796,0.0,0.0,0.0
28.806,0.0,0.0,0.0
28.818,0.0,0.0,0.0
28.826,0.0,0.0,0.0
28.836,0.0,0.0,0.0
28.846,-0.005625475962597992,-7.156964801802168e-06,-0.00035578519770984585
28.856,0.0,0.0,0.0
28.866,0.0,0.0,0.0
28.877,0.0,0.0,0.0
28.886,0.0,0.0,0.0
28.896,0.0,0.0,0.0
28.906,0.0,0.0,0.0
28.916,0.0,0.0,0.0
28.926,0.0,0.0,0.0
28.936,0.0,0.0,0.0
28.946,-0.02085499491259979,-8.704020548588876e-06,-0.0003015782225852526
28.956,0.0,0.0,0.0
28.966,0.0,0.0,0.0
28.976,0.0,0.0,0.0
28.986,0.0,0.0,0.0
28.996,0.0,0.0,0.0
29.007,0.0,0.0,0.0
29.016,0.0,0.0,0.0
29.026,0.0,0.0,0.0
29.036,0.0,0.0,0.0
29.046,-0.03717568788404657,-1.036355552114232e-05,-0.00023967476197750415
29.056,0.0,0.0,0.0
29.066,0.0,0.0,0.0
29.076,0.0,0.0,0.0
29.087,0.0,0.0,0.0
29.096,0.0,0.0,0.0
29.106,0.0,0.0,0.0
29.116,0.0,0.0,0.0
29.126,0.0,0.0,0.0
29.136,0.0,0.0,0.0
29.146,-0.04351289672534331,-1.0680127660034344e-05,-0.00018458092203799126
29.156,0.0,0.0,0.0
29.168,0.0,0.0,0.0
29.176,0.0,0.0,0.0
29.186,0.0,0.0,0.0
29.196,0.0,0.0,0.0
29.206,0.0,0.0,0.0
29.216,0.0,0.0,0.0
29.226,0.0,0.0,0.0
29.236,0.0,0.0,0.0
29.248,-0.0392930598901029,-9.725994581877284e-06,-0.000141808484762862
29.256,0.0,0.0,0.0
29.266,0.0,0.0,0.0
29.276,0.0,0.0,0.0
29.286,0.0,0.0,0.0
29.296,0.0,0.0,0.0
29.306,0.0,0.0,0.0
29.316,0.0,0.0,0.0
29.326,0.0,0.0,0.0
29.337,0.0,0.0,0.0
29.346,-0.027217875341911446,-7.54573340561171e-06,-0.00011169870808780402
29.356,0.0,0.0,0.0
29.366,0.0,0.0,0.0
29.376,0.0,0.0,0.0
29.386,0.0,0.0,0.0
29.396,0.0,0.0,0.0
29.406,0.0,0.0,0.0
29.416,0.0,0.0,0.0
29.426,0.0,0.0,0.0
29.438,0.0,0.0,0.0
29.446,-0.01442589319093801,-5.096758986355976e-06,-9.26561519301039e-05
29.456,0.0,0.0,0.0
29.466,0.0,0.0,0.0
29.476,0.0,0.0,0.0
29.486,0.0,0.0,0.0
29.496,0.0,0.0,0.0
29.506,0.0,0.0,0.0
29.516,0.0,0.0,0.0
29.526,0.0,0.0,0.0
29.536,0.0,0.0,0.0
29.546,-0.010763473234399079,-4.411200827503237e-06,-8.475717136713357e-05
29.556,0.0,0.0,0.0
29.566,0.0,0.0,0.0
29.576,0.0,0.0,0.0
29.586,0.0,0.0,0.0
29.596,0.0,0.0,0.0
29.606,0.0,0.0,0.0
29.616,0.0,0.0,0.0
29.626,0.0,0.0,0.0
29.636,0.0,0.0,0.0
29.646,-0.01432510339132298,-5.011977738611506e-06,-8.630485827554324e-05
29.656,0.0,0.0,0.0
29.666,0.0,0.0,0.0
29.676,0.0,0.0,0.0
29.686,0.0,0.0,0.0
29.696,0.0,0.0,0.0
29.707,0.0,0.0,0.0
29.716,0.0,0.0,0.0
29.726,0.0,0.0,0.0
29.736,0.0,0.0,0.0
29.746,-0.0189395932791665,-5.648211758080279e-06,-9.208000490357193e-05
29.756,0.0,0.0,0.0
29.768,0.0,0.0,0.0
29.776,0.0,0.0,0.0
29.786,0.0,0.0,0.0
29.796,0.0,0.0,0.0
29.806,0.0,0.0,0.0
29.816,0.0,0.0,0.0
29.826,0.0,0.0,0.0
29.836,0.0,0.0,0.0
29.846,-0.020606066406954726,-5.6537760266262005e-06,-9.868270553692327e-05
29.856,0.0,0.0,0.0
29.868,0.0,0.0,0.0
29.876,0.0,0.0,0.0
29.886,0.0,0.0,0.0
29.896,0.0,0.0,0.0
29.906,0.0,0.0,0.0
29.916,0.0,0.0,0.0
29.926,0.0,0.0,0.0
29.936,0.0,0.0,0.0
29.948,-0.019464975469764223,-5.2629585287622405e-06,-9.973920299222172e-05
29.956,0.0,0.0,0.0
29.966,0.0,0.0,0.0
29.976,0.0,0.0,0.0
29.986,0.0,0.0,0.0
29.996,0.0,0.0,0.0
30.006,0.0,0.0,0.0
30.016,0.0,0.0,0.0
30.026,0.0,0.0,0.0
30.036,0.0,0.0,0.0
30.046,-0.017720231100556205,-4.8226471921486436e-06,-2.163959659284842e-05
30.056,0.0,0.0,0.0
30.066,0.0,0.0,0.0
30.076,0.0,0.0,0.0
30.086,0.0,0.0,0.0
30.096,0.0,0.0,0.0
30.106,0.0,0.0,0.0
30.116,0.0,0.0,0.0
30.126,0.0,0.0,0.0
30.136,0.0,0.0,0.0
30.146,-0.014505251086320614,-3.947674724225081e-06,7.122341767606954e-05
30.156,0.0,0.0,0.0
30.166,0.0,0.0,0.0
30.176,0.0,0.0,0.0
30.186,0.0,0.0,0.0
30.197,0.0,0.0,0.0
30.206,0.0,0.0,0.0
30.216,0.0,0.0,0.0
30.226,0.0,0.0,0.0
30.236,0.0,0.0,0.0
30.246,-0.011873564621322608,-3.231448436169515e-06,0.00014723830320173548
30.256,0.0,0.0,0.0
30.267,0.0,0.0,0.0
30.276,0.0,0.0,0.0
30.286,0.0,0.0,0.0
30.296,0.0,0.0,0.0
30.306,0.0,0.0,0.0
30.316,0.0,0.0,0.0
30.327,0.0,0.0,0.0
30.337,0.0,0.0,0.0
30.346,-0.009719344806770724,-2.6451670226412816e-06,0.00020946181454295498
30.359,0.0,0.0,0.0
30.366,0.0,0.0,0.0
30.376,0.0,0.0,0.0
30.386,0.0,0.0,0.0
30.396,0.0,0.0,0.0
30.406,0.0,0.0,0.0
30.416,0.0,0.0,0.0
30.429,0.0,0.0,0.0
30.436,0.0,0.0,0.0
30.446,-0.00795596490907502,-2.1652545956207803e-06,0.0002603961195419835
30.456,0.0,0.0,0.0
30.466,0.0,0.0,0.0
30.476,0.0,0.0,0.0
30.486,0.0,0.0,0.0
30.496,0.0,0.0,0.0
30.506,0.0,0.0,0.0
30.516,0.0,0.0,0.0
30.526,0.0,0.0,0.0
30.536,0.0,0.0,0.0
30.546,-0.006512514875524733,-1.7724126394891293e-06,0.0003020894179330824
30.558,0.0,0.0,0.0
30.567,0.0,0.0,0.0
30.576,0.0,0.0,0.0
30.586,0.0,0.0,0.0
30.596,0.0,0.0,0.0
30.606,0.0,0.0,0.0
30.616,0.0,0.0,0.0
30.627,0.0,0.0,0.0
30.636,0.0,0.0,0.0
30.646,-0.005330949858206369,-1.4508439655225303e-06,0.0003362183047608269
30.656,0.0,0.0,0.0
30.666,0.0,0.0,0.0
30.676,0.0,0.0,0.0
30.686,0.0,0.0,0.0
30.696,0.0,0.0,0.0
30.706,0.0,0.0,0.0
30.716,0.0,0.0,0.0
30.726,0.0,0.0,0.0
30.736,0.0,0.0,0.0
30.746,-0.004363756081004588,-1.1876174690894636e-06,0.0003641551905686491
30.757,0.0,0.0,0.0
30.766,0.0,0.0,0.0
30.776,0.0,0.0,0.0
30.786,0.0,0.0,0.0
30.796,0.0,0.0,0.0
30.806,0.0,0.0,0.0
30.816,0.0,0.0,0.0
30.826,0.0,0.0,0.0
30.837,-0.003572040188146275,-9.721481332714e-07,0.00038702348957508903
30.846,0.0,0.0,0.0
30.856,0.0,0.0,0.0
30.866,0.0,0.0,0.0
30.876,0.0,0.0,0.0
30.886,0.0,0.0,0.0
30.896,0.0,0.0,0.0
30.906,0.0,0.0,0.0
30.916,0.0,0.0,0.0
30.926,0.0,0.0,0.0
30.936,0.0,0.0,0.0
30.946,-0.0029239652420720574,-7.957713801798327e-07,0.0004057427950434622
30.956,0.0,0.0,0.0
30.966,0.0,0.0,0.0
30.976,0.0,0.0,0.0
30.986,0.0,0.0,0.0
30.997,0.0,0.0,0.0
31.006,0.0,0.0,0.0
31.016,0.0,0.0,0.0
31.026,0.0,0.0,0.0
31.036,0.0,0.0,0.0
31.046,-0.0023934704780790295,-6.51394646833392e-07,0.0004210658585215299
31.057,0.0,0.0,0.0
31.066,0.0,0.0,0.0
31.076,0.0,0.0,0.0
31.086,0.0,0.0,0.0
31.096,0.0,0.0,0.0
31.106,0.0,0.0,0.0
31.119,0.0,0.0,0.0
31.126,0.0,0.0,0.0
31.136,0.0,0.0,0.0
31.146,-0.0019592233337830667,-5.33212171527353e-07,0.0004336088599026233
31.156,0.0,0.0,0.0
31.166,0.0,0.0,0.0
31.176,0.0,0.0,0.0
31.186,0.0,0.0,0.0
31.196,0.0,0.0,0.0
31.206,0.0,0.0,0.0
31.216,0.0,0.0,0.0
31.226,0.0,0.0,0.0
31.236,0.0,0.0,0.0
31.246,-0.0018498644441837797,-0.03062385798754441,0.00036648367751324074
31.256,0.0,0.0,0.0
31.266,0.0,0.0,0.0
31.276,0.0,0.0,0.0
31.286,0.0,0.0,0.0
31.296,0.0,0.0,0.0
31.307,0.0,0.0,0.0
31.316,0.0,0.0,0.0
31.326,0.0,0.0,0.0
31.336,0.0,0.0,0.0
31.346,-0.0024520732541624124,-0.1066163117944936,0.00014808192072157667
31.356,0.0,0.0,0.0
31.366,0.0,0.0,0.0
31.376,0.0,0.0,0.0
31.386,0.0,0.0,0.0
31.397,0.0,0.0,0.0
31.406,0.0,0.0,0.0
31.416,0.0,0.0,0.0
31.426,0.0,0.0,0.0
31.436,0.0,0.0,0.0
31.446,-0.0031936027274017675,-0.14248189621275603,-7.491524863567633e-05
31.456,0.0,0.0,0.0
31.466,0.0,0.0,0.0
31.476,0.0,0.0,0.0
31.486,0.0,0.0,0.0
31.496,0.0,0.0,0.0
31.506,0.0,0.0,0.0
31.519,0.0,0.0,0.0
31.526,0.0,0.0,0.0
31.537,0.0,0.0,0.0
31.546,-0.0034089278343074625,-0.1194086941949356,-0.0002617857294318071
31.557,0.0,0.0,0.0
31.567,0.0,0.0,0.0
31.576,0.0,0.0,0.0
31.587,0.0,0.0,0.0
32.316,-0.013805808068333647,-0.23694111130745138,-0.002481013666074894
32.327,0.0,0.0,0.0
32.336,0.0,0.0,0.0
32.346,-0.0016391459728375413,-0.03698214429227592,-0.00014258505274566957
32.356,0.0,0.0,0.0
32.366,0.0,0.0,0.0
32.377,0.0,0.0,0.0
32.386,0.0,0.0,0.0
32.396,0.0,0.0,0.0
32.408,0.0,0.0,0.0
32.416,0.0,0.0,0.0
32.426,0.0,0.0,0.0
32.436,0.0,0.0,0.0
32.446,-0.001450658725878906,-0.026976570019046048,-0.00010959469506044428
32.456,0.0,0.0,0.0
32.466,0.0,0.0,0.0
32.476,0.0,0.0,0.0
32.486,0.0,0.0,0.0
32.496,0.0,0.0,0.0
32.506,0.0,0.0,0.0
32.517,0.0,0.0,0.0
32.526,0.0,0.0,0.0
32.536,0.0,0.0,0.0
32.546,-0.001209404419772353,-0.01812457220794758,-9.332846642218229e-05
32.556,0.0,0.0,0.0
32.566,0.0,0.0,0.0
32.576,0.0,0.0,0.0
32.587,0.0,0.0,0.0
32.596,0.0,0.0,0.0
32.607,0.0,0.0,0.0
32.616,0.0,0.0,0.0
32.626,0.0,0.0,0.0
32.638,0.0,0.0,0.0
32.646,-0.0010363446433487855,-0.014523336176508861,-9.042692490313087e-05
32.656,0.0,0.0,0.0
32.666,0.0,0.0,0.0
32.676,0.0,0.0,0.0
32.687,0.0,0.0,0.0
32.696,0.0,0.0,0.0
32.708,0.0,0.0,0.0
32.717,0.0,0.0,0.0
32.726,0.0,0.0,0.0
32.738,0.0,0.0,0.0
32.746,-0.0009746126482177431,-0.015713690491748256,-9.613456943569076e-05
32.756,0.0,0.0,0.0
32.766,0.0,0.0,0.0
32.776,0.0,0.0,0.0
32.786,0.0,0.0,0.0
32.796,0.0,0.0,0.0
32.806,0.0,0.0,0.0
32.817,0.0,0.0,0.0
32.826,0.0,0.0,0.0
32.838,0.0,0.0,0.0
32.846,-0.0009967443696772271,-0.018738498217344912,-0.00010599952174716876
32.856,0.0,0.0,0.0
32.866,0.0,0.0,0.0
32.876,0.0,0.0,0.0
32.886,0.0,0.0,0.0
32.896,0.0,0.0,0.0
32.906,0.0,0.0,0.0
32.916,0.0,0.0,0.0
32.926,0.0,0.0,0.0
32.937,0.0,0.0,0.0
32.946,-0.0009623809473171541,-0.01961386802088355,-0.00011517150540418797
32.956,0.0,0.0,0.0
32.966,0.0,0.0,0.0
32.976,0.0,0.0,0.0
32.986,0.0,0.0,0.0
32.996,0.0,0.0,0.0
33.006,0.0,0.0,0.0
33.016,0.0,0.0,0.0
33.026,0.0,0.0,0.0
33.036,0.0,0.0,0.0
33.046,-0.0008906797049086368,-0.01828318231906828,-0.0001164377699165442
33.056,0.0,0.0,0.0
33.068,0.0,0.0,0.0
33.076,0.0,0.0,0.0
33.086,0.0,0.0,0.0
33.096,0.0,0.0,0.0
33.106,0.0,0.0,0.0
33.116,0.0,0.0,0.0
33.126,0.0,0.0,0.0
33.136,0.0,0.0,0.0
33.147,-0.0008158437403695817,-0.01660890402093801,-3.536652191593603e-05
33.158,0.0,0.0,0.0
33.166,0.0,0.0,0.0
33.176,0.0,0.0,0.0
33.186,0.0,0.0,0.0
33.196,0.0,0.0,0.0
33.206,0.0,0.0,0.0
33.216,0.0,0.0,0.0
33.226,0.0,0.0,0.0
33.236,0.0,0.0,0.0
33.246,-0.0006678252802743145,-0.013595551983786147,5.998696724240915e-05
33.256,0.0,0.0,0.0
33.266,0.0,0.0,0.0
33.276,0.0,0.0,0.0
33.286,0.0,0.0,0.0
33.296,0.0,0.0,0.0
33.306,0.0,0.0,0.0
33.316,0.0,0.0,0.0
33.326,0.0,0.0,0.0
33.336,0.0,0.0,0.0
33.346,-0.0005466617967460063,-0.01112891214921935,0.00013804048101073718
33.356,0.0,0.0,0.0
33.366,0.0,0.0,0.0
33.376,0.0,0.0,0.0
33.386,0.0,0.0,0.0
33.396,0.0,0.0,0.0
33.406,0.0,0.0,0.0
33.416,0.0,0.0,0.0
33.428,0.0,0.0,0.0
33.436,0.0,0.0,0.0
33.446,-0.0004474809936783064,-0.009109794569043539,0.00020193275244606568
33.456,0.0,0.0,0.0
33.466,0.0,0.0,0.0
33.476,0.0,0.0,0.0
33.486,0.0,0.0,0.0
33.496,0.0,0.0,0.0
33.506,0.0,0.0,0.0
33.516,0.0,0.0,0.0
33.527,0.0,0.0,0.0
33.537,0.0,0.0,0.0
33.546,-0.0003662945552362906,-0.00745700531888871,0.0002542330545352023
33.556,0.0,0.0,0.0
33.566,0.0,0.0,0.0
33.576,0.0,0.0,0.0
33.586,0.0,0.0,0.0
33.596,0.0,0.0,0.0
33.606,0.0,0.0,0.0
33.616,0.0,0.0,0.0
33.626,0.0,0.0,0.0
33.636,0.0,0.0,0.0
33.646,-0.0002998377653824491,-0.0061040814811444966,0.00029704451728473913
33.656,0.0,0.0,0.0
33.666,0.0,0.0,0.0
33.676,0.0,0.0,0.0
33.686,0.0,0.0,0.0
33.696,0.0,0.0,0.0
33.706,0.0,0.0,0.0
33.716,0.0,0.0,0.0
33.726,0.0,0.0,0.0
33.736,0.0,0.0,0.0
33.746,-0.0002454382252341514,-0.00499661849966454,0.00033208870000933643
33.758,0.0,0.0,0.0
33.766,0.0,0.0,0.0
33.776,0.0,0.0,0.0
33.786,0.0,0.0,0.0
33.797,0.0,0.0,0.0
33.806,0.0,0.0,0.0
33.817,0.0,0.0,0.0
33.826,0.0,0.0,0.0
33.836,0.0,0.0,0.0
33.846,-0.00020090838900377328,-0.004090082432272435,0.00036077481965390845
33.856,0.0,0.0,0.0
33.866,0.0,0.0,0.0
33.876,0.0,0.0,0.0
33.886,0.0,0.0,0.0
33.896,0.0,0.0,0.0
33.906,0.0,0.0,0.0
33.916,0.0,0.0,0.0
33.926,0.0,0.0,0.0
33.936,0.0,0.0,0.0
33.946,-0.00016445759715577601,-0.003348019126116264,0.0003842564190623676
33.956,0.0,0.0,0.0
33.966,0.0,0.0,0.0
33.976,0.0,0.0,0.0
33.986,0.0,0.0,0.0
33.997,0.0,0.0,0.0
34.006,0.0,0.0,0.0
34.016,0.0,0.0,0.0
34.026,0.0,0.0,0.0
34.036,0.0,0.0,0.0
34.046,-0.00013462006935949233,-0.002740588302181046,0.0004034777538994838
34.057,0.0,0.0,0.0
34.066,0.0,0.0,0.0
34.076,0.0,0.0,0.0
34.086,0.0,0.0,0.0
34.096,0.0,0.0,0.0
34.106,0.0,0.0,0.0
34.116,0.0,0.0,0.0
34.126,0.0,0.0,0.0
34.136,0.0,0.0,0.0
34.146,-0.00011019596167760604,-0.002243363600721804,0.00041921176359638324
34.156,0.0,0.0,0.0
34.166,0.0,0.0,0.0
34.176,0.0,0.0,0.0
34.186,0.0,0.0,0.0
34.196,0.0,0.0,0.0
34.206,0.0,0.0,0.0
34.216,0.0,0.0,0.0
34.226,0.0,0.0,0.0
34.236,0.0,0.0,0.0
34.246,-9.020311776786194e-05,-0.0018363503343569731,0.00043209115326270364
34.256,0.0,0.0,0.0
34.266,0.0,0.0,0.0
34.276,0.0,0.0,0.0
34.286,0.0,0.0,0.0
34.296,0.0,0.0,0.0
34.306,0.0,0.0,0.0
34.316,0.0,0.0,0.0
34.326,0.0,0.0,0.0
34.336,0.0,0.0,0.0
34.347,0.03124764674062175,-0.0018810453963933327,0.0003641084632324265
34.356,0.0,0.0,0.0
34.366,0.0,0.0,0.0
34.376,0.0,0.0,0.0
34.386,0.0,0.0,0.0
34.396,0.0,0.0,0.0
34.406,0.0,0.0,0.0
34.419,0.0,0.0,0.0
34.426,0.0,0.0,0.0
34.436,0.0,0.0,0.0
34.446,0.10768249625152793,-0.0028858459614307663,0.00015035816421260506
34.456,0.0,0.0,0.0
34.469,0.0,0.0,0.0
34.476,0.0,0.0,0.0
34.486,0.0,0.0,0.0
34.496,0.0,0.0,0.0
34.506,0.0,0.0,0.0
34.518,0.0,0.0,0.0
34.526,0.0,0.0,0.0
34.536,0.0,0.0,0.0
34.546,0.1430142514173458,-0.0038743906820097873,-6.55702989820206e-05
34.556,0.0,0.0,0.0
34.566,0.0,0.0,0.0
34.577,0.0,0.0,0.0
34.586,0.0,0.0,0.0
34.596,0.0,0.0,0.0
34.606,0.0,0.0,0.0
34.619,0.0,0.0,0.0
34.626,0.0,0.0,0.0
34.636,0.0,0.0,0.0
34.646,0.12593687760310612,-0.004232229295208889,-0.00024794991723853244
34.657,0.0,0.0,0.0
34.666,0.0,0.0,0.0
34.676,0.0,0.0,0.0
34.686,0.0,0.0,0.0
34.696,0.0,0.0,0.0
34.706,0.0,0.0,0.0
34.716,0.0,0.0,0.0
34.726,0.0,0.0,0.0
34.736,0.0,0.0,0.0
34.746,0.0861300995156945,-0.003686479457817027,-0.00037370207596154614
34.757,0.0,0.0,0.0
34.766,0.0,0.0,0.0
34.776,0.0,0.0,0.0
34.786,0.0,0.0,0.0
34.796,0.0,0.0,0.0
34.806,0.0,0.0,0.0
34.816,0.0,0.0,0.0
34.826,0.0,0.0,0.0
34.836,0.0,0.0,0.0
34.849,0.045751016715543935,-0.002886733208877723,-0.00043949077190674757
34.856,0.0,0.0,0.0
34.866,0.0,0.0,0.0
34.876,0.0,0.0,0.0
34.886,0.0,0.0,0.0
34.897,0.0,0.0,0.0
34.906,0.0,0.0,0.0
34.916,0.0,0.0,0.0
34.926,0.0,0.0,0.0
34.936,0.01845550786371397,-0.0021749707900002857,-0.000449879297761413
34.946,0.0,0.0,0.0
34.956,0.0,0.0,0.0
34.966,0.0,0.0,0.0
34.976,0.0,0.0,0.0
34.986,0.0,0.0,0.0
34.996,0.0,0.0,0.0
35.007,0.0,0.0,0.0
35.016,0.0,0.0,0.0
35.026,0.0,0.0,0.0
35.036,0.0,0.0,0.0
35.046,0.005207999090692472,-0.0013274869469416806,-0.0004032918918004391
35.056,0.0,0.0,0.0
35.066,0.0,0.0,0.0
35.076,0.0,0.0,0.0
35.086,0.0,0.0,0.0
35.096,0.0,0.0,0.0
35.106,0.0,0.0,0.0
35.118,0.0,0.0,0.0
35.126,0.0,0.0,0.0
35.136,0.0,0.0,0.0
35.146,0.012827365001969793,-0.0011856453388558452,-0.00033179190170296025
35.156,0.0,0.0,0.0
35.166,0.0,0.0,0.0
35.176,0.0,0.0,0.0
35.186,0.0,0.0,0.0
35.196,0.0,0.0,0.0
35.206,0.0,0.0,0.0
35.216,0.0,0.0,0.0
35.226,0.0,0.0,0.0
35.236,0.0,0.0,0.0
35.246,0.028286855793864474,-0.001510613003011252,-0.0002607850740949935
35.256,0.0,0.0,0.0
35.266,0.0,0.0,0.0
35.276,0.0,0.0,0.0
35.286,0.0,0.0,0.0
35.297,0.0,0.0,0.0
35.307,0.0,0.0,0.0
35.316,0.0,0.0,0.0
35.326,0.0,0.0,0.0
35.336,0.0,0.0,0.0
35.346,0.037985617726330356,-0.0018189618868050816,-0.00019727932570345885
35.356,0.0,0.0,0.0
35.366,0.0,0.0,0.0
35.377,0.0,0.0,0.0
35.386,0.0,0.0,0.0
35.396,0.0,0.0,0.0
35.408,0.0,0.0,0.0
35.416,0.0,0.0,0.0
35.426,0.0,0.0,0.0
35.436,0.0,0.0,0.0
35.446,0.03733818989671722,-0.0018872612682520051,-0.00014924268938854013
35.456,0.0,0.0,0.0
35.466,0.0,0.0,0.0
35.476,0.0,0.0,0.0
35.486,0.0,0.0,0.0
35.496,0.0,0.0,0.0
35.508,0.0,0.0,0.0
35.516,0.0,0.0,0.0
35.526,0.0,0.0,0.0
35.536,0.0,0.0,0.0
35.546,0.029001242935740357,-0.001676990549047186,-0.00011821841574510827
35.556,0.0,0.0,0.0
35.566,0.0,0.0,0.0
35.577,0.0,0.0,0.0
35.586,0.0,0.0,0.0
35.596,0.0,0.0,0.0
35.606,0.0,0.0,0.0
35.616,0.0,0.0,0.0
35.626,0.0,0.0,0.0
35.636,0.0,0.0,0.0
35.646,0.01961571520420735,-0.001350093615380632,-0.0001031108369851097
35.656,0.0,0.0,0.0
35.666,0.0,0.0,0.0
35.676,0.0,0.0,0.0
35.686,0.0,0.0,0.0
35.696,0.0,0.0,0.0
35.708,0.0,0.0,0.0
35.716,0.0,0.0,0.0
35.726,0.0,0.0,0.0
35.736,0.0,0.0,0.0
35.746,0.013827643642560283,-0.0010656554645472327,-0.00010006385098204618
35.756,0.0,0.0,0.0
35.766,0.0,0.0,0.0
35.776,0.0,0.0,0.0
35.787,0.0,0.0,0.0
35.796,0.0,0.0,0.0
35.806,0.0,0.0,0.0
35.817,0.0,0.0,0.0
35.827,0.0,0.0,0.0
35.836,0.0,0.0,0.0
35.846,0.012986438605746997,-0.0009263689153621857,-0.00010463674468308426
35.856,0.0,0.0,0.0
35.866,0.0,0.0,0.0
35.876,0.0,0.0,0.0
35.887,0.0,0.0,0.0
35.896,0.0,0.0,0.0
35.906,0.0,0.0,0.0
35.916,0.0,0.0,0.0
35.926,0.0,0.0,0.0
35.936,0.0,0.0,0.0
35.946,0.015300342338248063,-0.000932867229977874,-0.00011276257160641734
35.956,0.0,0.0,0.0
35.966,0.0,0.0,0.0
35.976,0.0,0.0,0.0
35.986,0.0,0.0,0.0
35.996,0.0,0.0,0.0
36.006,0.0,0.0,0.0
36.016,0.0,0.0,0.0
36.026,0.0,0.0,0.0
36.036,0.0,0.0,0.0
36.046,0.018732749001624804,-0.0010697773995879123,-0.00012269221793737017
36.056,0.0,0.0,0.0
36.066,0.0,0.0,0.0
36.076,0.0,0.0,0.0
36.086,0.0,0.0,0.0
36.096,0.0,0.0,0.0
36.106,0.0,0.0,0.0
36.116,0.0,0.0,0.0
36.126,0.0,0.0,0.0
36.138,0.0,0.0,0.0
36.146,0.018994610547900748,-0.001076721447135054,-0.0001241471093216262
36.156,0.0,0.0,0.0
36.166,0.0,0.0,0.0
36.176,0.0,0.0,0.0
36.186,0.0,0.0,0.0
36.196,0.0,0.0,0.0
36.206,0.0,0.0,0.0
36.216,0.0,0.0,0.0
36.226,0.0,0.0,0.0
36.236,0.0,0.0,0.0
36.246,0.017333419165758812,-0.000987175828571052,-4.207207578721395e-05
36.256,0.0,0.0,0.0
36.266,0.0,0.0,0.0
36.276,0.0,0.0,0.0
36.286,0.0,0.0,0.0
36.296,0.0,0.0,0.0
36.306,0.0,0.0,0.0
36.316,0.0,0.0,0.0
36.326,0.0,0.0,0.0
36.336,0.0,0.0,0.0
36.346,0.014188618407798614,-0.0008080726023557694,5.4498001436975585e-05
36.356,0.0,0.0,0.0
36.366,0.0,0.0,0.0
36.376,0.0,0.0,0.0
36.386,0.0,0.0,0.0
36.396,0.0,0.0,0.0
36.406,0.0,0.0,0.0
36.416,0.0,0.0,0.0
36.426,0.0,0.0,0.0
36.436,0.0,0.0,0.0
36.446,0.011614378582604945,-0.0006614640591666165,0.0001335473777999141
36.456,0.0,0.0,0.0
36.466,0.0,0.0,0.0
36.476,0.0,0.0,0.0
36.486,0.0,0.0,0.0
36.496,0.0,0.0,0.0
36.506,0.0,0.0,0.0
36.516,0.0,0.0,0.0
36.526,0.0,0.0,0.0
36.537,0.009507182868907393,-0.0005414546914396245,0.00019825483256941112
36.546,0.0,0.0,0.0
36.556,0.0,0.0,0.0
36.566,0.0,0.0,0.0
36.576,0.0,0.0,0.0
36.586,0.0,0.0,0.0
36.596,0.0,0.0,0.0
36.606,0.0,0.0,0.0
36.616,0.0,0.0,0.0
36.626,0.0,0.0,0.0
36.636,0.0,0.0,0.0
36.646,0.0077822954934686495,-0.0004432186130434723,0.0002512224193456092
36.656,0.0,0.0,0.0
36.667,0.0,0.0,0.0
36.677,0.0,0.0,0.0
36.686,0.0,0.0,0.0
36.696,0.0,0.0,0.0
36.706,0.0,0.0,0.0
36.718,0.0,0.0,0.0
36.726,0.0,0.0,0.0
36.736,0.0,0.0,0.0
36.746,0.006370354287148938,-0.0003628054979554207,0.00029458010138316837
36.756,0.0,0.0,0.0
36.766,0.0,0.0,0.0
36.776,0.0,0.0,0.0
36.786,0.0,0.0,0.0
36.796,0.0,0.0,0.0
36.806,0.0,0.0,0.0
36.816,0.0,0.0,0.0
36.826,0.0,0.0,0.0
36.836,0.0,0.0,0.0
36.846,0.005214581453230838,-0.0002969817274663389,0.00033007140286800407
36.856,0.0,0.0,0.0
36.866,0.0,0.0,0.0
36.876,0.0,0.0,0.0
36.886,0.0,0.0,0.0
36.896,0.0,0.0,0.0
36.906,0.0,0.0,0.0
36.916,0.0,0.0,0.0
36.927,0.0,0.0,0.0
36.936,0.0,0.0,0.0
36.946,0.004268500385799734,-0.00024310035803143393,0.00035912352056355346
36.956,0.0,0.0,0.0
36.966,0.0,0.0,0.0
36.976,0.0,0.0,0.0
36.986,0.0,0.0,0.0
36.997,0.0,0.0,0.0
37.006,0.0,0.0,0.0
37.016,0.0,0.0,0.0
37.026,0.0,0.0,0.0
37.037,0.003494066725582279,-0.00019899468084882965,0.0003829047150269993
37.046,0.0,0.0,0.0
37.056,0.0,0.0,0.0
37.066,0.0,0.0,0.0
37.076,0.0,0.0,0.0
37.086,0.0,0.0,0.0
37.096,0.0,0.0,0.0
37.106,0.0,0.0,0.0
37.116,0.0,0.0,0.0
37.126,0.0,0.0,0.0
37.136,0.0,0.0,0.0
37.146,0.0028601384981563616,-0.0001628910929081795,0.0004023712894087872
37.156,0.0,0.0,0.0
37.166,0.0,0.0,0.0
37.176,0.0,0.0,0.0
37.186,0.0,0.0,0.0
37.196,0.0,0.0,0.0
37.206,0.0,0.0,0.0
37.216,0.0,0.0,0.0
37.226,0.0,0.0,0.0
37.236,0.0,0.0,0.0
37.246,0.002341223814858573,-0.00013333777584212392,0.00041830604486658984
37.258,0.0,0.0,0.0
37.266,0.0,0.0,0.0
37.276,0.0,0.0,0.0
37.286,0.0,0.0,0.0
37.296,0.0,0.0,0.0
37.306,0.0,0.0,0.0
37.316,0.0,0.0,0.0
37.326,0.0,0.0,0.0
37.336,0.0,0.0,0.0
37.346,0.001916455778204984,-0.00010914631456587776,0.0004313497590016091
37.358,0.0,0.0,0.0
37.366,0.0,0.0,0.0
37.376,0.0,0.0,0.0
37.386,0.0,0.0,0.0
37.397,0.0,0.0,0.0
37.406,0.0,0.0,0.0
37.416,0.0,0.0,0.0
37.426,0.0,0.0,0.0
37.436,0.0,0.0,0.0
37.446,0.03445929296730971,-0.00011961797760001724,0.00036073338099829044
37.456,0.0,0.0,0.0
37.466,0.0,0.0,0.0
37.476,0.0,0.0,0.0
37.486,0.0,0.0,0.0
37.496,0.0,0.0,0.0
37.506,0.0,0.0,0.0
37.519,0.0,0.0,0.0
37.528,0.0,0.0,0.0
37.536,0.0,0.0,0.0
37.546,0.11044033071301124,-0.00018577858570995032,0.00015040429571699931
37.558,0.0,0.0,0.0
37.566,0.0,0.0,0.0
37.576,0.0,0.0,0.0
37.586,0.0,0.0,0.0
37.596,0.0,0.0,0.0
37.606,0.0,0.0,0.0
37.616,0.0,0.0,0.0
37.626,0.0,0.0,0.0
37.636,0.0,0.0,0.0
37.647,0.14730018228350567,-0.00023898756926399312,-6.550809272987124e-05
37.658,0.0,0.0,0.0
37.668,0.0,0.0,0.0
37.676,0.0,0.0,0.0
37.686,0.0,0.0,0.0
37.996,0.27358252695576696,-0.0006360196671125751,-0.0010637087447529225
38.006,0.0,0.0,0.0
38.416,0.07550913626696996,-0.00038850371783055726,-0.0015038593815530632
38.426,0.0,0.0,0.0
38.856,0.12948793884024096,-0.00040520045768255297,-0.0006396041548870635
38.866,0.0,0.0,0.0
38.876,0.0,0.0,0.0
38.886,0.0,0.0,0.0
38.896,0.0,0.0,0.0
38.907,0.0,0.0,0.0
38.916,0.0,0.0,0.0
38.926,0.0,0.0,0.0
38.936,0.0,0.0,0.0
38.946,0.01835954694803915,-7.215392081233452e-05,-9.228238842640124e-05
38.956,0.0,0.0,0.0
38.966,0.0,0.0,0.0
38.976,0.0,0.0,0.0
38.986,0.0,0.0,0.0
38.996,0.0,0.0,0.0
39.01,0.0,0.0,0.0
39.016,0.0,0.0,0.0
39.026,0.0,0.0,0.0
39.038,0.0,0.0,0.0
39.046,0.01841518740399245,-6.412543222361622e-05,-0.00010475227269690635
39.056,0.0,0.0,0.0
39.066,0.0,0.0,0.0
39.078,0.0,0.0,0.0
39.086,0.0,0.0,0.0
39.096,0.0,0.0,0.0
39.106,0.0,0.0,0.0
39.116,0.0,0.0,0.0
39.126,0.0,0.0,0.0
39.136,0.018283057048068374,-5.824972882345625e-05,-0.00011726970200554021
39.146,0.0,0.0,0.0
39.156,0.0,0.0,0.0
39.166,0.0,0.0,0.0
39.176,0.0,0.0,0.0
39.186,0.0,0.0,0.0
39.196,0.0,0.0,0.0
39.207,0.0,0.0,0.0
39.216,0.0,0.0,0.0
39.226,0.0,0.0,0.0
39.236,0.0,0.0,0.0
39.246,0.016661107774605832,-5.1739845020104536e-05,-0.00011789728890443385
39.256,0.0,0.0,0.0
39.266,0.0,0.0,0.0
39.278,0.0,0.0,0.0
39.286,0.0,0.0,0.0
39.297,0.0,0.0,0.0
39.306,0.0,0.0,0.0
39.316,0.0,0.0,0.0
39.326,0.0,0.0,0.0
39.336,0.0,0.0,0.0
39.346,0.014742139426322243,-4.5942616098471056e-05,-3.013970821452716e-05
39.356,0.0,0.0,0.0
39.366,0.0,0.0,0.0
39.376,0.0,0.0,0.0
39.387,0.0,0.0,0.0
39.396,0.0,0.0,0.0
39.406,0.0,0.0,0.0
39.416,0.0,0.0,0.0
39.426,0.0,0.0,0.0
39.436,0.0,0.0,0.0
39.446,0.01206747433004135,-3.760725118590047e-05,6.426548058469095e-05
39.456,0.0,0.0,0.0
39.466,0.0,0.0,0.0
39.476,0.0,0.0,0.0
39.486,0.0,0.0,0.0
39.496,0.0,0.0,0.0
39.507,0.0,0.0,0.0
39.516,0.0,0.0,0.0
39.526,0.0,0.0,0.0
39.536,0.0,0.0,0.0
39.546,0.009878073493606587,-3.078417081719964e-05,0.00014154274403876954
39.556,0.0,0.0,0.0
39.567,0.0,0.0,0.0
39.576,0.0,0.0,0.0
39.586,0.0,0.0,0.0
39.596,0.0,0.0,0.0
39.606,0.0,0.0,0.0
39.616,0.0,0.0,0.0
39.626,0.0,0.0,0.0
39.638,0.0,0.0,0.0
39.646,0.008085895463824044,-2.5199001336573268e-05,0.0002047996001937058
39.656,0.0,0.0,0.0
39.666,0.0,0.0,0.0
39.676,0.0,0.0,0.0
39.686,0.0,0.0,0.0
39.696,0.0,0.0,0.0
39.706,0.0,0.0,0.0
39.716,0.0,0.0,0.0
39.726,0.0,0.0,0.0
39.736,0.0,0.0,0.0
39.746,0.006618872140828069,-2.062714867739901e-05,0.0002565797703413253
39.756,0.0,0.0,0.0
39.767,0.0,0.0,0.0
39.776,0.0,0.0,0.0
39.786,0.0,0.0,0.0
39.796,0.0,0.0,0.0
39.806,0.0,0.0,0.0
39.816,0.0,0.0,0.0
39.826,0.0,0.0,0.0
39.836,0.0,0.0,0.0
39.847,0.005418010733954759,-1.6884766855740363e-05,0.000298965468642276
39.856,0.0,0.0,0.0
39.869,0.0,0.0,0.0
39.876,0.0,0.0,0.0
39.886,0.0,0.0,0.0
39.896,0.0,0.0,0.0
39.906,0.0,0.0,0.0
39.916,0.0,0.0,0.0
39.926,0.0,0.0,0.0
39.936,0.0,0.0,0.0
39.946,0.0044350215095067536,-1.3821365047739231e-05,0.0003336611333248918
39.956,0.0,0.0,0.0
39.966,0.0,0.0,0.0
39.976,0.0,0.0,0.0
39.986,0.0,0.0,0.0
39.996,0.0,0.0,0.0
40.006,0.0,0.0,0.0
40.016,0.0,0.0,0.0
40.028,0.0,0.0,0.0
40.036,0.0,0.0,0.0
40.046,0.0036303759360459265,-1.1313755968300754e-05,0.00036206196652877054
40.056,0.0,0.0,0.0
40.069,0.0,0.0,0.0
40.078,0.0,0.0,0.0
40.086,0.0,0.0,0.0
40.096,0.0,0.0,0.0
40.106,0.0,0.0,0.0
40.116,0.0,0.0,0.0
40.126,0.0,0.0,0.0
40.136,0.0,0.0,0.0
40.146,0.002971717140214436,-9.261102189961345e-06,0.0003853100389905606
40.156,0.0,0.0,0.0
40.167,0.0,0.0,0.0
40.176,0.0,0.0,0.0
40.186,0.0,0.0,0.0
40.516,0.0060537315637787525,-1.886593642586032e-05,0.0012569270164264346
40.526,0.0,0.0,0.0
40.537,0.0,0.0,0.0
40.546,0.030672566427858483,-6.106044353582085e-06,0.0003675616671969806
40.556,0.0,0.0,0.0
40.566,0.0,0.0,0.0
40.576,0.0,0.0,0.0
40.586,0.0,0.0,0.0
40.596,0.0,0.0,0.0
40.606,0.0,0.0,0.0
40.616,0.0,0.0,0.0
40.626,0.0,0.0,0.0
40.636,0.0,0.0,0.0
40.646,0.10646047950650817,-1.2304019425646295e-05,0.00014159765293175752
40.66,0.0,0.0,0.0
40.666,0.0,0.0,0.0
40.676,0.0,0.0,0.0
40.686,0.0,0.0,0.0
40.696,0.0,0.0,0.0
40.706,0.0,0.0,0.0
40.716,0.0,0.0,0.0
40.726,0.0,0.0,0.0
40.736,0.0,0.0,0.0
40.746,0.14569859314920564,-1.8501857628749896e-05,-8.858866848937552e-05
40.758,0.0,0.0,0.0
40.766,0.0,0.0,0.0
40.776,0.0,0.0,0.0
40.786,0.0,0.0,0.0
40.796,0.0,0.0,0.0
40.806,0.0,0.0,0.0
40.816,0.0,0.0,0.0
40.828,0.0,0.0,0.0
40.836,0.0,0.0,0.0
40.846,0.13307876326650137,-2.0983936746765686e-05,-0.0002751778870164756
40.856,0.0,0.0,0.0
40.866,0.0,0.0,0.0
40.876,0.0,0.0,0.0
40.886,0.0,0.0,0.0
40.896,0.0,0.0,0.0
40.906,0.0,0.0,0.0
40.916,0.0,0.0,0.0
40.926,0.0,0.0,0.0
40.936,0.0,0.0,0.0
40.946,0.09293503086467714,-1.820817684961007e-05,-0.0003998941609100193
40.956,0.0,0.0,0.0
40.966,0.0,0.0,0.0
40.976,0.0,0.0,0.0
40.986,0.0,0.0,0.0
40.996,0.0,0.0,0.0
41.006,0.0,0.0,0.0
41.016,0.0,0.0,0.0
41.026,0.0,0.0,0.0
41.036,0.0,0.0,0.0
41.046,0.052309086667542415,-1.3539539623574903e-05,-0.000459353314269606
41.056,0.0,0.0,0.0
41.066,0.0,0.0,0.0
41.076,0.0,0.0,0.0
41.086,0.0,0.0,0.0
41.096,0.0,0.0,0.0
41.106,0.0,0.0,0.0
41.116,0.0,0.0,0.0
41.126,0.0,0.0,0.0
41.136,0.0,0.0,0.0
41.146,0.025570546534501748,-1.0556143941242713e-05,-0.0004652645159484159
41.156,0.0,0.0,0.0
41.166,0.0,0.0,0.0
41.176,0.0,0.0,0.0
41.186,0.0,0.0,0.0
41.196,0.0,0.0,0.0
41.206,0.0,0.0,0.0
41.218,0.0,0.0,0.0
41.226,0.0,0.0,0.0
41.236,0.0,0.0,0.0
41.246,0.014026918854784576,-7.962114977611012e-06,-0.00042238759839285933
41.257,0.0,0.0,0.0
41.266,0.0,0.0,0.0
41.276,0.0,0.0,0.0
41.286,0.0,0.0,0.0
41.296,0.0,0.0,0.0
41.306,0.0,0.0,0.0
41.316,0.0,0.0,0.0
41.326,0.0,0.0,0.0
41.336,0.0,0.0,0.0
41.346,0.019840292357771183,-7.639169884443575e-06,-0.0003560118425278702
41.357,0.0,0.0,0.0
41.366,0.0,0.0,0.0
41.376,0.0,0.0,0.0
41.386,0.0,0.0,0.0
41.396,0.0,0.0,0.0
41.406,0.0,0.0,0.0
41.416,0.0,0.0,0.0
41.427,0.0,0.0,0.0
41.436,0.0,0.0,0.0
41.446,0.030668516845065774,-8.037836863705738e-06,-0.00028313239479649255
41.456,0.0,0.0,0.0
41.466,0.0,0.0,0.0
41.476,0.0,0.0,0.0
41.486,0.0,0.0,0.0
41.496,0.0,0.0,0.0
41.506,0.0,0.0,0.0
41.516,0.0,0.0,0.0
41.526,0.0,0.0,0.0
41.536,0.0,0.0,0.0
41.547,0.03782109678520107,-8.599829528666003e-06,-0.0002153287576409646
41.556,0.0,0.0,0.0
41.566,0.0,0.0,0.0
41.576,0.0,0.0,0.0
41.586,0.0,0.0,0.0
41.596,0.0,0.0,0.0
41.606,0.0,0.0,0.0
41.616,0.0,0.0,0.0
41.626,0.0,0.0,0.0
41.636,0.0,0.0,0.0
41.646,0.03648226068114058,-8.334423580891315e-06,-0.0001627134776582828
41.656,0.0,0.0,0.0
41.667,0.0,0.0,0.0
41.68,0.0,0.0,0.0
41.686,0.0,0.0,0.0
41.696,0.0,0.0,0.0
41.706,0.0,0.0,0.0
41.717,0.0,0.0,0.0
41.727,0.0,0.0,0.0
41.736,0.02916407210792271,-7.290760080880254e-06,-0.00012539078262641112
41.746,0.0,0.0,0.0
41.756,0.0,0.0,0.0
41.766,0.0,0.0,0.0
41.776,0.0,0.0,0.0
41.786,0.0,0.0,0.0
41.796,0.0,0.0,0.0
41.806,0.0,0.0,0.0
41.816,0.0,0.0,0.0
41.826,0.0,0.0,0.0
41.836,0.0,0.0,0.0
41.848,0.01933834970994064,-5.6263175871595905e-06,-0.00010234156767641167
41.856,0.0,0.0,0.0
41.866,0.0,0.0,0.0
41.877,0.0,0.0,0.0
41.886,0.0,0.0,0.0
41.896,0.0,0.0,0.0
41.906,0.0,0.0,0.0
41.916,0.0,0.0,0.0
41.926,0.0,0.0,0.0
41.936,0.0,0.0,0.0
41.946,0.014818936861600074,-4.794148295017564e-06,-9.300225958641661e-05
41.956,0.0,0.0,0.0
41.966,0.0,0.0,0.0
41.976,0.0,0.0,0.0
41.986,0.0,0.0,0.0
41.996,0.0,0.0,0.0
42.006,0.0,0.0,0.0
42.016,0.0,0.0,0.0
42.026,0.0,0.0,0.0
42.037,0.015409684097818177,-4.731872762286926e-06,-9.464842227169257e-05
42.046,0.0,0.0,0.0
42.056,0.0,0.0,0.0
42.066,0.0,0.0,0.0
42.076,0.0,0.0,0.0
42.086,0.0,0.0,0.0
42.096,0.0,0.0,0.0
42.106,0.0,0.0,0.0
42.116,0.0,0.0,0.0
42.126,0.0,0.0,0.0
42.136,0.0,0.0,0.0
42.146,0.016832752367487158,-4.620442677683023e-06,-0.00010069322034089723
42.156,0.0,0.0,0.0
42.166,0.0,0.0,0.0
42.176,0.0,0.0,0.0
42.186,0.0,0.0,0.0
42.196,0.0,0.0,0.0
42.206,0.0,0.0,0.0
42.216,0.0,0.0,0.0
42.226,0.0,0.0,0.0
42.236,0.0,0.0,0.0
42.246,0.017998406556932744,-4.581402850645233e-06,-0.00010796468341123244
42.256,0.0,0.0,0.0
42.266,0.0,0.0,0.0
42.276,0.0,0.0,0.0
42.286,0.0,0.0,0.0
42.296,0.0,0.0,0.0
42.308,0.0,0.0,0.0
42.316,0.0,0.0,0.0
42.326,0.0,0.0,0.0
42.339,0.0,0.0,0.0
42.346,0.017899067574085326,-4.48864128277382e-06,-0.00010959940734300844
42.358,0.0,0.0,0.0
42.366,0.0,0.0,0.0
42.376,0.0,0.0,0.0
42.386,0.0,0.0,0.0
42.396,0.0,0.0,0.0
42.406,0.0,0.0,0.0
42.416,0.0,0.0,0.0
42.426,0.0,0.0,0.0
42.436,0.0,0.0,0.0
42.446,0.016349012528211748,-4.117084903831891e-06,-2.8849858617174817e-05
42.456,0.0,0.0,0.0
42.466,0.0,0.0,0.0
42.476,0.0,0.0,0.0
42.486,0.0,0.0,0.0
42.496,0.0,0.0,0.0
42.506,0.0,0.0,0.0
42.516,0.0,0.0,0.0
42.526,0.0,0.0,0.0
42.536,0.0,0.0,0.0
42.546,0.013382812582373838,-3.370122541423992e-06,6.532131287739773e-05
42.556,0.0,0.0,0.0
42.568,0.0,0.0,0.0
42.576,0.0,0.0,0.0
42.586,0.0,0.0,0.0
42.596,0.0,0.0,0.0
42.606,0.0,0.0,0.0
42.616,0.0,0.0,0.0
42.626,0.0,0.0,0.0
42.636,0.0,0.0,0.0
42.646,0.010954770039225403,-2.7586814967950346e-06,0.00014240701677081802
42.656,0.0,0.0,0.0
42.666,0.0,0.0,0.0
42.676,0.0,0.0,0.0
42.686,0.0,0.0,0.0
42.696,0.0,0.0,0.0
42.706,0.0,0.0,0.0
42.716,0.0,0.0,0.0
42.726,0.0,0.0,0.0
42.737,0.0,0.0,0.0
42.746,0.008967247047183546,-2.2581741484506423e-06,0.00020550706799715712
42.756,0.0,0.0,0.0
42.767,0.0,0.0,0.0
42.776,0.0,0.0,0.0
42.787,0.0,0.0,0.0
42.798,0.0,0.0,0.0
42.806,0.0,0.0,0.0
42.816,0.0,0.0,0.0
42.826,0.0,0.0,0.0
42.836,0.0,0.0,0.0
42.846,0.007340320181738136,-1.8484738056323557e-06,0.00025715888231969686
42.857,0.0,0.0,0.0
42.866,0.0,0.0,0.0
42.876,0.0,0.0,0.0
42.886,0.0,0.0,0.0
42.896,0.0,0.0,0.0
42.906,0.0,0.0,0.0
42.916,0.0,0.0,0.0
42.926,0.0,0.0,0.0
42.936,0.0,0.0,0.0
42.949,0.006008566518455716,-1.5131053610062395e-06,0.0002994395123883109
42.958,0.0,0.0,0.0
42.966,0.0,0.0,0.0
42.976,0.0,0.0,0.0
42.986,0.0,0.0,0.0
42.996,0.0,0.0,0.0
43.006,0.0,0.0,0.0
43.016,0.0,0.0,0.0
43.026,0.0,0.0,0.0
43.036,0.0,0.0,0.0
43.046,0.004918432808493467,-1.2385827848904185e-06,0.0003340491713546001
43.056,0.0,0.0,0.0
43.067,0.0,0.0,0.0
43.076,0.0,0.0,0.0
43.086,0.0,0.0,0.0
43.096,0.0,0.0,0.0
43.106,0.0,0.0,0.0
43.116,0.0,0.0,0.0
43.126,0.0,0.0,0.0
43.136,0.0,0.0,0.0
43.146,0.004026081964368933,-1.0138668155024178e-06,0.0003623796028460191
43.156,0.0,0.0,0.0
43.167,0.0,0.0,0.0
43.179,0.0,0.0,0.0
43.186,0.0,0.0,0.0
43.196,0.0,0.0,0.0
43.206,0.0,0.0,0.0
43.216,0.0,0.0,0.0
43.226,0.0,0.0,0.0
43.236,0.0,0.0,0.0
43.246,0.0032956302576354624,-8.299210463857953e-07,0.0003855700465811296
43.256,0.0,0.0,0.0
43.266,0.0,0.0,0.0
43.276,0.0,0.0,0.0
43.286,0.0,0.0,0.0
43.296,0.0,0.0,0.0
43.306,0.0,0.0,0.0
43.316,0.0,0.0,0.0
43.328,0.0,0.0,0.0
43.336,0.0,0.0,0.0
43.346,0.0026977043416311908,-6.793485418099543e-07,0.0004045530500884631
43.356,0.0,0.0,0.0
43.366,0.0,0.0,0.0
43.376,0.0,0.0,0.0
43.386,0.0,0.0,0.0
43.396,0.0,0.0,0.0
43.406,0.0,0.0,0.0
43.416,0.0,0.0,0.0
43.426,0.0,0.0,0.0
43.436,0.0,0.0,0.0
43.447,0.0022082600734691926,-5.560943937554796e-07,0.0004200919688921445
43.456,0.0,0.0,0.0
43.466,0.0,0.0,0.0
43.476,0.0,0.0,0.0
43.486,0.0,0.0,0.0
43.496,0.0,0.0,0.0
43.506,0.0,0.0,0.0
43.516,0.0,0.0,0.0
43.526,0.0,0.0,0.0
43.537,0.0,0.0,0.0
43.546,0.0018076156370538943,-4.5520223568296103e-07,0.0004328116629852552
43.556,0.0,0.0,0.0
43.566,0.0,0.0,0.0
43.576,0.0,0.0,0.0
43.586,0.0,0.0,0.0
43.596,0.0,0.0,0.0
43.606,0.0,0.0,0.0
43.617,0.0,0.0,0.0
43.626,0.0,0.0,0.0
43.636,0.0,0.0,0.0
43.646,0.0019441560148603099,-0.03132777578649004,0.00036384943906009326
43.656,0.0,0.0,0.0
43.666,0.0,0.0,0.0
43.676,0.0,0.0,0.0
43.686,0.0,0.0,0.0
43.696,0.0,0.0,0.0
43.706,0.0,0.0,0.0
43.716,0.0,0.0,0.0
43.726,0.0,0.0,0.0
43.736,0.0,0.0,0.0
43.746,0.0029828266707534468,-0.10766150833706895,0.00014496871989910787
43.759,0.0,0.0,0.0
43.766,0.0,0.0,0.0
43.776,0.0,0.0,0.0
43.786,0.0,0.0,0.0
43.796,0.0,0.0,0.0
43.806,0.0,0.0,0.0
43.816,0.0,0.0,0.0
43.827,0.0,0.0,0.0
43.836,0.0,0.0,0.0
43.846,0.004075817495397205,-0.1461585056582687,-7.354553077787429e-05
43.857,0.0,0.0,0.0
43.866,0.0,0.0,0.0
43.876,0.0,0.0,0.0
43.886,0.0,0.0,0.0
43.897,0.0,0.0,0.0
43.906,0.0,0.0,0.0
43.916,0.0,0.0,0.0
43.927,0.0,0.0,0.0
43.936,0.004469255933770455,-0.12972454140134293,-0.00025560920128286924
43.946,0.0,0.0,0.0
43.959,0.0,0.0,0.0
43.966,0.0,0.0,0.0
43.976,0.0,0.0,0.0
43.986,0.0,0.0,0.0
44.296,0.008886373830216954,-0.15538026868850685,-0.0012778272972790994
44.306,0.0,0.0,0.0
44.319,0.0,0.0,0.0
44.326,0.0,0.0,0.0
44.336,0.0,0.0,0.0
44.346,0.0023573913417263004,-0.021573316365233852,-0.0004349136050523228
44.356,0.0,0.0,0.0
44.368,0.0,0.0,0.0
44.376,0.0,0.0,0.0
44.386,0.0,0.0,0.0
44.396,0.0,0.0,0.0
44.407,0.0,0.0,0.0
44.419,0.0,0.0,0.0
44.426,0.0,0.0,0.0
44.436,0.0,0.0,0.0
44.446,0.0019189872261458074,-0.02358873758895541,-0.0003728537411000765
44.456,0.0,0.0,0.0
44.466,0.0,0.0,0.0
44.476,0.0,0.0,0.0
44.486,0.0,0.0,0.0
44.497,0.0,0.0,0.0
44.507,0.0,0.0,0.0
44.52,0.0,0.0,0.0
44.526,0.0,0.0,0.0
44.536,0.0,0.0,0.0
44.546,0.0015483058844962816,-0.027414564471409664,-0.00029538600857792474
44.556,0.0,0.0,0.0
44.566,0.0,0.0,0.0
44.576,0.0,0.0,0.0
44.586,0.0,0.0,0.0
44.596,0.0,0.0,0.0
44.606,0.0,0.0,0.0
44.618,0.0,0.0,0.0
44.626,0.0,0.0,0.0
44.636,0.0,0.0,0.0
44.646,0.001355503521701662,-0.028821948925248808,-0.00021982676262499723
44.656,0.0,0.0,0.0
44.666,0.0,0.0,0.0
44.676,0.0,0.0,0.0
44.686,0.0,0.0,0.0
44.696,0.0,0.0,0.0
44.706,0.0,0.0,0.0
44.716,0.0,0.0,0.0
44.726,0.0,0.0,0.0
44.736,0.0,0.0,0.0
44.746,0.0013503114398545346,-0.027117573691795904,-0.00015835773488159788
44.756,0.0,0.0,0.0
44.766,0.0,0.0,0.0
44.776,0.0,0.0,0.0
44.786,0.0,0.0,0.0
44.796,0.0,0.0,0.0
44.806,0.0,0.0,0.0
44.817,0.0,0.0,0.0
44.826,0.0,0.0,0.0
44.836,0.0,0.0,0.0
44.846,0.0014066632405385082,-0.02348011184247545,-0.00011570393031634651
44.856,0.0,0.0,0.0
44.866,0.0,0.0,0.0
44.88,0.0,0.0,0.0
44.887,0.0,0.0,0.0
44.896,0.0,0.0,0.0
44.906,0.0,0.0,0.0
44.916,0.0,0.0,0.0
44.926,0.0,0.0,0.0
44.936,0.0,0.0,0.0
44.947,0.0013549654351139306,-0.01880241254193149,-9.125128327891474e-05
44.956,0.0,0.0,0.0
44.966,0.0,0.0,0.0
44.976,0.0,0.0,0.0
44.986,0.0,0.0,0.0
44.996,0.0,0.0,0.0
45.006,0.0,0.0,0.0
45.016,0.0,0.0,0.0
45.026,0.0,0.0,0.0
45.037,0.0,0.0,0.0
45.046,0.0009649860157394663,-0.011347311872075938,-7.837542298272382e-05
45.056,0.0,0.0,0.0
45.066,0.0,0.0,0.0
45.076,0.0,0.0,0.0
45.086,0.0,0.0,0.0
45.096,0.0,0.0,0.0
45.106,0.0,0.0,0.0
45.116,0.0,0.0,0.0
45.126,0.0,0.0,0.0
45.137,0.0,0.0,0.0
45.146,0.00065730201487324,-0.008234568849613266,-7.625069471917101e-05
45.156,0.0,0.0,0.0
45.166,0.0,0.0,0.0
45.177,0.0,0.0,0.0
45.186,0.0,0.0,0.0
45.196,0.0,0.0,0.0
45.206,0.0,0.0,0.0
45.217,0.0,0.0,0.0
45.226,0.0,0.0,0.0
45.236,0.0,0.0,0.0
45.246,0.0004611331446273681,-0.008463828041616717,-7.92315569566604e-05
45.256,0.0,0.0,0.0
45.266,0.0,0.0,0.0
45.276,0.0,0.0,0.0
45.286,0.0,0.0,0.0
45.296,0.0,0.0,0.0
45.306,0.0,0.0,0.0
45.316,0.0,0.0,0.0
45.326,0.0,0.0,0.0
45.339,0.0006763289783668913,-0.013165850467467433,-8.81670079491137e-05
45.348,0.0,0.0,0.0
45.356,0.0,0.0,0.0
45.366,0.0,0.0,0.0
45.376,0.0,0.0,0.0
45.387,0.0,0.0,0.0
45.396,0.0,0.0,0.0
45.406,0.0,0.0,0.0
45.416,0.0,0.0,0.0
45.426,0.0,0.0,0.0
45.436,0.0,0.0,0.0
45.446,0.0009758044264767118,-0.017030884994990503,-9.913414324635994e-05
45.456,0.0,0.0,0.0
45.466,0.0,0.0,0.0
45.476,0.0,0.0,0.0
45.486,0.0,0.0,0.0
45.496,0.0,0.0,0.0
45.506,0.0,0.0,0.0
45.516,0.0,0.0,0.0
45.526,0.0,0.0,0.0
45.536,0.0011889491682759434,-0.01895244814796171,-0.00010513238902332134
45.546,0.0,0.0,0.0
45.556,0.0,0.0,0.0
45.566,0.0,0.0,0.0
45.576,0.0,0.0,0.0
45.586,0.0,0.0,0.0
46.206,0.004306167108299563,-0.06791400554412075,0.0009456072972642282
46.217,0.0,0.0,0.0
46.226,0.0,0.0,0.0
46.237,0.0003361694636891954,-0.005301841346737168,0.00033441010338242094
46.246,0.0,0.0,0.0
46.256,0.0,0.0,0.0
46.27,0.0,0.0,0.0
46.276,0.0,0.0,0.0
46.286,0.0,0.0,0.0
46.296,0.0,0.0,0.0
46.306,0.0,0.0,0.0
46.316,0.0,0.0,0.0
46.326,0.0,0.0,0.0
46.336,0.0,0.0,0.0
46.347,0.0002751782666203795,-0.004339928724285125,0.00036267505101106323
46.356,0.0,0.0,0.0
46.366,0.0,0.0,0.0
46.376,0.0,0.0,0.0
46.596,0.000409637816841002,-0.006460535381991983,0.0007905629088034161
46.606,0.0,0.0,0.0
46.936,-0.2960983981847549,-0.007614501746483704,0.0004263264281458845
46.946,-0.1146634401840676,-0.0017971833027976558,-0.0002148818302312172
46.956,0.0,0.0,0.0
46.966,0.0,0.0,0.0
46.978,0.0,0.0,0.0
46.986,0.0,0.0,0.0
46.996,0.0,0.0,0.0
47.007,0.0,0.0,0.0
47.016,0.0,0.0,0.0
47.027,0.0,0.0,0.0
47.036,0.0,0.0,0.0
47.046,-0.07166901411213111,-0.0015681620534260254,-0.0003263705038962783
47.056,0.0,0.0,0.0
47.066,0.0,0.0,0.0
47.076,0.0,0.0,0.0
47.086,0.0,0.0,0.0
47.096,0.0,0.0,0.0
47.106,0.0,0.0,0.0
47.116,0.0,0.0,0.0
47.126,0.0,0.0,0.0
47.136,0.0,0.0,0.0
47.146,-0.03212334272283934,-0.0015346227238448584,-0.0003799898948035896
47.156,0.0,0.0,0.0
47.166,0.0,0.0,0.0
47.176,0.0,0.0,0.0
47.186,0.0,0.0,0.0
47.196,0.0,0.0,0.0
47.206,0.0,0.0,0.0
47.216,0.0,0.0,0.0
47.226,0.0,0.0,0.0
47.237,-0.010761349622688043,-0.00158186429946916,-0.00038303638900849535
47.246,0.0,0.0,0.0
47.256,0.0,0.0,0.0
47.266,0.0,0.0,0.0
47.276,0.0,0.0,0.0
47.286,0.0,0.0,0.0
47.296,0.0,0.0,0.0
47.306,0.0,0.0,0.0
47.316,0.0,0.0,0.0
47.326,0.0,0.0,0.0
47.336,0.0,0.0,0.0
47.346,-0.015139967806967247,-0.0016591015498665929,-0.0003535383618364918
47.359,0.0,0.0,0.0
47.367,0.0,0.0,0.0
47.376,0.0,0.0,0.0
47.386,0.0,0.0,0.0
47.396,0.0,0.0,0.0
47.406,0.0,0.0,0.0
47.416,0.0,0.0,0.0
47.428,0.0,0.0,0.0
47.436,0.0,0.0,0.0
47.446,-0.029245240900750535,-0.001585988648384662,-0.0003001530812691833
47.456,0.0,0.0,0.0
47.466,0.0,0.0,0.0
47.476,0.0,0.0,0.0
47.486,0.0,0.0,0.0
47.496,0.0,0.0,0.0
47.506,0.0,0.0,0.0
47.517,0.0,0.0,0.0
47.526,0.0,0.0,0.0
47.536,0.0,0.0,0.0
47.546,-0.0412100113566074,-0.0015509490567198192,-0.0002474420485505391
47.556,0.0,0.0,0.0
47.566,0.0,0.0,0.0
47.576,0.0,0.0,0.0
47.586,0.0,0.0,0.0
47.596,0.0,0.0,0.0
47.606,0.0,0.0,0.0
47.617,0.0,0.0,0.0
47.626,0.0,0.0,0.0
47.636,0.0,0.0,0.0
47.646,-0.041256401465381454,-0.0012631753734395623,-0.00019243301961546777
47.658,0.0,0.0,0.0
47.666,0.0,0.0,0.0
47.676,0.0,0.0,0.0
47.686,0.0,0.0,0.0
47.696,0.0,0.0,0.0
47.706,0.0,0.0,0.0
47.718,0.0,0.0,0.0
47.726,0.0,0.0,0.0
47.736,0.0,0.0,0.0
47.746,-0.033348712075234266,-0.00097353335907302,-0.00014425690297859006
47.756,0.0,0.0,0.0
47.766,0.0,0.0,0.0
47.777,0.0,0.0,0.0
47.786,0.0,0.0,0.0
47.796,0.0,0.0,0.0
47.806,0.0,0.0,0.0
47.819,0.0,0.0,0.0
47.826,0.0,0.0,0.0
47.836,0.0,0.0,0.0
47.846,-0.02611641090161998,-0.0008756745488167628,-0.00011038437100108212
47.856,0.0,0.0,0.0
47.866,0.0,0.0,0.0
47.876,0.0,0.0,0.0
47.886,0.0,0.0,0.0
47.896,0.0,0.0,0.0
47.906,0.0,0.0,0.0
47.916,0.0,0.0,0.0
47.926,0.0,0.0,0.0
47.936,-0.01874129978438288,-0.0008027922246418573,-8.841230595280081e-05
47.946,0.0,0.0,0.0
47.956,0.0,0.0,0.0
47.966,0.0,0.0,0.0
47.976,0.0,0.0,0.0
47.986,0.0,0.0,0.0
48.276,-0.04140836444755991,-0.0019547530938510693,-0.00022337685429052456
48.286,0.0,0.0,0.0
48.296,0.0,0.0,0.0
48.306,0.0,0.0,0.0
48.316,0.0,0.0,0.0
48.326,0.0,0.0,0.0
48.336,0.0,0.0,0.0
48.347,-0.014944211811954267,-0.0005173177942416896,-7.710686504269759e-05
48.356,0.0,0.0,0.0
48.366,0.0,0.0,0.0
48.377,0.0,0.0,0.0
48.387,0.0,0.0,0.0
48.396,0.0,0.0,0.0
48.406,0.0,0.0,0.0
48.416,0.0,0.0,0.0
48.426,0.0,0.0,0.0
48.436,0.0,0.0,0.0
48.446,-0.01644223406721812,-0.0005659577768786228,-7.814330663391544e-05
48.458,0.0,0.0,0.0
48.466,0.0,0.0,0.0
48.476,0.0,0.0,0.0
48.486,0.0,0.0,0.0
48.766,-0.03834249965118919,-0.0013386666250112533,0.00024328970058062893
48.776,0.0,0.0,0.0
48.786,0.0,0.0,0.0
48.796,0.0,0.0,0.0
48.806,0.0,0.0,0.0
48.819,0.0,0.0,0.0
48.826,0.0,0.0,0.0
48.836,0.0,0.0,0.0
48.85,-0.00845061292331728,-0.00029503954056875337,0.0002197031786788095
48.856,0.0,0.0,0.0
48.866,0.0,0.0,0.0
48.876,0.0,0.0,0.0
49.186,-0.017214876037451754,-0.0006010296724177078,0.0009195666856296469
49.196,0.0,0.0,0.0
49.209,0.0,0.0,0.0
49.216,0.0,0.0,0.0
49.226,0.0,0.0,0.0
49.238,0.0,0.0,0.0
49.596,-0.011523197885366265,-0.00040231389614397983,0.001591952387673068
49.606,0.0,0.0,0.0
49.936,-0.2822659150247995,-0.0004917348429707147,0.0004464197999474173
49.946,-0.1188560508244175,-0.00022460466547036262,-0.00024658899348928287
50.296,-0.13409142679980812,-0.00043869979785760016,-0.001198151189191865
50.306,0.0,0.0,0.0
50.686,-0.1270060041254864,-0.0004276414845576504,-0.001090900045883192
50.696,0.0,0.0,0.0
50.706,0.0,0.0,0.0
50.72,0.0,0.0,0.0
50.726,0.0,0.0,0.0
50.736,0.0,0.0,0.0
50.746,-0.042110910985380806,-0.00011104423784935591,-0.00012907292132657844
50.758,0.0,0.0,0.0
50.766,0.0,0.0,0.0
50.776,0.0,0.0,0.0
51.096,-0.08587128069199035,-0.00027690065034557954,-0.0002851867332385183
51.106,0.0,0.0,0.0
51.506,-0.0595532179089206,-0.00019238443216695877,-0.00039744915156747496
51.516,0.0,0.0,0.0
51.936,-0.05619466074342894,-0.00017021921638926685,0.00010582759194521785
51.948,-0.008614172375182583,-2.6153954491014986e-05,0.00021126594512876906
51.956,0.0,0.0,0.0
51.966,0.0,0.0,0.0
51.977,0.0,0.0,0.0
51.986,0.0,0.0,0.0
51.996,0.0,0.0,0.0
52.01,0.0,0.0,0.0
52.017,0.0,0.0,0.0
52.026,0.0,0.0,0.0
52.036,0.0,0.0,0.0
52.046,-0.007051303817304899,-2.1408844762760282e-05,0.00026187292686419283
52.056,0.0,0.0,0.0
52.066,0.0,0.0,0.0
52.076,0.0,0.0,0.0
52.086,0.0,0.0,0.0
52.096,0.0,0.0,0.0
52.107,0.0,0.0,0.0
52.116,0.0,0.0,0.0
52.126,0.0,0.0,0.0
52.136,0.0,0.0,0.0
52.146,-0.0057719863683232675,-1.7524639886357107e-05,0.00030329828823205673
52.156,0.0,0.0,0.0
52.166,0.0,0.0,0.0
52.177,0.0,0.0,0.0
52.187,0.0,0.0,0.0
52.196,0.0,0.0,0.0
52.207,0.0,0.0,0.0
52.216,0.0,0.0,0.0
52.226,0.0,0.0,0.0
52.236,0.0,0.0,0.0
52.246,-0.004724775374781831,-1.4345145969318907e-05,0.0003372078498271591
52.256,0.0,0.0,0.0
52.266,0.0,0.0,0.0
52.276,0.0,0.0,0.0
52.286,0.0,0.0,0.0
52.297,0.0,0.0,0.0
52.306,0.0,0.0,0.0
52.316,0.0,0.0,0.0
52.326,0.0,0.0,0.0
52.336,0.0,0.0,0.0
52.346,-0.0038675597823059626,-1.174250736313276e-05,0.00036496520255635545
52.356,0.0,0.0,0.0
52.367,0.0,0.0,0.0
52.376,0.0,0.0,0.0
52.386,0.0,0.0,0.0
52.396,0.0,0.0,0.0
52.406,0.0,0.0,0.0
52.416,0.0,0.0,0.0
52.426,0.0,0.0,0.0
52.438,0.0,0.0,0.0
52.446,-0.0031658687415166975,-9.6120652550713e-06,0.00038768654115584056
52.456,0.0,0.0,0.0
52.466,0.0,0.0,0.0
52.476,0.0,0.0,0.0
52.486,0.0,0.0,0.0
52.498,0.0,0.0,0.0
52.506,0.0,0.0,0.0
52.516,0.0,0.0,0.0
52.526,0.0,0.0,0.0
52.536,0.0,0.0,0.0
52.546,-0.0025914854462930625,-7.86814907716149e-06,0.0004062855492312778
52.556,0.0,0.0,0.0
52.566,0.0,0.0,0.0
52.576,0.0,0.0,0.0
52.586,0.0,0.0,0.0
52.596,0.0,0.0,0.0
52.606,0.0,0.0,0.0
52.616,0.0,0.0,0.0
52.626,0.0,0.0,0.0
52.636,0.0,0.0,0.0
52.646,-0.002121312463235714,-6.440631462822921e-06,0.00042151014086444505
52.656,0.0,0.0,0.0
52.666,0.0,0.0,0.0
52.676,0.0,0.0,0.0
52.686,0.0,0.0,0.0
52.696,0.0,0.0,0.0
52.706,0.0,0.0,0.0
52.717,0.0,0.0,0.0
52.726,0.0,0.0,0.0
52.737,0.0,0.0,0.0
52.746,-0.033917636936937334,-7.173006491445477e-06,0.0003608450673540098
52.756,0.0,0.0,0.0
52.768,0.0,0.0,0.0
52.776,0.0,0.0,0.0
52.786,0.0,0.0,0.0
52.796,0.0,0.0,0.0
52.807,0.0,0.0,0.0
52.816,0.0,0.0,0.0
52.826,0.0,0.0,0.0
52.837,0.0,0.0,0.0
52.846,-0.10975323137139742,-1.0501534055240569e-05,0.0001620485514171044
52.856,0.0,0.0,0.0
52.866,0.0,0.0,0.0
52.876,0.0,0.0,0.0
52.886,0.0,0.0,0.0
52.897,0.0,0.0,0.0
52.906,0.0,0.0,0.0
52.916,0.0,0.0,0.0
52.926,0.0,0.0,0.0
52.937,0.0,0.0,0.0
52.946,-0.14512347935516945,-1.2999163748528275e-05,-4.4802058593695904e-05
52.956,0.0,0.0,0.0
52.966,0.0,0.0,0.0
52.976,0.0,0.0,0.0
52.986,0.0,0.0,0.0
52.996,0.0,0.0,0.0
53.006,0.0,0.0,0.0
53.016,0.0,0.0,0.0
53.026,0.0,0.0,0.0
53.036,0.0,0.0,0.0
53.046,-0.12291894365933409,-1.3120946914524367e-05,-0.0002201238930852334
53.056,0.0,0.0,0.0
53.067,0.0,0.0,0.0
53.076,0.0,0.0,0.0
53.086,0.0,0.0,0.0
53.096,0.0,0.0,0.0
53.106,0.0,0.0,0.0
53.117,0.0,0.0,0.0
53.126,0.0,0.0,0.0
53.136,0.0,0.0,0.0
53.146,-0.0815187198202525,-1.106729390287775e-05,-0.00034055177792646774
53.156,0.0,0.0,0.0
53.166,0.0,0.0,0.0
53.177,0.0,0.0,0.0
53.186,0.0,0.0,0.0
53.196,0.0,0.0,0.0
53.206,0.0,0.0,0.0
53.216,0.0,0.0,0.0
53.226,0.0,0.0,0.0
53.236,0.0,0.0,0.0
53.246,-0.04017786066194606,-8.371173316756853e-06,-0.00039937948658108624
53.256,0.0,0.0,0.0
53.268,0.0,0.0,0.0
53.276,0.0,0.0,0.0
53.286,0.0,0.0,0.0
53.296,0.0,0.0,0.0
53.306,0.0,0.0,0.0
53.316,0.0,0.0,0.0
53.326,0.0,0.0,0.0
53.336,0.0,0.0,0.0
53.346,-0.014169302326159094,-6.514645764621463e-06,-0.0004037063374169314
53.356,0.0,0.0,0.0
53.366,0.0,0.0,0.0
53.376,0.0,0.0,0.0
53.386,0.0,0.0,0.0
53.396,0.0,0.0,0.0
53.406,0.0,0.0,0.0
53.416,0.0,0.0,0.0
53.429,0.0,0.0,0.0
53.436,0.0,0.0,0.0
53.446,-0.0122907107078698,-5.9967967560581315e-06,-0.000367929405412859
53.456,0.0,0.0,0.0
53.466,0.0,0.0,0.0
53.476,0.0,0.0,0.0
53.486,0.0,0.0,0.0
53.496,0.0,0.0,0.0
53.506,0.0,0.0,0.0
53.516,0.0,0.0,0.0
53.527,0.0,0.0,0.0
53.536,0.0,0.0,0.0
53.546,-0.024847760482617387,-6.168797469063847e-06,-0.000307643326491025
53.556,0.0,0.0,0.0
53.566,0.0,0.0,0.0
53.576,0.0,0.0,0.0
53.586,0.0,0.0,0.0
53.596,0.0,0.0,0.0
53.606,0.0,0.0,0.0
53.616,0.0,0.0,0.0
53.627,0.0,0.0,0.0
53.636,0.0,0.0,0.0
53.646,-0.03797548221435543,-6.432988792770544e-06,-0.00024029768484101766
53.656,0.0,0.0,0.0
53.666,0.0,0.0,0.0
53.676,0.0,0.0,0.0
53.686,0.0,0.0,0.0
53.696,0.0,0.0,0.0
53.706,0.0,0.0,0.0
53.716,0.0,0.0,0.0
53.727,0.0,0.0,0.0
53.738,-0.042462711270765174,-6.368745259388575e-06,-0.00017866012226397388
53.746,0.0,0.0,0.0
53.757,0.0,0.0,0.0
53.766,0.0,0.0,0.0
53.776,0.0,0.0,0.0
53.786,0.0,0.0,0.0
53.796,0.0,0.0,0.0
53.806,0.0,0.0,0.0
53.816,0.0,0.0,0.0
53.826,0.0,0.0,0.0
53.836,0.0,0.0,0.0
53.846,-0.03576139542486301,-5.604751813992337e-06,-0.0001289721483304085
53.856,0.0,0.0,0.0
53.866,0.0,0.0,0.0
53.876,0.0,0.0,0.0
53.886,0.0,0.0,0.0
53.896,0.0,0.0,0.0
53.906,0.0,0.0,0.0
53.916,0.0,0.0,0.0
53.926,0.0,0.0,0.0
53.937,0.0,0.0,0.0
53.946,-0.027451396785147075,-5.04808635670706e-06,-9.616462495731781e-05
53.956,0.0,0.0,0.0
53.966,0.0,0.0,0.0
53.976,0.0,0.0,0.0
53.986,0.0,0.0,0.0
53.996,0.0,0.0,0.0
54.006,0.0,0.0,0.0
54.016,0.0,0.0,0.0
54.026,0.0,0.0,0.0
54.036,0.0,0.0,0.0
54.046,-0.024937818520628374,-5.211613165023721e-06,-8.37207996031708e-05
54.056,0.0,0.0,0.0
54.067,0.0,0.0,0.0
54.076,0.0,0.0,0.0
54.086,0.0,0.0,0.0
54.096,0.0,0.0,0.0
54.106,0.0,0.0,0.0
54.116,0.0,0.0,0.0
54.126,0.0,0.0,0.0
54.136,0.0,0.0,0.0
54.147,-0.02119768062242322,-4.7002328502632196e-06,-8.225409472073508e-05
54.156,0.0,0.0,0.0
54.166,0.0,0.0,0.0
54.176,0.0,0.0,0.0
54.186,0.0,0.0,0.0
54.196,0.0,0.0,0.0
54.206,0.0,0.0,0.0
54.216,0.0,0.0,0.0
54.226,0.0,0.0,0.0
54.236,0.0,0.0,0.0
54.246,-0.018295152184062635,-3.934517947890015e-06,-8.732232354047298e-05
54.256,0.0,0.0,0.0
54.266,0.0,0.0,0.0
54.276,0.0,0.0,0.0
54.286,0.0,0.0,0.0
54.296,0.0,0.0,0.0
54.306,0.0,0.0,0.0
54.317,0.0,0.0,0.0
54.326,0.0,0.0,0.0
54.336,0.0,0.0,0.0
54.346,-0.016497511253344088,-3.229741247778861e-06,-9.482701863916532e-05
54.356,0.0,0.0,0.0
54.367,0.0,0.0,0.0
54.376,0.0,0.0,0.0
54.386,0.0,0.0,0.0
54.396,0.0,0.0,0.0
54.406,0.0,0.0,0.0
54.419,0.0,0.0,0.0
54.427,0.0,0.0,0.0
54.436,0.0,0.0,0.0
54.446,-0.01573704198557535,-2.838576174335472e-06,-0.0001017923821495792
54.457,0.0,0.0,0.0
54.466,0.0,0.0,0.0
54.477,0.0,0.0,0.0
54.486,0.0,0.0,0.0
54.496,0.0,0.0,0.0
54.506,0.0,0.0,0.0
54.52,0.0,0.0,0.0
54.526,0.0,0.0,0.0
54.536,0.0,0.0,0.0
54.547,-0.015724465333431192,-2.7994458022817525e-06,-0.00010207653713223408
54.556,0.0,0.0,0.0
54.566,0.0,0.0,0.0
54.576,0.0,0.0,0.0
54.586,0.0,0.0,0.0
54.886,-0.03662784947935305,-6.571295505075625e-06,0.00019237709067887465
54.896,0.0,0.0,0.0
55.286,-0.0245177459743402,-4.398657200477274e-06,0.0011051902649237277
55.296,0.0,0.0,0.0
55.686,-0.01100788841378808,-1.974893114153886e-06,0.001576651453090605
55.696,0.0,0.0,0.0
55.706,0.0,0.0,0.0
55.716,0.0,0.0,0.0
55.726,0.0,0.0,0.0
55.736,0.0,0.0,0.0
55.746,-0.0016272945235837888,-2.919481578711469e-07,0.0004334113768686976
55.757,0.0,0.0,0.0
55.766,0.0,0.0,0.0
55.776,0.0,0.0,0.0
56.086,0.31005364073369757,0.16728541674891217,0.0004588161614655917
56.096,0.0,0.0,0.0
56.106,0.0,0.0,0.0
56.117,0.0,0.0,0.0
56.126,0.0,0.0,0.0
56.137,0.0,0.0,0.0
56.146,0.20919069863984674,0.02186692392015166,-0.00023980631008813091
56.156,0.0,0.0,0.0
56.456,0.591734198217183,-0.05236399422698157,-0.0012319191116674233
56.47,0.0,0.0,0.0
56.837,0.37102900963397045,0.031273405046645886,-0.001005569887191804
56.846,0.08460300302884416,0.009136597542518388,-0.00020638374102865953
56.857,0.0,0.0,0.0
56.867,0.0,0.0,0.0
56.876,0.0,0.0,0.0
56.886,0.0,0.0,0.0
56.896,0.0,0.0,0.0
56.906,0.0,0.0,0.0
56.916,0.0,0.0,0.0
56.927,0.0,0.0,0.0
56.936,0.0,0.0,0.0
56.946,0.07538083057557529,0.0015815668482037637,-0.00015516421372963052
56.956,0.0,0.0,0.0
56.966,0.0,0.0,0.0
56.976,0.0,0.0,0.0
56.986,0.0,0.0,0.0
56.996,0.0,0.0,0.0
57.006,0.0,0.0,0.0
57.016,0.0,0.0,0.0
57.026,0.0,0.0,0.0
57.036,0.0,0.0,0.0
57.046,0.07135274112192058,-0.00262500796165277,-0.00011996485737908458
57.058,0.0,0.0,0.0
57.066,0.0,0.0,0.0
57.076,0.0,0.0,0.0
57.086,0.0,0.0,0.0
57.096,0.0,0.0,0.0
57.106,0.0,0.0,0.0
57.116,0.0,0.0,0.0
57.126,0.0,0.0,0.0
57.136,0.0,0.0,0.0
57.146,0.0702669638664235,-0.0023059773427225316,-0.00010082703646485669
57.156,0.0,0.0,0.0
57.166,0.0,0.0,0.0
57.176,0.0,0.0,0.0
57.186,0.0,0.0,0.0
57.196,0.0,0.0,0.0
57.206,0.0,0.0,0.0
57.217,0.0,0.0,0.0
57.226,0.0,0.0,0.0
57.236,0.0,0.0,0.0
57.246,0.06927956295145055,0.000577581858425491,-9.489376603566413e-05
57.256,0.0,0.0,0.0
57.266,0.0,0.0,0.0
57.276,0.0,0.0,0.0
57.286,0.0,0.0,0.0
57.296,0.0,0.0,0.0
57.306,0.0,0.0,0.0
57.316,0.0,0.0,0.0
57.326,0.0,0.0,0.0
57.336,0.0,0.0,0.0
57.346,0.07075283866438897,0.003216051966078437,-9.930391831591834e-05
57.356,0.0,0.0,0.0
57.366,0.0,0.0,0.0
57.376,0.0,0.0,0.0
57.386,0.0,0.0,0.0
57.396,0.0,0.0,0.0
57.406,0.0,0.0,0.0
57.416,0.0,0.0,0.0
57.426,0.0,0.0,0.0
57.436,0.0,0.0,0.0
57.446,0.06585556165722972,0.004184117818848865,-0.00010813090167083317
57.456,0.0,0.0,0.0
57.466,0.0,0.0,0.0
57.476,0.0,0.0,0.0
57.486,0.0,0.0,0.0
57.796,0.13536367362343227,0.006636709856410183,-0.000361044445331693
57.806,0.0,0.0,0.0
57.818,0.0,0.0,0.0
57.826,0.0,0.0,0.0
57.836,0.0,0.0,0.0
57.846,0.032338785271606496,0.00045336325476763584,-0.00011997798178464691
57.856,0.0,0.0,0.0
57.868,0.0,0.0,0.0
57.876,0.0,0.0,0.0
57.886,0.0,0.0,0.0
57.896,0.0,0.0,0.0
57.908,0.0,0.0,0.0
57.916,0.0,0.0,0.0
57.926,0.0,0.0,0.0
57.936,0.030170282439049068,0.0006388717344225636,-0.00011243806003902179
57.948,0.0,0.0,0.0
57.957,0.0,0.0,0.0
57.966,0.0,0.0,0.0
57.976,0.0,0.0,0.0
57.986,0.0,0.0,0.0
57.998,0.0,0.0,0.0
58.006,0.0,0.0,0.0
58.016,0.0,0.0,0.0
58.026,0.0,0.0,0.0
58.036,0.0,0.0,0.0
58.046,0.029506852338100242,0.0011111691724137174,-0.0001026686571692359
58.056,0.0,0.0,0.0
58.066,0.0,0.0,0.0
58.076,0.0,0.0,0.0
58.086,0.0,0.0,0.0
58.396,0.0838042681334652,0.0039784980767814115,-0.00025440887293504133
58.409,0.0,0.0,0.0
58.416,0.0,0.0,0.0
58.426,0.0,0.0,0.0
58.436,0.02009055466721743,0.0007031173531049095,-6.983791630243985e-05
58.446,0.0,0.0,0.0
58.458,0.0,0.0,0.0
58.466,0.0,0.0,0.0
58.476,0.0,0.0,0.0
58.486,0.0,0.0,0.0
58.496,0.0,0.0,0.0
58.506,0.0,0.0,0.0
58.516,0.0,0.0,0.0
58.527,0.0,0.0,0.0
58.536,0.0,0.0,0.0
58.547,0.01374775189955324,0.0003610852688926691,-6.232445089171534e-05
58.556,0.0,0.0,0.0
58.566,0.0,0.0,0.0
58.576,0.0,0.0,0.0
58.586,0.0,0.0,0.0
58.596,0.0,0.0,0.0
58.606,0.0,0.0,0.0
58.616,0.0,0.0,0.0
58.627,0.0,0.0,0.0
58.636,0.0,0.0,0.0
58.647,0.013829042112389334,0.00041022198458873227,-5.746214139001893e-05
58.656,0.0,0.0,0.0
58.666,0.0,0.0,0.0
58.676,0.0,0.0,0.0
58.686,0.0,0.0,0.0
58.696,0.0,0.0,0.0
58.709,0.0,0.0,0.0
58.716,0.0,0.0,0.0
58.726,0.0,0.0,0.0
58.737,0.01787250627528536,0.0006765713154857078,-5.649721041045552e-05
58.746,0.0,0.0,0.0
58.756,0.0,0.0,0.0
58.766,0.0,0.0,0.0
58.776,0.0,0.0,0.0
58.786,0.0,0.0,0.0
58.796,0.0,0.0,0.0
58.808,0.0,0.0,0.0
58.816,0.0,0.0,0.0
58.826,0.0,0.0,0.0
58.836,0.0,0.0,0.0
58.848,0.020438234842317993,0.0008621289388486275,-5.717321105924711e-05
58.856,0.0,0.0,0.0
58.866,0.0,0.0,0.0
58.876,0.0,0.0,0.0
58.888,0.0,0.0,0.0
58.896,0.0,0.0,0.0
58.906,0.0,0.0,0.0
58.916,0.0,0.0,0.0
58.926,0.0,0.0,0.0
58.936,0.0,0.0,0.0
58.946,0.020137115879372613,0.0008743226509015933,-5.820018802182858e-05
58.956,0.0,0.0,0.0
58.966,0.0,0.0,0.0
58.978,0.0,0.0,0.0
58.986,0.0,0.0,0.0
58.996,0.0,0.0,0.0
59.006,0.0,0.0,0.0
59.016,0.0,0.0,0.0
59.026,0.0,0.0,0.0
59.036,0.0,0.0,0.0
59.046,0.01808038443017579,0.0007682186636932542,-5.652491291963102e-05
59.056,0.0,0.0,0.0
59.067,0.0,0.0,0.0
59.077,0.0,0.0,0.0
59.086,0.0,0.0,0.0
59.396,0.04130000516460508,0.0017384191307281416,0.00028545890267128726
59.406,0.0,0.0,0.0
59.766,0.02764516753666868,0.0011636533198071675,0.0011674968500439142
59.777,0.0,0.0,0.0
60.146,0.012412026772064433,0.0005224528351917002,0.0016046256370629841
60.156,0.0,0.0,0.0
60.167,0.0,0.0,0.0
60.177,0.0,0.0,0.0
60.186,0.0,0.0,0.0
60.196,0.0,0.0,0.0
60.206,0.0,0.0,0.0
60.216,0.0,0.0,0.0
60.226,0.0,0.0,0.0
60.237,-0.013018297397565659,-0.007646411928013519,-0.005132390261595177
60.246,0.0,0.0,0.0
60.256,0.0,0.0,0.0
60.267,0.0,0.0,0.0
60.276,0.0,0.0,0.0
60.576,-0.18058126989906786,-0.09344698919300898,-0.06775632633304296
60.586,0.0,0.0,0.0
60.596,0.0,0.0,0.0
60.606,0.0,0.0,0.0
60.616,0.0,0.0,0.0
60.626,0.0,0.0,0.0
60.636,0.0,0.0,0.0
60.646,-0.09400868975439958,-0.045610896496380615,-0.035095628352262764
60.656,0.0,0.0,0.0
60.666,0.0,0.0,0.0
60.676,0.0,0.0,0.0
60.686,0.0,0.0,0.0
60.696,0.0,0.0,0.0
60.706,0.0,0.0,0.0
60.716,0.0,0.0,0.0
60.726,0.0,0.0,0.0
60.736,0.0,0.0,0.0
60.746,-0.10598148753276948,-0.04589844964386258,-0.039525089427896454
60.756,0.0,0.0,0.0
60.766,0.0,0.0,0.0
60.776,0.0,0.0,0.0
60.786,0.0,0.0,0.0
60.796,0.0,0.0,0.0
60.806,0.0,0.0,0.0
60.816,0.0,0.0,0.0
60.826,0.0,0.0,0.0
60.836,0.0,0.0,0.0
60.846,-0.11578206163338423,-0.041174884842672954,-0.04315091375911129
60.856,0.0,0.0,0.0
60.866,0.0,0.0,0.0
60.876,0.0,0.0,0.0
60.886,0.0,0.0,0.0
61.196,-0.3899229446999983,-0.0735275725419855,-0.1452044564362196
61.206,0.0,0.0,0.0
61.216,0.0,0.0,0.0
61.226,0.0,0.0,0.0
61.236,0.0,0.0,0.0
61.247,-0.14014719085774952,-0.004124735785823175,-0.052165046754577116
61.256,0.0,0.0,0.0
61.266,0.0,0.0,0.0
61.276,0.0,0.0,0.0
61.286,0.0,0.0,0.0
61.296,0.0,0.0,0.0
61.306,0.0,0.0,0.0
61.316,0.0,0.0,0.0
61.327,0.0,0.0,0.0
61.337,-0.14307801371955273,0.006157688269263106,-0.05349760470820053
61.346,0.0,0.0,0.0
61.356,0.0,0.0,0.0
61.366,0.0,0.0,0.0
61.376,0.0,0.0,0.0
61.386,0.0,0.0,0.0
61.696,-0.3536764346513258,0.06380352365435438,-0.1662818627383924
61.706,0.0,0.0,0.0
61.72,0.0,0.0,0.0
61.726,0.0,0.0,0.0
61.737,0.0,0.0,0.0
61.746,-0.0554920223210672,0.02806084301126366,-0.05681046642492027
61.756,0.0,0.0,0.0
61.766,0.0,0.0,0.0
61.777,0.0,0.0,0.0
61.786,0.0,0.0,0.0
61.796,0.0,0.0,0.0
61.806,0.0,0.0,0.0
61.816,0.0,0.0,0.0
61.826,0.0,0.0,0.0
61.836,0.0,0.0,0.0
61.846,-0.018795478713079905,0.027921158918492006,-0.05730020628479071
61.857,0.0,0.0,0.0
61.866,0.0,0.0,0.0
61.876,0.0,0.0,0.0
61.886,0.0,0.0,0.0
61.897,0.0,0.0,0.0
61.906,0.0,0.0,0.0
61.916,0.0,0.0,0.0
61.926,0.0,0.0,0.0
61.936,0.0,0.0,0.0
61.949,0.012309812087515415,0.025689235390387255,-0.05770109268373824
61.956,0.0,0.0,0.0
61.966,0.0,0.0,0.0
61.979,0.0,0.0,0.0
61.986,0.0,0.0,0.0
62.297,0.17911436313959062,0.038673546976835116,-0.17484485397726135
62.308,0.0,0.0,0.0
62.316,0.0,0.0,0.0
62.326,0.0,0.0,0.0
62.336,0.0,0.0,0.0
62.346,0.09155772204193866,-0.007456444583134436,-0.05869773316769056
62.356,0.0,0.0,0.0
62.366,0.0,0.0,0.0
62.376,0.0,0.0,0.0
62.386,0.0,0.0,0.0
62.396,0.0,0.0,0.0
62.406,0.0,0.0,0.0
62.417,0.0,0.0,0.0
62.426,0.0,0.0,0.0
62.436,0.0,0.0,0.0
62.446,0.09919762340928659,-0.017131240973695006,-0.05884506638370035
62.456,0.0,0.0,0.0
62.466,0.0,0.0,0.0
62.476,0.0,0.0,0.0
62.487,0.0,0.0,0.0
62.496,0.0,0.0,0.0
62.506,0.0,0.0,0.0
62.518,0.0,0.0,0.0
62.526,0.0,0.0,0.0
62.536,0.0,0.0,0.0
62.546,0.0930152357249828,-0.02426863440335869,-0.058965668946908245
62.556,0.0,0.0,0.0
62.568,0.0,0.0,0.0
62.576,0.0,0.0,0.0
62.586,0.0,0.0,0.0
62.599,0.0,0.0,0.0
62.606,0.0,0.0,0.0
62.616,0.0,0.0,0.0
62.626,0.0,0.0,0.0
62.636,0.0,0.0,0.0
62.646,0.07002104097583944,-0.02839049245166425,-0.05906439059736357
62.656,0.0,0.0,0.0
62.666,0.0,0.0,0.0
62.676,0.0,0.0,0.0
62.686,0.0,0.0,0.0
62.697,0.0,0.0,0.0
62.707,0.0,0.0,0.0
62.716,0.0,0.0,0.0
62.726,0.0,0.0,0.0
62.736,0.04135547230000418,-0.029746489401053067,-0.05914520118720501
62.746,0.0,0.0,0.0
62.756,0.0,0.0,0.0
62.766,0.0,0.0,0.0
62.776,0.0,0.0,0.0
62.786,0.0,0.0,0.0
62.796,0.0,0.0,0.0
62.806,0.0,0.0,0.0
62.816,0.0,0.0,0.0
62.826,0.0,0.0,0.0
62.836,0.0,0.0,0.0
62.846,0.009306791793042474,-0.026297703335986133,-0.05921135031863001
62.856,0.0,0.0,0.0
62.866,0.0,0.0,0.0
62.876,0.0,0.0,0.0
62.886,0.0,0.0,0.0
62.896,0.0,0.0,0.0
62.906,0.0,0.0,0.0
62.916,0.0,0.0,0.0
62.926,0.0,0.0,0.0
62.936,0.0,0.0,0.0
62.946,-0.02135793574576325,-0.01663855383335977,-0.059265498018790774
62.956,0.0,0.0,0.0
62.967,0.0,0.0,0.0
62.976,0.0,0.0,0.0
62.986,0.0,0.0,0.0
62.996,0.0,0.0,0.0
63.006,0.0,0.0,0.0
63.016,0.0,0.0,0.0
63.026,0.0,0.0,0.0
63.036,0.0,0.0,0.0
63.046,-0.046511753615318285,-0.004089048806579232,-0.05930982170633847
63.056,0.0,0.0,0.0
63.069,0.0,0.0,0.0
63.076,0.0,0.0,0.0
63.086,0.0,0.0,0.0
63.096,0.0,0.0,0.0
63.106,0.0,0.0,0.0
63.116,0.0,0.0,0.0
63.126,0.0,0.0,0.0
63.136,0.0,0.0,0.0
63.146,-0.0671019164584,0.011150545600037809,-0.0593461037510421
63.156,0.0,0.0,0.0
63.167,0.0,0.0,0.0
63.176,0.0,0.0,0.0
63.186,0.0,0.0,0.0
63.196,0.0,0.0,0.0
63.206,0.0,0.0,0.0
63.217,0.0,0.0,0.0
63.226,0.0,0.0,0.0
63.236,0.0,0.0,0.0
63.246,-0.0839564078164596,0.026038464961647412,-0.059375803147476924
63.256,0.0,0.0,0.0
63.267,0.0,0.0,0.0
63.276,0.0,0.0,0.0
63.286,0.0,0.0,0.0
63.296,0.0,0.0,0.0
63.306,0.0,0.0,0.0
63.316,0.0,0.0,0.0
63.326,0.0,0.0,0.0
63.336,0.0,0.0,0.0
63.346,-0.09775299024778081,0.03785055352532973,-0.05940011418495461
63.356,0.0,0.0,0.0
63.367,0.0,0.0,0.0
63.377,0.0,0.0,0.0
63.386,0.0,0.0,0.0
63.396,0.0,0.0,0.0
63.406,0.0,0.0,0.0
63.416,0.0,0.0,0.0
63.428,0.0,0.0,0.0
63.436,0.0,0.0,0.0
63.446,-0.09018293973795305,0.04107877522257031,-0.05942001447299572
63.456,0.0,0.0,0.0
63.467,0.0,0.0,0.0
63.476,0.0,0.0,0.0
63.486,0.0,0.0,0.0
63.496,0.0,0.0,0.0
63.506,0.0,0.0,0.0
63.516,0.0,0.0,0.0
63.526,0.0,0.0,0.0
63.536,0.0,0.0,0.0
63.546,-0.05514047357378621,0.030924920886695073,-0.059436304253504324
63.556,0.0,0.0,0.0
63.566,0.0,0.0,0.0
63.576,0.0,0.0,0.0
63.586,0.0,0.0,0.0
63.596,0.0,0.0,0.0
63.606,0.0,0.0,0.0
63.616,0.0,0.0,0.0
63.626,0.0,0.0,0.0
63.636,0.0,0.0,0.0
63.646,-0.016107555838821175,0.007673485644755562,-0.05944963858053465
63.656,0.0,0.0,0.0
63.666,0.0,0.0,0.0
63.676,0.0,0.0,0.0
63.686,0.0,0.0,0.0
63.696,0.0,0.0,0.0
63.707,0.0,0.0,0.0
63.716,0.0,0.0,0.0
63.727,0.0,0.0,0.0
63.736,0.0,0.0,0.0
63.746,0.0021253100727992025,-0.007153654636868234,-0.059460553661739524
63.756,0.0,0.0,0.0
63.766,0.0,0.0,0.0
63.776,0.0,0.0,0.0
63.786,0.0,0.0,0.0
63.796,0.0,0.0,0.0
63.806,0.0,0.0,0.0
63.816,0.0,0.0,0.0
63.826,0.0,0.0,0.0
63.836,0.001766014107420777,-0.005878844936665351,-0.05946948842068167
63.846,0.0,0.0,0.0
63.856,0.0,0.0,0.0
63.866,0.0,0.0,0.0
63.876,0.0,0.0,0.0
63.886,0.0,0.0,0.0
63.896,0.0,0.0,0.0
63.906,0.0,0.0,0.0
63.916,0.0,0.0,0.0
63.926,0.0,0.0,0.0
63.937,0.001445606318821846,-0.0048122466022022525,-0.059476802147072266
63.946,0.0,0.0,0.0
63.957,0.0,0.0,0.0
63.966,0.0,0.0,0.0
63.976,0.0,0.0,0.0
63.986,0.0,0.0,0.0
63.996,0.0,0.0,0.0
64.006,0.0,0.0,0.0
64.019,0.0,0.0,0.0
64.026,0.0,0.0,0.0
64.036,0.0,0.0,0.0
64.046,0.0011833300879270925,-0.003939161112411771,-0.05948278894470921
64.056,0.0,0.0,0.0
64.066,0.0,0.0,0.0
64.076,0.0,0.0,0.0
64.086,0.0,0.0,0.0
64.096,0.0,0.0,0.0
64.106,0.0,0.0,0.0
64.116,0.0,0.0,0.0
64.127,0.0,0.0,0.0
64.136,0.0,0.0,0.0
64.147,0.0009686386111896206,-0.0032244794484210804,-0.05948768955816233
64.157,0.0,0.0,0.0
64.166,0.0,0.0,0.0
64.176,0.0,0.0,0.0
64.186,0.0,0.0,0.0
64.196,0.0,0.0,0.0
64.206,0.0,0.0,0.0
64.219,0.0,0.0,0.0
64.227,0.0,0.0,0.0
64.236,0.0,0.0,0.0
64.248,0.0005561759481815254,-0.0018514417069215305,-0.04044154007856188
64.256,0.0,0.0,0.0
64.266,0.0,0.0,0.0
64.276,0.0,0.0,0.0
64.286,0.0,0.0,0.0
64.296,0.0,0.0,0.0
64.306,0.0,0.0,0.0
64.32,0.0,0.0,0.0
64.326,0.0,0.0,0.0
64.336,0.0,0.0,0.0
64.346,-5.5833671019911435e-12,1.854494335873369e-11,2.225545381707994e-05
64.356,0.0,0.0,0.0
64.366,0.0,0.0,0.0
64.378,0.0,0.0,0.0
64.386,0.0,0.0,0.0
64.397,0.0,0.0,0.0
64.406,0.0,0.0,0.0
64.416,0.0,0.0,0.0
64.426,0.0,0.0,0.0
64.436,0.0,0.0,0.0
64.446,-2.0640711362318598e-12,6.855405132455417e-12,8.228500440188302e-06
64.456,0.0,0.0,0.0
64.466,0.0,0.0,0.0
64.476,0.0,0.0,0.0
64.486,0.0,0.0,0.0
64.496,0.0,0.0,0.0
64.506,0.0,0.0,0.0
64.517,0.0,0.0,0.0
64.526,0.0,0.0,0.0
64.536,0.0,0.0,0.0
64.546,-7.662204204450518e-13,2.55218068900831e-12,3.060167201016095e-06
64.556,0.0,0.0,0.0
64.566,0.0,0.0,0.0
64.577,0.0,0.0,0.0
64.586,0.0,0.0,0.0
64.596,0.0,0.0,0.0
64.606,0.0,0.0,0.0
64.616,0.0,0.0,0.0
64.626,0.0,0.0,0.0
64.636,0.0,0.0,0.0
64.649,-2.5252022695099186e-13,8.377742943821431e-13,1.0072955258233485e-06
64.656,0.0,0.0,0.0
64.666,0.0,0.0,0.0
64.676,0.0,0.0,0.0
64.686,0.0,0.0,0.0
64.696,0.0,0.0,0.0
64.706,0.0,0.0,0.0
64.716,0.0,0.0,0.0
64.726,0.0,0.0,0.0
64.736,0.0,0.0,0.0
64.746,0.0,0.0,0.0
64.756,0.0,0.0,0.0
64.766,0.0,0.0,0.0
64.776,0.0,0.0,0.0
64.786,0.0,0.0,0.0
64.797,0.0,0.0,0.0
64.806,0.0,0.0,0.0
64.816,0.0,0.0,0.0
64.826,0.0,0.0,0.0
64.836,0.0,0.0,0.0
64.846,0.0,0.0,0.0
64.856,0.0,0.0,0.0
64.866,0.0,0.0,0.0
64.876,0.0,0.0,0.0
64.886,0.0,0.0,0.0
64.896,0.0,0.0,0.0
64.91,0.0,0.0,0.0
64.916,0.0,0.0,0.0
64.926,0.0,0.0,0.0
64.936,0.0,0.0,0.0
64.947,0.0,0.0,0.0
64.956,0.0,0.0,0.0
64.966,0.0,0.0,0.0
64.977,0.0,0.0,0.0
64.986,0.0,0.0,0.0
64.997,0.0,0.0,0.0
65.008,0.0,0.0,0.0
65.016,0.0,0.0,0.0
65.026,0.0,0.0,0.0
65.036,0.0,0.0,0.0
65.046,0.0,0.0,0.0
65.056,0.0,0.0,0.0
65.066,0.0,0.0,0.0
65.076,0.0,0.0,0.0
65.086,0.0,0.0,0.0
65.096,0.0,0.0,0.0
65.106,0.0,0.0,0.0
65.117,0.0,0.0,0.0
65.126,0.0,0.0,0.0
65.136,0.0,0.0,0.0
65.146,0.0,0.0,0.0
65.156,0.0,0.0,0.0
65.166,0.0,0.0,0.0
65.176,0.0,0.0,0.0
65.186,0.0,0.0,0.0
65.196,0.0,0.0,0.0
65.209,0.0,0.0,0.0
65.216,0.0,0.0,0.0
65.226,0.0,0.0,0.0
65.236,0.0,0.0,0.0
65.246,0.0,0.0,0.0
65.256,0.0,0.0,0.0
65.266,0.0,0.0,0.0
65.277,0.0,0.0,0.0
65.286,0.0,0.0,0.0
65.296,0.0,0.0,0.0
65.306,0.0,0.0,0.0
65.316,0.0,0.0,0.0
65.326,0.0,0.0,0.0
65.336,0.0,0.0,0.0
65.346,0.0,0.0,0.0
65.356,0.0,0.0,0.0
65.366,0.0,0.0,0.0
65.378,0.0,0.0,0.0
65.386,0.0,0.0,0.0
65.396,0.0,0.0,0.0
65.406,0.0,0.0,0.0
65.416,0.0,0.0,0.0
65.426,0.0,0.0,0.0
65.436,0.0,0.0,0.0
65.446,0.0,0.0,0.0
65.456,0.0,0.0,0.0
65.466,0.0,0.0,0.0
65.477,0.0,0.0,0.0
65.486,0.0,0.0,0.0
66.156,0.0,0.0,0.0
66.166,0.0,0.0,0.0
66.176,0.0,0.0,0.0
66.186,0.0,0.0,0.0
66.196,0.0,0.0,0.0
66.206,0.0,0.0,0.0
66.216,0.0,0.0,0.0
66.226,0.0,0.0,0.0
66.236,0.0,0.0,0.0
66.246,0.0,0.0,0.0
66.256,0.0,0.0,0.0
66.267,0.0,0.0,0.0
66.276,0.0,0.0,0.0
66.286,0.0,0.0,0.0
66.297,0.0,0.0,0.0
66.306,0.0,0.0,0.0
66.316,0.0,0.0,0.0
66.327,0.0,0.0,0.0
66.337,0.0,0.0,0.0
66.346,0.0,0.0,0.0
66.356,0.0,0.0,0.0
66.367,0.0,0.0,0.0
66.376,0.0,0.0,0.0
66.386,0.0,0.0,0.0
66.396,0.0,0.0,0.0
66.406,0.0,0.0,0.0
66.416,0.0,0.0,0.0
66.426,0.0,0.0,0.0
66.436,0.0,0.0,0.0
66.446,0.0,0.0,0.0
66.456,0.0,0.0,0.0
66.466,0.0,0.0,0.0
66.476,0.0,0.0,0.0
66.486,0.0,0.0,0.0
66.496,0.0,0.0,0.0
66.506,0.0,0.0,0.0
66.516,0.0,0.0,0.0
66.526,0.0,0.0,0.0
66.536,0.0,0.0,0.0
66.546,0.0,0.0,0.0
66.557,0.0,0.0,0.0
66.566,0.0,0.0,0.0
66.576,0.0,0.0,0.0
66.586,0.0,0.0,0.0
66.596,0.0,0.0,0.0
66.606,0.0,0.0,0.0
66.616,0.0,0.0,0.0
66.626,0.0,0.0,0.0
66.636,0.0,0.0,0.0
66.646,0.0,0.0,0.0
66.656,0.0,0.0,0.0
66.666,0.0,0.0,0.0
66.676,0.0,0.0,0.0
66.686,0.0,0.0,0.0
66.697,0.0,0.0,0.0
66.707,0.0,0.0,0.0
66.716,0.0,0.0,0.0
66.726,0.0,0.0,0.0
66.736,0.0,0.0,0.0
66.747,0.0,0.0,0.0
66.756,0.0,0.0,0.0
66.766,0.0,0.0,0.0
66.776,0.0,0.0,0.0
66.786,0.0,0.0,0.0
66.796,0.0,0.0,0.0
66.806,0.0,0.0,0.0
66.816,0.0,0.0,0.0
66.826,0.0,0.0,0.0
66.836,0.0,0.0,0.0
66.846,0.0,0.0,0.0
66.856,0.0,0.0,0.0
66.866,0.0,0.0,0.0
66.876,0.0,0.0,0.0
66.886,0.0,0.0,0.0
66.896,0.0,0.0,0.0
66.906,0.0,0.0,0.0
66.916,0.0,0.0,0.0
66.926,0.0,0.0,0.0
66.936,0.0,0.0,0.0
66.946,0.0,0.0,0.0
66.959,0.0,0.0,0.0
66.966,0.0,0.0,0.0
66.976,0.0,0.0,0.0
66.986,0.0,0.0,0.0
66.996,0.0,0.0,0.0
67.006,0.0,0.0,0.0
67.016,0.0,0.0,0.0
67.026,0.0,0.0,0.0
67.037,0.0,0.0,0.0
67.046,0.0,0.0,0.0
67.057,0.0,0.0,0.0
67.066,0.0,0.0,0.0
67.076,0.0,0.0,0.0
67.086,0.0,0.0,0.0
67.096,0.0,0.0,0.0
67.106,0.0,0.0,0.0
67.116,0.0,0.0,0.0
67.126,0.0,0.0,0.0
67.136,0.0,0.0,0.0
67.146,0.0,0.0,0.0
67.156,0.0,0.0,0.0
67.166,0.0,0.0,0.0
67.176,0.0,0.0,0.0
67.186,0.0,0.0,0.0
67.196,0.0,0.0,0.0
67.206,0.0,0.0,0.0
67.216,0.0,0.0,0.0
67.226,0.0,0.0,0.0
67.236,0.0,0.0,0.0
67.246,0.0,0.0,0.0
67.256,0.0,0.0,0.0
67.266,0.0,0.0,0.0
67.276,0.0,0.0,0.0
67.286,0.0,0.0,0.0
67.296,0.0,0.0,0.0
67.306,0.0,0.0,0.0
67.316,0.0,0.0,0.0
67.326,0.0,0.0,0.0
67.336,0.0,0.0,0.0
67.346,0.0,0.0,0.0
67.356,0.0,0.0,0.0
67.366,0.0,0.0,0.0
67.376,0.0,0.0,0.0
67.386,0.0,0.0,0.0
67.396,0.0,0.0,0.0
67.406,0.0,0.0,0.0
67.418,0.0,0.0,0.0
67.426,0.0,0.0,0.0
67.436,0.0,0.0,0.0
67.446,0.0,0.0,0.0
67.456,0.0,0.0,0.0
67.467,0.0,0.0,0.0
67.476,0.0,0.0,0.0
67.486,0.0,0.0,0.0
67.496,0.0,0.0,0.0
67.507,0.0,0.0,0.0
67.516,0.0,0.0,0.0
67.526,0.0,0.0,0.0
67.536,0.0,0.0,0.0
67.546,0.0,0.0,0.0
67.556,0.0,0.0,0.0
67.567,0.0,0.0,0.0
67.576,0.0,0.0,0.0
67.586,0.0,0.0,0.0
67.596,0.0,0.0,0.0
67.606,0.0,0.0,0.0
67.616,0.0,0.0,0.0
67.626,0.0,0.0,0.0
67.636,0.0,0.0,0.0
67.646,0.0,0.0,0.0
67.657,0.0,0.0,0.0
67.666,0.0,0.0,0.0
67.676,0.0,0.0,0.0
67.686,0.0,0.0,0.0
67.696,0.0,0.0,0.0
67.706,0.0,0.0,0.0
67.717,0.0,0.0,0.0
67.726,0.0,0.0,0.0
67.736,0.0,0.0,0.0
67.746,0.0,0.0,0.0
67.756,0.0,0.0,0.0
67.766,0.0,0.0,0.0
67.776,0.0,0.0,0.0
67.786,0.0,0.0,0.0
68.106,0.0,0.0,0.0
68.116,0.0,0.0,0.0
68.126,0.0,0.0,0.0
68.136,0.0,0.0,0.0
68.147,0.0,0.0,0.0
68.157,0.0,0.0,0.0
68.167,0.0,0.0,0.0
68.176,0.0,0.0,0.0
68.187,0.0,0.0,0.0
68.196,0.0,0.0,0.0
68.206,0.0,0.0,0.0
68.217,0.0,0.0,0.0
68.226,0.0,0.0,0.0
68.236,0.0,0.0,0.0
68.246,0.0,0.0,0.0
68.256,0.0,0.0,0.0
68.266,0.0,0.0,0.0
68.276,0.0,0.0,0.0
68.606,0.0,0.0,0.0
68.616,0.0,0.0,0.0
69.016,0.0,0.0,0.0
69.026,0.0,0.0,0.0
69.036,0.0,0.0,0.0
69.046,0.0,0.0,0.0
69.056,0.0,0.0,0.0
69.066,0.0,0.0,0.0
69.077,0.0,0.0,0.0
69.086,0.0,0.0,0.0
69.096,0.0,0.0,0.0
69.108,0.0,0.0,0.0
69.117,0.0,0.0,0.0
69.126,0.0,0.0,0.0
69.136,0.0,0.0,0.0
69.146,0.0,0.0,0.0
69.156,0.0,0.0,0.0
69.166,0.0,0.0,0.0
69.178,0.0,0.0,0.0
69.186,0.0,0.0,0.0
69.197,0.0,0.0,0.0
69.206,0.0,0.0,0.0
69.216,0.0,0.0,0.0
69.226,0.0,0.0,0.0
69.236,0.0,0.0,0.0
69.246,0.0,0.0,0.0
69.256,0.0,0.0,0.0
69.266,0.0,0.0,0.0
69.276,0.0,0.0,0.0
69.286,0.0,0.0,0.0
69.296,0.0,0.0,0.0
69.306,0.0,0.0,0.0
69.316,0.0,0.0,0.0
69.326,0.0,0.0,0.0
69.336,0.0,0.0,0.0
69.346,0.0,0.0,0.0
69.356,0.0,0.0,0.0
69.366,0.0,0.0,0.0
69.376,0.0,0.0,0.0
69.386,0.0,0.0,0.0
69.396,0.0,0.0,0.0
69.406,0.0,0.0,0.0
69.416,0.0,0.0,0.0
69.427,0.0,0.0,0.0
69.437,0.0,0.0,0.0
69.446,0.0,0.0,0.0
69.456,0.0,0.0,0.0
69.466,0.0,0.0,0.0
69.476,0.0,0.0,0.0
69.486,0.0,0.0,0.0
69.496,0.0,0.0,0.0
69.506,0.0,0.0,0.0
69.516,0.0,0.0,0.0
69.526,0.0,0.0,0.0
69.536,0.0,0.0,0.0
69.546,0.0,0.0,0.0
69.556,0.0,0.0,0.0
69.566,0.0,0.0,0.0
69.576,0.0,0.0,0.0
69.586,0.0,0.0,0.0
69.597,0.0,0.0,0.0
69.606,0.0,0.0,0.0
69.616,0.0,0.0,0.0
69.626,0.0,0.0,0.0
69.636,0.0,0.0,0.0
69.646,0.0,0.0,0.0
69.656,0.0,0.0,0.0
69.666,0.0,0.0,0.0
69.676,0.0,0.0,0.0
69.686,0.0,0.0,0.0
69.696,0.0,0.0,0.0
69.706,0.0,0.0,0.0
69.716,0.0,0.0,0.0
69.726,0.0,0.0,0.0
69.736,0.0,0.0,0.0
69.746,0.0,0.0,0.0
69.756,0.0,0.0,0.0
69.766,0.0,0.0,0.0
69.776,0.0,0.0,0.0
69.786,0.0,0.0,0.0
69.796,0.0,0.0,0.0
69.806,0.0,0.0,0.0
69.816,0.0,0.0,0.0
69.827,0.0,0.0,0.0
69.836,0.0,0.0,0.0
69.846,0.0,0.0,0.0
69.856,0.0,0.0,0.0
69.866,0.0,0.0,0.0
69.876,0.0,0.0,0.0
69.886,0.0,0.0,0.0
69.897,0.0,0.0,0.0
69.906,0.0,0.0,0.0
69.916,0.0,0.0,0.0
69.926,0.0,0.0,0.0
69.936,0.0,0.0,0.0
69.946,0.0,0.0,0.0
69.956,0.0,0.0,0.0
69.966,0.0,0.0,0.0
69.976,0.0,0.0,0.0
69.986,0.0,0.0,0.0
69.996,0.0,0.0,0.0
70.006,0.0,0.0,0.0
70.016,0.0,0.0,0.0
70.026,0.0,0.0,0.0
70.036,0.0,0.0,0.0
70.046,0.0,0.0,0.0
70.056,0.0,0.0,0.0
70.066,0.0,0.0,0.0
70.076,0.0,0.0,0.0
70.086,0.0,0.0,0.0
70.096,0.0,0.0,0.0
70.106,0.0,0.0,0.0
70.116,0.0,0.0,0.0
70.126,0.0,0.0,0.0
70.136,0.0,0.0,0.0
70.146,0.0,0.0,0.0
70.158,0.0,0.0,0.0
70.166,0.0,0.0,0.0
70.176,0.0,0.0,0.0
70.186,0.0,0.0,0.0
70.196,0.0,0.0,0.0
70.206,0.0,0.0,0.0
70.216,0.0,0.0,0.0
70.226,0.0,0.0,0.0
70.236,0.0,0.0,0.0
70.246,0.0,0.0,0.0
70.257,0.0,0.0,0.0
70.266,0.0,0.0,0.0
70.276,0.0,0.0,0.0
70.286,0.0,0.0,0.0
70.296,0.0,0.0,0.0
70.306,0.0,0.0,0.0
70.316,0.0,0.0,0.0
70.326,0.0,0.0,0.0
70.336,0.0,0.0,0.0
70.346,0.0,0.0,0.0
70.356,0.0,0.0,0.0
70.366,0.0,0.0,0.0
70.376,0.0,0.0,0.0
70.386,0.0,0.0,0.0
70.396,0.0,0.0,0.0
70.407,0.0,0.0,0.0
70.416,0.0,0.0,0.0
70.426,0.0,0.0,0.0
70.436,0.0,0.0,0.0
70.446,0.0,0.0,0.0
70.456,0.0,0.0,0.0
70.466,0.0,0.0,0.0
70.476,0.0,0.0,0.0
70.486,0.0,0.0,0.0
70.496,0.0,0.0,0.0
70.506,0.0,0.0,0.0
70.516,0.0,0.0,0.0
70.526,0.0,0.0,0.0
70.536,0.0,0.0,0.0
70.546,0.0,0.0,0.0
70.556,0.0,0.0,0.0
70.566,0.0,0.0,0.0
70.576,0.0,0.0,0.0
70.586,0.0,0.0,0.0
70.596,0.0,0.0,0.0
70.606,0.0,0.0,0.0
70.616,0.0,0.0,0.0
70.626,0.0,0.0,0.0
70.636,0.0,0.0,0.0
70.646,0.0,0.0,0.0
70.658,0.0,0.0,0.0
70.666,0.0,0.0,0.0
70.676,0.0,0.0,0.0
70.686,0.0,0.0,0.0
70.696,0.0,0.0,0.0
70.706,0.0,0.0,0.0
70.716,0.0,0.0,0.0
70.726,0.0,0.0,0.0
70.736,0.0,0.0,0.0
70.746,0.0,0.0,0.0
70.756,0.0,0.0,0.0
70.766,0.0,0.0,0.0
70.776,0.0,0.0,0.0
70.786,0.0,0.0,0.0
70.796,0.0,0.0,0.0
70.806,0.0,0.0,0.0
70.816,0.0,0.0,0.0
70.826,0.0,0.0,0.0
70.836,0.0,0.0,0.0
70.846,0.0,0.0,0.0
70.856,0.0,0.0,0.0
70.866,0.0,0.0,0.0
70.876,0.0,0.0,0.0
70.886,0.0,0.0,0.0
70.896,0.0,0.0,0.0
70.906,0.0,0.0,0.0
70.916,0.0,0.0,0.0
70.927,0.0,0.0,0.0
70.936,0.0,0.0,0.0
70.946,0.0,0.0,0.0
70.958,0.0,0.0,0.0
70.966,0.0,0.0,0.0
70.976,0.0,0.0,0.0
70.986,0.0,0.0,0.0
70.996,0.0,0.0,0.0
71.006,0.0,0.0,0.0
71.017,0.0,0.0,0.0
71.026,0.0,0.0,0.0
71.036,0.0,0.0,0.0
71.046,0.0,0.0,0.0
71.056,0.0,0.0,0.0
71.066,0.0,0.0,0.0
71.076,0.0,0.0,0.0
71.086,0.0,0.0,0.0
71.096,0.0,0.0,0.0
71.107,0.0,0.0,0.0
71.117,0.0,0.0,0.0
71.126,0.0,0.0,0.0
71.136,0.0,0.0,0.0
71.146,0.0,0.0,0.0
71.156,0.0,0.0,0.0
71.166,0.0,0.0,0.0
71.176,0.0,0.0,0.0
71.186,0.0,0.0,0.0
71.196,0.0,0.0,0.0
71.206,0.0,0.0,0.0
71.217,0.0,0.0,0.0
71.226,0.0,0.0,0.0
71.236,0.0,0.0,0.0
71.249,0.0,0.0,0.0
71.256,0.0,0.0,0.0
71.266,0.0,0.0,0.0
71.276,0.0,0.0,0.0
71.286,0.0,0.0,0.0
71.296,0.0,0.0,0.0
71.306,0.0,0.0,0.0
71.317,0.0,0.0,0.0
71.326,0.0,0.0,0.0
71.336,0.0,0.0,0.0
71.348,0.0,0.0,0.0
71.356,0.0,0.0,0.0
71.366,0.0,0.0,0.0
71.376,0.0,0.0,0.0
71.387,0.0,0.0,0.0
71.4,0.0,0.0,0.0
71.406,0.0,0.0,0.0
71.416,0.0,0.0,0.0
71.426,0.0,0.0,0.0
71.436,0.0,0.0,0.0
71.449,0.0,0.0,0.0
71.456,0.0,0.0,0.0
71.466,0.0,0.0,0.0
71.476,0.0,0.0,0.0
71.486,0.0,0.0,0.0
71.496,0.0,0.0,0.0
71.506,0.0,0.0,0.0
71.516,0.0,0.0,0.0
71.526,0.0,0.0,0.0
71.536,0.0,0.0,0.0
71.546,0.0,0.0,0.0
71.556,0.0,0.0,0.0
71.566,0.0,0.0,0.0
71.576,0.0,0.0,0.0
71.586,0.0,0.0,0.0
71.596,0.0,0.0,0.0
71.608,0.0,0.0,0.0
71.616,0.0,0.0,0.0
71.626,0.0,0.0,0.0
71.636,0.0,0.0,0.0
71.646,0.0,0.0,0.0
71.656,0.0,0.0,0.0
71.666,0.0,0.0,0.0
71.676,0.0,0.0,0.0
71.686,0.0,0.0,0.0
71.696,0.0,0.0,0.0
71.706,0.0,0.0,0.0
71.716,0.0,0.0,0.0
71.726,0.0,0.0,0.0
71.736,0.0,0.0,0.0
71.746,0.0,0.0,0.0
71.756,0.0,0.0,0.0
71.766,0.0,0.0,0.0
71.776,0.0,0.0,0.0
71.786,0.0,0.0,0.0
71.796,0.0,0.0,0.0
71.807,0.0,0.0,0.0
71.816,0.0,0.0,0.0
71.826,0.0,0.0,0.0
71.836,0.0,0.0,0.0
71.847,0.0,0.0,0.0
71.856,0.0,0.0,0.0
71.866,0.0,0.0,0.0
71.88,0.0,0.0,0.0
71.886,0.0,0.0,0.0
71.896,0.0,0.0,0.0
71.907,0.0,0.0,0.0
71.916,0.0,0.0,0.0
71.926,0.0,0.0,0.0
71.936,0.0,0.0,0.0
71.946,0.0,0.0,0.0
71.957,0.0,0.0,0.0
71.966,0.0,0.0,0.0
71.976,0.0,0.0,0.0
71.987,0.0,0.0,0.0
71.996,0.0,0.0,0.0
72.008,0.0,0.0,0.0
72.016,0.0,0.0,0.0
72.026,0.0,0.0,0.0
72.037,0.0,0.0,0.0
72.046,0.0,0.0,0.0
72.057,0.0,0.0,0.0
72.066,0.0,0.0,0.0
72.076,0.0,0.0,0.0
72.087,0.0,0.0,0.0
72.096,0.0,0.0,0.0
72.109,0.0,0.0,0.0
72.116,0.0,0.0,0.0
72.126,0.0,0.0,0.0
72.136,0.0,0.0,0.0
72.146,0.0,0.0,0.0
72.156,0.0,0.0,0.0
72.166,0.0,0.0,0.0
72.176,0.0,0.0,0.0
72.186,0.0,0.0,0.0
72.196,0.0,0.0,0.0
72.208,0.0,0.0,0.0
72.216,0.0,0.0,0.0
72.226,0.0,0.0,0.0
72.238,0.0,0.0,0.0
72.246,0.0,0.0,0.0
72.256,0.0,0.0,0.0
72.266,0.0,0.0,0.0
72.276,0.0,0.0,0.0
72.286,0.0,0.0,0.0
72.296,0.0,0.0,0.0
72.307,0.0,0.0,0.0
72.316,0.0,0.0,0.0
72.326,0.0,0.0,0.0
72.336,0.0,0.0,0.0
72.346,0.0,0.0,0.0
72.356,0.0,0.0,0.0
72.366,0.0,0.0,0.0
72.376,0.0,0.0,0.0
72.386,0.0,0.0,0.0
72.397,0.0,0.0,0.0
72.406,0.0,0.0,0.0
72.416,0.0,0.0,0.0
72.426,0.0,0.0,0.0
72.436,0.0,0.0,0.0
72.446,0.0,0.0,0.0
72.456,0.0,0.0,0.0
72.466,0.0,0.0,0.0
72.476,0.0,0.0,0.0
72.486,0.0,0.0,0.0
72.496,0.0,0.0,0.0
72.506,0.0,0.0,0.0
72.516,0.0,0.0,0.0
72.528,0.0,0.0,0.0
72.536,0.0,0.0,0.0
72.546,0.0,0.0,0.0
72.556,0.0,0.0,0.0
72.567,0.0,0.0,0.0
72.576,0.0,0.0,0.0
72.586,0.0,0.0,0.0
72.596,0.0,0.0,0.0
72.606,0.0,0.0,0.0
72.616,0.0,0.0,0.0
72.626,0.0,0.0,0.0
72.638,0.0,0.0,0.0
72.646,0.0,0.0,0.0
72.656,0.0,0.0,0.0
72.667,0.0,0.0,0.0
72.676,0.0,0.0,0.0
72.686,0.0,0.0,0.0
72.696,0.0,0.0,0.0
72.706,0.0,0.0,0.0
72.716,0.0,0.0,0.0
72.726,0.0,0.0,0.0
72.736,0.0,0.0,0.0
72.746,0.0,0.0,0.0
72.756,0.0,0.0,0.0
72.766,0.0,0.0,0.0
72.776,0.0,0.0,0.0
72.786,0.0,0.0,0.0
72.796,0.0,0.0,0.0
72.806,0.0,0.0,0.0
72.816,0.0,0.0,0.0
72.826,0.0,0.0,0.0
72.836,0.0,0.0,0.0
72.846,0.0,0.0,0.0
72.856,0.0,0.0,0.0
72.866,0.0,0.0,0.0
72.877,0.0,0.0,0.0
72.886,0.0,0.0,0.0
72.896,0.0,0.0,0.0
72.906,0.0,0.0,0.0
72.916,0.0,0.0,0.0
72.929,0.0,0.0,0.0
72.936,0.0,0.0,0.0
72.946,0.0,0.0,0.0
72.956,0.0,0.0,0.0
72.966,0.0,0.0,0.0
72.976,0.0,0.0,0.0
72.986,0.0,0.0,0.0
72.996,0.0,0.0,0.0
73.006,0.0,0.0,0.0
73.016,0.0,0.0,0.0
73.027,0.0,0.0,0.0
73.036,0.0,0.0,0.0
73.046,0.0,0.0,0.0
73.056,0.0,0.0,0.0
73.066,0.0,0.0,0.0
73.076,0.0,0.0,0.0
73.086,0.0,0.0,0.0
73.096,0.0,0.0,0.0
73.106,0.0,0.0,0.0
73.116,0.0,0.0,0.0
73.126,0.0,0.0,0.0
73.136,0.0,0.0,0.0
73.147,0.0,0.0,0.0
73.156,0.0,0.0,0.0
73.166,0.0,0.0,0.0
73.176,0.0,0.0,0.0
73.186,0.0,0.0,0.0
73.196,0.0,0.0,0.0
73.206,0.0,0.0,0.0
73.216,0.0,0.0,0.0
73.228,0.0,0.0,0.0
73.236,0.0,0.0,0.0
73.246,0.0,0.0,0.0
73.256,0.0,0.0,0.0
73.267,0.0,0.0,0.0
73.276,0.0,0.0,0.0
73.286,0.0,0.0,0.0
73.296,0.0,0.0,0.0
73.306,0.0,0.0,0.0
73.316,0.0,0.0,0.0
73.326,0.0,0.0,0.0
73.336,0.0,0.0,0.0
73.346,0.0,0.0,0.0
73.356,0.0,0.0,0.0
73.366,0.0,0.0,0.0
73.376,0.0,0.0,0.0
73.386,0.0,0.0,0.0
73.396,0.0,0.0,0.0
73.406,0.0,0.0,0.0
73.416,0.0,0.0,0.0
73.427,0.0,0.0,0.0
73.436,0.0,0.0,0.0
73.446,0.0,0.0,0.0
73.456,0.0,0.0,0.0
73.466,0.0,0.0,0.0
73.477,0.0,0.0,0.0
73.486,0.0,0.0,0.0
73.496,0.0,0.0,0.0
73.506,0.0,0.0,0.0
73.516,0.0,0.0,0.0
73.526,0.0,0.0,0.0
73.536,0.0,0.0,0.0
73.546,0.0,0.0,0.0
73.557,0.0,0.0,0.0
73.566,0.0,0.0,0.0
73.576,0.0,0.0,0.0
73.586,0.0,0.0,0.0
73.596,0.0,0.0,0.0
73.606,0.0,0.0,0.0
73.616,0.0,0.0,0.0
73.626,0.0,0.0,0.0
73.637,0.0,0.0,0.0
73.646,0.0,0.0,0.0
73.656,0.0,0.0,0.0
73.666,0.0,0.0,0.0
73.676,0.0,0.0,0.0
73.686,0.0,0.0,0.0
73.696,0.0,0.0,0.0
73.706,0.0,0.0,0.0
73.716,0.0,0.0,0.0
73.726,0.0,0.0,0.0
73.736,0.0,0.0,0.0
73.746,0.0,0.0,0.0
73.757,0.0,0.0,0.0
73.766,0.0,0.0,0.0
73.776,0.0,0.0,0.0
73.786,0.0,0.0,0.0
73.796,0.0,0.0,0.0
73.806,0.0,0.0,0.0
73.816,0.0,0.0,0.0
73.826,0.0,0.0,0.0
73.836,0.0,0.0,0.0
73.846,0.0,0.0,0.0
73.856,0.0,0.0,0.0
73.866,0.0,0.0,0.0
73.876,0.0,0.0,0.0
73.886,0.0,0.0,0.0
73.896,0.0,0.0,0.0
73.906,0.0,0.0,0.0
73.916,0.0,0.0,0.0
73.926,0.0,0.0,0.0
73.936,0.0,0.0,0.0
73.946,0.0,0.0,0.0
73.956,0.0,0.0,0.0
73.966,0.0,0.0,0.0
