Time,X,Y,Z,Target_X,Target_Y,Target_Z
0.0,4.189035346681837e-10,-9.127324759485395e-08,0.0749922448887726,4.189035346681837e-10,-9.127324759485395e-08,0.0749922448887726
0.013,4.189035346681837e-10,-9.127324759485395e-08,0.0749922448887726,4.189035346681837e-10,-9.127324759485395e-08,0.0749922448887726
0.026,4.189035346681837e-10,-9.127324759485395e-08,0.0749922448887726,4.189035346681837e-10,-9.127324759485395e-08,0.0749922448887726
0.038,4.189035346681837e-10,-9.127324759485395e-08,0.0749922448887726,4.189035346681837e-10,-9.127324759485395e-08,0.0749922448887726
0.04,4.189035346681837e-10,-9.127324759485395e-08,0.0749922448887726,4.189035346681837e-10,-9.127324759485395e-08,0.0749922448887726
0.05,4.189035346681837e-10,-9.127324759485395e-08,0.0749922448887726,4.189035346681837e-10,-9.127324759485395e-08,0.0749922448887726
0.06,4.189035346681837e-10,-9.127324759485395e-08,0.0749922448887726,4.189035346681837e-10,-9.127324759485395e-08,0.0749922448887726
0.071,4.189035346681837e-10,-9.127324759485395e-08,0.0749922448887726,4.189035346681837e-10,-9.127324759485395e-08,0.0749922448887726
0.08,4.189035346681837e-10,-9.127324759485395e-08,0.0749922448887726,4.189035346681837e-10,-9.127324759485395e-08,0.0749922448887726
0.09,4.189035346681837e-10,-9.127324759485395e-08,0.0749922448887726,4.189035346681837e-10,-9.127324759485395e-08,0.0749922448887726
0.107,4.189035346681837e-10,-9.127324759485395e-08,0.0749922448887726,4.189035346681837e-10,-9.127324759485395e-08,0.0749922448887726
0.11,4.189035346681837e-10,-9.127324759485395e-08,0.0749922448887726,4.189035346681837e-10,-9.127324759485395e-08,0.0749922448887726
0.122,4.189035346681837e-10,-9.127324759485395e-08,0.0749922448887726,4.189035346681837e-10,-9.127324759485395e-08,0.0749922448887726
0.13,4.189035346681837e-10,-9.127324759485395e-08,0.0749922448887726,4.189035346681837e-10,-9.127324759485395e-08,0.0749922448887726
0.147,4.189035346681837e-10,-9.127324759485395e-08,0.0749922448887726,4.189035346681837e-10,-9.127324759485395e-08,0.0749922448887726
0.157,4.189035346681837e-10,-9.127324759485395e-08,0.0749922448887726,4.189035346681837e-10,-9.127324759485395e-08,0.0749922448887726
0.871,4.189035346681837e-10,-9.127324759485395e-08,0.0749922448887726,4.189035346681837e-10,-9.127324759485395e-08,0.0749922448887726
0.88,4.189035346681837e-10,-9.127324759485395e-08,0.0749922448887726,4.189035346681837e-10,-9.127324759485395e-08,0.0749922448887726
0.89,4.189035346681837e-10,-9.127324759485395e-08,0.0749922448887726,4.189035346681837e-10,-9.127324759485395e-08,0.0749922448887726
0.9,4.189035346681837e-10,-9.127324759485395e-08,0.0749922448887726,4.189035346681837e-10,-9.127324759485395e-08,0.0749922448887726
0.913,4.189035346681837e-10,-9.127324759485395e-08,0.0749922448887726,4.189035346681837e-10,-9.127324759485395e-08,0.0749922448887726
0.921,4.189035346681837e-10,-9.127324759485395e-08,0.0749922448887726,4.189035346681837e-10,-9.127324759485395e-08,0.0749922448887726
0.939,4.189035346681837e-10,-9.127324759485395e-08,0.0749922448887726,4.189035346681837e-10,-9.127324759485395e-08,0.0749922448887726
0.94,4.189035346681837e-10,-9.127324759485395e-08,0.0749922448887726,4.189035346681837e-10,-9.127324759485395e-08,0.0749922448887726
0.956,4.189035346681837e-10,-9.127324759485395e-08,0.0749922448887726,4.189035346681837e-10,-9.127324759485395e-08,0.0749922448887726
0.96,4.189035346681837e-10,-9.127324759485395e-08,0.0749922448887726,4.189035346681837e-10,-9.127324759485395e-08,0.0749922448887726
0.97,4.189035346681837e-10,-9.127324759485395e-08,0.0749922448887726,4.189035346681837e-10,-9.127324759485395e-08,0.0749922448887726
0.98,4.189035346681837e-10,-9.127324759485395e-08,0.0749922448887726,4.189035346681837e-10,-9.127324759485395e-08,0.0749922448887726
0.991,4.189035346681837e-10,-9.127324759485395e-08,0.0749922448887726,4.189035346681837e-10,-9.127324759485395e-08,0.0749922448887726
1.0,4.189035346681837e-10,-9.127324759485395e-08,0.0749922448887726,4.189035346681837e-10,-9.127324759485395e-08,0.0749922448887726
1.01,4.189035346681837e-10,-9.127324759485395e-08,0.0749922448887726,4.189035346681837e-10,-9.127324759485395e-08,0.0749922448887726
1.021,4.189035346681837e-10,-9.127324759485395e-08,0.0749922448887726,4.189035346681837e-10,-9.127324759485395e-08,0.0749922448887726
1.03,4.189035346681837e-10,-9.127324759485395e-08,0.0749922448887726,4.189035346681837e-10,-9.127324759485395e-08,0.0749922448887726
1.044,4.189035346681837e-10,-9.127324759485395e-08,0.0749922448887726,4.189035346681837e-10,-9.127324759485395e-08,0.0749922448887726
1.05,4.189035346681837e-10,-9.127324759485395e-08,0.0749922448887726,4.189035346681837e-10,-9.127324759485395e-08,0.0749922448887726
1.068,4.189035346681837e-10,-9.127324759485395e-08,0.0749922448887726,4.189035346681837e-10,-9.127324759485395e-08,0.0749922448887726
1.07,4.189035346681837e-10,-9.127324759485395e-08,0.0749922448887726,4.189035346681837e-10,-9.127324759485395e-08,0.0749922448887726
1.08,4.189035346681837e-10,-9.127324759485395e-08,0.0749922448887726,4.189035346681837e-10,-9.127324759485395e-08,0.0749922448887726
1.091,4.189035346681837e-10,-9.127324759485395e-08,0.0749922448887726,4.189035346681837e-10,-9.127324759485395e-08,0.0749922448887726
1.105,4.189035346681837e-10,-9.127324759485395e-08,0.0749922448887726,4.189035346681837e-10,-9.127324759485395e-08,0.0749922448887726
1.11,4.189035346681837e-10,-9.127324759485395e-08,0.0749922448887726,4.189035346681837e-10,-9.127324759485395e-08,0.0749922448887726
1.121,4.189035346681837e-10,-9.127324759485395e-08,0.0749922448887726,4.189035346681837e-10,-9.127324759485395e-08,0.0749922448887726
1.13,4.189035346681837e-10,-9.127324759485395e-08,0.0749922448887726,4.189035346681837e-10,-9.127324759485395e-08,0.0749922448887726
1.143,4.189035346681837e-10,-9.127324759485395e-08,0.0749922448887726,4.189035346681837e-10,-9.127324759485395e-08,0.0749922448887726
1.152,4.189035346681837e-10,-9.127324759485395e-08,0.0749922448887726,4.189035346681837e-10,-9.127324759485395e-08,0.0749922448887726
1.163,4.189035346681837e-10,-9.127324759485395e-08,0.0749922448887726,4.189035346681837e-10,-9.127324759485395e-08,0.0749922448887726
1.17,4.189035346681837e-10,-9.127324759485395e-08,0.0749922448887726,4.189035346681837e-10,-9.127324759485395e-08,0.0749922448887726
1.18,4.189035346681837e-10,-9.127324759485395e-08,0.0749922448887726,4.189035346681837e-10,-9.127324759485395e-08,0.0749922448887726
1.198,4.189035346681837e-10,-9.127324759485395e-08,0.0749922448887726,4.189035346681837e-10,-9.127324759485395e-08,0.0749922448887726
1.2,4.189035346681837e-10,-9.127324759485395e-08,0.0749922448887726,4.189035346681837e-10,-9.127324759485395e-08,0.0749922448887726
1.21,4.189035346681837e-10,-9.127324759485395e-08,0.0749922448887726,4.189035346681837e-10,-9.127324759485395e-08,0.0749922448887726
1.23,4.189035346681837e-10,-9.127324759485395e-08,0.0749922448887726,4.189035346681837e-10,-9.127324759485395e-08,0.0749922448887726
1.23,4.189035346681837e-10,-9.127324759485395e-08,0.0749922448887726,4.189035346681837e-10,-9.127324759485395e-08,0.0749922448887726
1.245,4.189035346681837e-10,-9.127324759485395e-08,0.0749922448887726,4.189035346681837e-10,-9.127324759485395e-08,0.0749922448887726
1.251,4.189035346681837e-10,-9.127324759485395e-08,0.0749922448887726,4.189035346681837e-10,-9.127324759485395e-08,0.0749922448887726
1.26,4.189035346681837e-10,-9.127324759485395e-08,0.0749922448887726,4.189035346681837e-10,-9.127324759485395e-08,0.0749922448887726
1.271,4.189035346681837e-10,-9.127324759485395e-08,0.0749922448887726,4.189035346681837e-10,-9.127324759485395e-08,0.0749922448887726
1.28,4.189035346681837e-10,-9.127324759485395e-08,0.0749922448887726,4.189035346681837e-10,-9.127324759485395e-08,0.0749922448887726
1.294,4.189035346681837e-10,-9.127324759485395e-08,0.0749922448887726,4.189035346681837e-10,-9.127324759485395e-08,0.0749922448887726
1.301,4.189035346681837e-10,-9.127324759485395e-08,0.0749922448887726,4.189035346681837e-10,-9.127324759485395e-08,0.0749922448887726
1.31,4.189035346681837e-10,-9.127324759485395e-08,0.0749922448887726,4.189035346681837e-10,-9.127324759485395e-08,0.0749922448887726
1.326,4.189035346681837e-10,-9.127324759485395e-08,0.0749922448887726,4.189035346681837e-10,-9.127324759485395e-08,0.0749922448887726
1.335,4.189035346681837e-10,-9.127324759485395e-08,0.0749922448887726,4.189035346681837e-10,-9.127324759485395e-08,0.0749922448887726
1.343,4.189035346681837e-10,-9.127324759485395e-08,0.0749922448887726,4.189035346681837e-10,-9.127324759485395e-08,0.0749922448887726
1.357,4.189035346681837e-10,-9.127324759485395e-08,0.0749922448887726,4.189035346681837e-10,-9.127324759485395e-08,0.0749922448887726
1.36,4.189035346681837e-10,-9.127324759485395e-08,0.0749922448887726,4.189035346681837e-10,-9.127324759485395e-08,0.0749922448887726
1.378,4.189035346681837e-10,-9.127324759485395e-08,0.0749922448887726,4.189035346681837e-10,-9.127324759485395e-08,0.0749922448887726
1.38,4.189035346681837e-10,-9.127324759485395e-08,0.0749922448887726,4.189035346681837e-10,-9.127324759485395e-08,0.0749922448887726
1.396,4.189035346681837e-10,-9.127324759485395e-08,0.0749922448887726,4.189035346681837e-10,-9.127324759485395e-08,0.0749922448887726
1.41,4.189035346681837e-10,-9.127324759485395e-08,0.0749922448887726,4.189035346681837e-10,-9.127324759485395e-08,0.0749922448887726
1.41,4.189035346681837e-10,-9.127324759485395e-08,0.0749922448887726,4.189035346681837e-10,-9.127324759485395e-08,0.0749922448887726
1.425,4.189035346681837e-10,-9.127324759485395e-08,0.0749922448887726,4.189035346681837e-10,-9.127324759485395e-08,0.0749922448887726
1.449,4.189035346681837e-10,-9.127324759485395e-08,0.0749922448887726,4.189035346681837e-10,-9.127324759485395e-08,0.0749922448887726
1.456,4.189035346681837e-10,-9.127324759485395e-08,0.0749922448887726,4.189035346681837e-10,-9.127324759485395e-08,0.0749922448887726
1.68,4.189035346681837e-10,-9.127324759485395e-08,0.0749922448887726,4.189035346681837e-10,-9.127324759485395e-08,0.0749922448887726
1.691,4.189035346681837e-10,-9.127324759485395e-08,0.0749922448887726,4.189035346681837e-10,-9.127324759485395e-08,0.0749922448887726
1.99,4.189035346681837e-10,-9.127324759485395e-08,0.0749922448887726,4.189035346681837e-10,-9.127324759485395e-08,0.0749922448887726
2.0,4.189035346681837e-10,-9.127324759485395e-08,0.0749922448887726,4.189035346681837e-10,-9.127324759485395e-08,0.0749922448887726
2.34,9.752925022158475e-10,-2.2339112166398953e-07,0.11089664566457409,9.752925022158475e-10,-2.2339112166398953e-07,0.11089664566457409
2.35,9.752925022158475e-10,-2.2339112166398953e-07,0.11089664566457409,9.752925022158475e-10,-2.2339112166398953e-07,0.11089664566457409
2.674,2.962056893681126e-09,-6.78046893715262e-07,0.2354808317072251,2.962056893681126e-09,-6.78046893715262e-07,0.2354808317072251
2.68,2.962056893681126e-09,-6.78046893715262e-07,0.2354808317072251,2.962056893681126e-09,-6.78046893715262e-07,0.2354808317072251
2.99,4.923532256018276e-09,-1.1269431168009085e-06,0.35848508817478897,4.923532256018276e-09,-1.1269431168009085e-06,0.35848508817478897
3.001,4.923532256018276e-09,-1.1269431168009085e-06,0.35848508817478897,4.923532256018276e-09,-1.1269431168009085e-06,0.35848508817478897
3.302,7.08993387034844e-09,-1.622747159174218e-06,0.49434222316872817,7.08993387034844e-09,-1.622747159174218e-06,0.49434222316872817
3.32,7.08993387034844e-09,-1.622747159174218e-06,0.49434222316872817,7.08993387034844e-09,-1.622747159174218e-06,0.49434222316872817
3.321,7.08993387034844e-09,-1.622747159174218e-06,0.49434222316872817,7.08993387034844e-09,-1.622747159174218e-06,0.49434222316872817
3.33,7.08993387034844e-09,-1.622747159174218e-06,0.49434222316872817,7.08993387034844e-09,-1.622747159174218e-06,0.49434222316872817
3.348,7.08993387034844e-09,-1.622747159174218e-06,0.49434222316872817,7.08993387034844e-09,-1.622747159174218e-06,0.49434222316872817
3.351,7.08993387034844e-09,-1.622747159174218e-06,0.49434222316872817,7.08993387034844e-09,-1.622747159174218e-06,0.49434222316872817
3.36,7.08993387034844e-09,-1.622747159174218e-06,0.49434222316872817,7.08993387034844e-09,-1.622747159174218e-06,0.49434222316872817
3.371,7.840181962965039e-09,-1.7944505459942987e-06,0.5413912456147688,7.840181962965039e-09,-1.7944505459942987e-06,0.5413912456147688
3.385,7.840181962965039e-09,-1.7944505459942987e-06,0.5413912456147688,7.840181962965039e-09,-1.7944505459942987e-06,0.5413912456147688
3.39,7.840181962965039e-09,-1.7944505459942987e-06,0.5413912456147688,7.840181962965039e-09,-1.7944505459942987e-06,0.5413912456147688
3.401,7.840181962965039e-09,-1.7944505459942987e-06,0.5413912456147688,7.840181962965039e-09,-1.7944505459942987e-06,0.5413912456147688
3.414,7.840181962965039e-09,-1.7944505459942987e-06,0.5413912456147688,7.840181962965039e-09,-1.7944505459942987e-06,0.5413912456147688
3.42,7.840181962965039e-09,-1.7944505459942987e-06,0.5413912456147688,7.840181962965039e-09,-1.7944505459942987e-06,0.5413912456147688
3.435,7.840181962965039e-09,-1.7944505459942987e-06,0.5413912456147688,7.840181962965039e-09,-1.7944505459942987e-06,0.5413912456147688
3.68,9.368735198439422e-09,-2.144279605851051e-06,0.6372490155541816,9.368735198439422e-09,-2.144279605851051e-06,0.6372490155541816
3.691,9.368735198439422e-09,-2.144279605851051e-06,0.6372490155541816,9.368735198439422e-09,-2.144279605851051e-06,0.6372490155541816
3.7,9.368735198439422e-09,-2.144279605851051e-06,0.6372490155541816,9.368735198439422e-09,-2.144279605851051e-06,0.6372490155541816
3.726,1.0143755971039465e-08,-2.321653483327449e-06,0.6858517688836966,1.0143755971039465e-08,-2.321653483327449e-06,0.6858517688836966
3.733,1.0143755971039465e-08,-2.321653483327449e-06,0.6858517688836966,1.0143755971039465e-08,-2.321653483327449e-06,0.6858517688836966
3.742,1.0143755971039465e-08,-2.321653483327449e-06,0.6858517688836966,1.0143755971039465e-08,-2.321653483327449e-06,0.6858517688836966
3.753,1.0143755971039465e-08,-2.321653483327449e-06,0.6858517688836966,1.0143755971039465e-08,-2.321653483327449e-06,0.6858517688836966
3.76,1.092423659449547e-08,-2.5002771260012573e-06,0.734796961501278,1.092423659449547e-08,-2.5002771260012573e-06,0.734796961501278
3.775,1.092423659449547e-08,-2.5002771260012573e-06,0.734796961501278,1.092423659449547e-08,-2.5002771260012573e-06,0.734796961501278
3.78,1.092423659449547e-08,-2.5002771260012573e-06,0.734796961501278,1.092423659449547e-08,-2.5002771260012573e-06,0.734796961501278
3.79,1.092423659449547e-08,-2.5002771260012573e-06,0.734796961501278,1.092423659449547e-08,-2.5002771260012573e-06,0.734796961501278
3.809,1.092423659449547e-08,-2.5002771260012573e-06,0.734796961501278,1.092423659449547e-08,-2.5002771260012573e-06,0.734796961501278
3.813,1.092423659449547e-08,-2.5002771260012573e-06,0.734796961501278,1.092423659449547e-08,-2.5002771260012573e-06,0.734796961501278
3.824,1.092423659449547e-08,-2.5002771260012573e-06,0.734796961501278,1.092423659449547e-08,-2.5002771260012573e-06,0.734796961501278
3.843,1.092423659449547e-08,-2.5002771260012573e-06,0.734796961501278,1.092423659449547e-08,-2.5002771260012573e-06,0.734796961501278
3.851,1.092423659449547e-08,-2.5002771260012573e-06,0.734796961501278,1.092423659449547e-08,-2.5002771260012573e-06,0.734796961501278
4.08,1.3289397764969442e-08,-3.041577425005459e-06,0.8831202027464292,1.3289397764969442e-08,-3.041577425005459e-06,0.8831202027464292
4.101,1.3289397764969442e-08,-3.041577425005459e-06,0.8831202027464292,1.3289397764969442e-08,-3.041577425005459e-06,0.8831202027464292
4.119,1.3289397764969442e-08,-3.041577425005459e-06,0.8831202027464292,1.3289397764969442e-08,-3.041577425005459e-06,0.8831202027464292
4.12,1.3289397764969442e-08,-3.041577425005459e-06,0.8831202027464292,1.3289397764969442e-08,-3.041577425005459e-06,0.8831202027464292
4.134,1.3289397764969442e-08,-3.041577425005459e-06,0.8831202027464292,1.3289397764969442e-08,-3.041577425005459e-06,0.8831202027464292
4.14,1.3289397764969442e-08,-3.041577425005459e-06,0.8831202027464292,1.3289397764969442e-08,-3.041577425005459e-06,0.8831202027464292
4.156,1.3289397764969442e-08,-3.041577425005459e-06,0.8831202027464292,1.3289397764969442e-08,-3.041577425005459e-06,0.8831202027464292
4.16,1.3289397764969442e-08,-3.041577425005459e-06,0.8831202027464292,1.3289397764969442e-08,-3.041577425005459e-06,0.8831202027464292
4.17,1.3289397764969442e-08,-3.041577425005459e-06,0.8831202027464292,1.3289397764969442e-08,-3.041577425005459e-06,0.8831202027464292
4.18,1.3289397764969442e-08,-3.041577425005459e-06,0.8831202027464292,1.3289397764969442e-08,-3.041577425005459e-06,0.8831202027464292
4.194,1.3289397764969442e-08,-3.041577425005459e-06,0.8831202027464292,1.3289397764969442e-08,-3.041577425005459e-06,0.8831202027464292
4.202,1.3289397764969442e-08,-3.041577425005459e-06,0.8831202027464292,1.3289397764969442e-08,-3.041577425005459e-06,0.8831202027464292
4.21,1.3289397764969442e-08,-3.041577425005459e-06,0.8831202027464292,1.3289397764969442e-08,-3.041577425005459e-06,0.8831202027464292
4.222,1.4083452080145465e-08,-3.2233080989856965e-06,0.9329167309510485,1.4083452080145465e-08,-3.2233080989856965e-06,0.9329167309510485
4.239,1.4083452080145465e-08,-3.2233080989856965e-06,0.9329167309510485,1.4083452080145465e-08,-3.2233080989856965e-06,0.9329167309510485
4.25,1.4083452080145465e-08,-3.2233080989856965e-06,0.9329167309510485,1.4083452080145465e-08,-3.2233080989856965e-06,0.9329167309510485
4.25,1.4083452080145465e-08,-3.2233080989856965e-06,0.9329167309510485,1.4083452080145465e-08,-3.2233080989856965e-06,0.9329167309510485
4.26,1.4083452080145465e-08,-3.2233080989856965e-06,0.9329167309510485,1.4083452080145465e-08,-3.2233080989856965e-06,0.9329167309510485
4.272,1.487951299216586e-08,-3.4054980849468423e-06,0.9828391119701625,1.487951299216586e-08,-3.4054980849468423e-06,0.9828391119701625
4.28,1.487951299216586e-08,-3.4054980849468423e-06,0.9828391119701625,1.487951299216586e-08,-3.4054980849468423e-06,0.9828391119701625
4.292,1.487951299216586e-08,-3.4054980849468423e-06,0.9828391119701625,1.487951299216586e-08,-3.4054980849468423e-06,0.9828391119701625
4.305,1.487951299216586e-08,-3.4054980849468423e-06,0.9828391119701625,1.487951299216586e-08,-3.4054980849468423e-06,0.9828391119701625
4.312,1.487951299216586e-08,-3.4054980849468423e-06,0.9828391119701625,1.487951299216586e-08,-3.4054980849468423e-06,0.9828391119701625
4.32,1.487951299216586e-08,-3.4054980849468423e-06,0.9828391119701625,1.487951299216586e-08,-3.4054980849468423e-06,0.9828391119701625
4.333,1.487951299216586e-08,-3.4054980849468423e-06,0.9828391119701625,1.487951299216586e-08,-3.4054980849468423e-06,0.9828391119701625
4.341,1.487951299216586e-08,-3.4054980849468423e-06,0.9828391119701625,1.487951299216586e-08,-3.4054980849468423e-06,0.9828391119701625
4.35,1.487951299216586e-08,-3.4054980849468423e-06,0.9828391119701625,1.487951299216586e-08,-3.4054980849468423e-06,0.9828391119701625
4.36,1.487951299216586e-08,-3.4054980849468423e-06,0.9828391119701625,1.487951299216586e-08,-3.4054980849468423e-06,0.9828391119701625
4.37,1.5677216444334566e-08,-3.588064049955551e-06,1.032864512338391,1.5677216444334566e-08,-3.588064049955551e-06,1.032864512338391
4.384,1.5677216444334566e-08,-3.588064049955551e-06,1.032864512338391,1.5677216444334566e-08,-3.588064049955551e-06,1.032864512338391
4.392,1.5677216444334566e-08,-3.588064049955551e-06,1.032864512338391,1.5677216444334566e-08,-3.588064049955551e-06,1.032864512338391
4.414,1.5677216444334566e-08,-3.588064049955551e-06,1.032864512338391,1.5677216444334566e-08,-3.588064049955551e-06,1.032864512338391
4.421,1.5677216444334566e-08,-3.588064049955551e-06,1.032864512338391,1.5677216444334566e-08,-3.588064049955551e-06,1.032864512338391
4.43,1.5677216444334566e-08,-3.588064049955551e-06,1.032864512338391,1.5677216444334566e-08,-3.588064049955551e-06,1.032864512338391
4.447,1.5677216444334566e-08,-3.588064049955551e-06,1.032864512338391,1.5677216444334566e-08,-3.588064049955551e-06,1.032864512338391
4.451,1.5677216444334566e-08,-3.588064049955551e-06,1.032864512338391,1.5677216444334566e-08,-3.588064049955551e-06,1.032864512338391
4.74,1.807746250906004e-08,-4.137395315582223e-06,1.1833882617231088,1.807746250906004e-08,-4.137395315582223e-06,1.1833882617231088
4.751,1.807746250906004e-08,-4.137395315582223e-06,1.1833882617231088,1.807746250906004e-08,-4.137395315582223e-06,1.1833882617231088
4.761,1.807746250906004e-08,-4.137395315582223e-06,1.1833882617231088,1.807746250906004e-08,-4.137395315582223e-06,1.1833882617231088
4.77,1.8879249467192887e-08,-4.320895999107518e-06,1.2336697776747771,1.8879249467192887e-08,-4.320895999107518e-06,1.2336697776747771
4.78,1.8879249467192887e-08,-4.320895999107518e-06,1.2336697776747771,1.8879249467192887e-08,-4.320895999107518e-06,1.2336697776747771
4.794,1.8879249467192887e-08,-4.320895999107518e-06,1.2336697776747771,1.8879249467192887e-08,-4.320895999107518e-06,1.2336697776747771
4.8,1.8879249467192887e-08,-4.320895999107518e-06,1.2336697776747771,1.8879249467192887e-08,-4.320895999107518e-06,1.2336697776747771
4.81,1.8879249467192887e-08,-4.320895999107518e-06,1.2336697776747771,1.8879249467192887e-08,-4.320895999107518e-06,1.2336697776747771
4.82,1.8879249467192887e-08,-4.320895999107518e-06,1.2336697776747771,1.8879249467192887e-08,-4.320895999107518e-06,1.2336697776747771
4.843,1.8879249467192887e-08,-4.320895999107518e-06,1.2336697776747771,1.8879249467192887e-08,-4.320895999107518e-06,1.2336697776747771
4.851,1.8879249467192887e-08,-4.320895999107518e-06,1.2336697776747771,1.8879249467192887e-08,-4.320895999107518e-06,1.2336697776747771
4.865,1.8879249467192887e-08,-4.320895999107518e-06,1.2336697776747771,1.8879249467192887e-08,-4.320895999107518e-06,1.2336697776747771
4.871,1.9681640089406076e-08,-4.504534861933613e-06,1.2839891551554377,1.9681640089406076e-08,-4.504534861933613e-06,1.2839891551554377
4.885,1.9681640089406076e-08,-4.504534861933613e-06,1.2839891551554377,1.9681640089406076e-08,-4.504534861933613e-06,1.2839891551554377
4.899,1.9681640089406076e-08,-4.504534861933613e-06,1.2839891551554377,1.9681640089406076e-08,-4.504534861933613e-06,1.2839891551554377
4.91,1.9681640089406076e-08,-4.504534861933613e-06,1.2839891551554377,1.9681640089406076e-08,-4.504534861933613e-06,1.2839891551554377
4.91,1.9681640089406076e-08,-4.504534861933613e-06,1.2839891551554377,1.9681640089406076e-08,-4.504534861933613e-06,1.2839891551554377
4.921,1.9681640089406076e-08,-4.504534861933613e-06,1.2839891551554377,1.9681640089406076e-08,-4.504534861933613e-06,1.2839891551554377
4.932,1.9681640089406076e-08,-4.504534861933613e-06,1.2839891551554377,1.9681640089406076e-08,-4.504534861933613e-06,1.2839891551554377
4.942,1.9681640089406076e-08,-4.504534861933613e-06,1.2839891551554377,1.9681640089406076e-08,-4.504534861933613e-06,1.2839891551554377
4.951,1.9681640089406076e-08,-4.504534861933613e-06,1.2839891551554377,1.9681640089406076e-08,-4.504534861933613e-06,1.2839891551554377
4.96,1.9681640089406076e-08,-4.504534861933613e-06,1.2839891551554377,1.9681640089406076e-08,-4.504534861933613e-06,1.2839891551554377
4.97,2.0484524852974812e-08,-4.688286834201816e-06,1.3343395249511236,2.0484524852974812e-08,-4.688286834201816e-06,1.3343395249511236
4.988,2.0484524852974812e-08,-4.688286834201816e-06,1.3343395249511236,2.0484524852974812e-08,-4.688286834201816e-06,1.3343395249511236
4.99,2.0484524852974812e-08,-4.688286834201816e-06,1.3343395249511236,2.0484524852974812e-08,-4.688286834201816e-06,1.3343395249511236
5.002,2.0484524852974812e-08,-4.688286834201816e-06,1.3343395249511236,2.0484524852974812e-08,-4.688286834201816e-06,1.3343395249511236
5.01,2.0484524852974812e-08,-4.688286834201816e-06,1.3343395249511236,2.0484524852974812e-08,-4.688286834201816e-06,1.3343395249511236
5.023,2.0484524852974812e-08,-4.688286834201816e-06,1.3343395249511236,2.0484524852974812e-08,-4.688286834201816e-06,1.3343395249511236
5.044,2.0484524852974812e-08,-4.688286834201816e-06,1.3343395249511236,2.0484524852974812e-08,-4.688286834201816e-06,1.3343395249511236
5.054,2.0484524852974812e-08,-4.688286834201816e-06,1.3343395249511236,2.0484524852974812e-08,-4.688286834201816e-06,1.3343395249511236
5.353,2.2895325848289847e-08,-5.240034133807118e-06,1.485525274649949,2.2895325848289847e-08,-5.240034133807118e-06,1.485525274649949
5.369,2.2895325848289847e-08,-5.240034133807118e-06,1.485525274649949,2.2895325848289847e-08,-5.240034133807118e-06,1.485525274649949
5.372,2.369943909272776e-08,-5.4240673065587996e-06,1.5359526941932067,2.369943909272776e-08,-5.4240673065587996e-06,1.5359526941932067
5.38,2.369943909272776e-08,-5.4240673065587996e-06,1.5359526941932067,2.369943909272776e-08,-5.4240673065587996e-06,1.5359526941932067
5.39,2.369943909272776e-08,-5.4240673065587996e-06,1.5359526941932067,2.369943909272776e-08,-5.4240673065587996e-06,1.5359526941932067
5.4,2.369943909272776e-08,-5.4240673065587996e-06,1.5359526941932067,2.369943909272776e-08,-5.4240673065587996e-06,1.5359526941932067
5.412,2.369943909272776e-08,-5.4240673065587996e-06,1.5359526941932067,2.369943909272776e-08,-5.4240673065587996e-06,1.5359526941932067
5.427,2.369943909272776e-08,-5.4240673065587996e-06,1.5359526941932067,2.369943909272776e-08,-5.4240673065587996e-06,1.5359526941932067
5.43,2.369943909272776e-08,-5.4240673065587996e-06,1.5359526941932067,2.369943909272776e-08,-5.4240673065587996e-06,1.5359526941932067
5.44,2.369943909272776e-08,-5.4240673065587996e-06,1.5359526941932067,2.369943909272776e-08,-5.4240673065587996e-06,1.5359526941932067
5.45,2.369943909272776e-08,-5.4240673065587996e-06,1.5359526941932067,2.369943909272776e-08,-5.4240673065587996e-06,1.5359526941932067
5.46,2.369943909272776e-08,-5.4240673065587996e-06,1.5359526941932067,2.369943909272776e-08,-5.4240673065587996e-06,1.5359526941932067
5.48,2.4503733943306358e-08,-5.608142049136605e-06,1.5863915039893046,2.4503733943306358e-08,-5.608142049136605e-06,1.5863915039893046
5.48,2.4503733943306358e-08,-5.608142049136605e-06,1.5863915039893046,2.4503733943306358e-08,-5.608142049136605e-06,1.5863915039893046
5.5,2.4503733943306358e-08,-5.608142049136605e-06,1.5863915039893046,2.4503733943306358e-08,-5.608142049136605e-06,1.5863915039893046
5.5,2.4503733943306358e-08,-5.608142049136605e-06,1.5863915039893046,2.4503733943306358e-08,-5.608142049136605e-06,1.5863915039893046
5.511,2.4503733943306358e-08,-5.608142049136605e-06,1.5863915039893046,2.4503733943306358e-08,-5.608142049136605e-06,1.5863915039893046
5.524,2.4503733943306358e-08,-5.608142049136605e-06,1.5863915039893046,2.4503733943306358e-08,-5.608142049136605e-06,1.5863915039893046
5.535,2.4503733943306358e-08,-5.608142049136605e-06,1.5863915039893046,2.4503733943306358e-08,-5.608142049136605e-06,1.5863915039893046
5.54,2.4503733943306358e-08,-5.608142049136605e-06,1.5863915039893046,2.4503733943306358e-08,-5.608142049136605e-06,1.5863915039893046
5.551,2.4503733943306358e-08,-5.608142049136605e-06,1.5863915039893046,2.4503733943306358e-08,-5.608142049136605e-06,1.5863915039893046
5.56,2.4503733943306358e-08,-5.608142049136605e-06,1.5863915039893046,2.4503733943306358e-08,-5.608142049136605e-06,1.5863915039893046
5.57,2.5308177451236614e-08,-5.79225081953055e-06,1.636839637505644,2.5308177451236614e-08,-5.79225081953055e-06,1.636839637505644
5.58,2.5308177451236614e-08,-5.79225081953055e-06,1.636839637505644,2.5308177451236614e-08,-5.79225081953055e-06,1.636839637505644
5.593,2.5308177451236614e-08,-5.79225081953055e-06,1.636839637505644,2.5308177451236614e-08,-5.79225081953055e-06,1.636839637505644
5.6,2.5308177451236614e-08,-5.79225081953055e-06,1.636839637505644,2.5308177451236614e-08,-5.79225081953055e-06,1.636839637505644
5.618,2.5308177451236614e-08,-5.79225081953055e-06,1.636839637505644,2.5308177451236614e-08,-5.79225081953055e-06,1.636839637505644
5.624,2.5308177451236614e-08,-5.79225081953055e-06,1.636839637505644,2.5308177451236614e-08,-5.79225081953055e-06,1.636839637505644
5.633,2.5308177451236614e-08,-5.79225081953055e-06,1.636839637505644,2.5308177451236614e-08,-5.79225081953055e-06,1.636839637505644
5.642,2.5308177451236614e-08,-5.79225081953055e-06,1.636839637505644,2.5308177451236614e-08,-5.79225081953055e-06,1.636839637505644
5.656,2.5308177451236614e-08,-5.79225081953055e-06,1.636839637505644,2.5308177451236614e-08,-5.79225081953055e-06,1.636839637505644
5.66,2.5308177451236614e-08,-5.79225081953055e-06,1.636839637505644,2.5308177451236614e-08,-5.79225081953055e-06,1.636839637505644
5.676,2.6112742645625533e-08,-5.976387444076875e-06,1.6872954031404557,2.6112742645625533e-08,-5.976387444076875e-06,1.6872954031404557
5.68,2.6112742645625533e-08,-5.976387444076875e-06,1.6872954031404557,2.6112742645625533e-08,-5.976387444076875e-06,1.6872954031404557
5.692,2.6112742645625533e-08,-5.976387444076875e-06,1.6872954031404557,2.6112742645625533e-08,-5.976387444076875e-06,1.6872954031404557
5.703,2.6112742645625533e-08,-5.976387444076875e-06,1.6872954031404557,2.6112742645625533e-08,-5.976387444076875e-06,1.6872954031404557
5.729,2.6112742645625533e-08,-5.976387444076875e-06,1.6872954031404557,2.6112742645625533e-08,-5.976387444076875e-06,1.6872954031404557
5.732,2.6112742645625533e-08,-5.976387444076875e-06,1.6872954031404557,2.6112742645625533e-08,-5.976387444076875e-06,1.6872954031404557
5.743,2.6112742645625533e-08,-5.976387444076875e-06,1.6872954031404557,2.6112742645625533e-08,-5.976387444076875e-06,1.6872954031404557
5.751,2.6112742645625533e-08,-5.976387444076875e-06,1.6872954031404557,2.6112742645625533e-08,-5.976387444076875e-06,1.6872954031404557
5.94,2.7722153789045476e-08,-6.34472495819073e-06,1.7882245432121167,2.7722153789045476e-08,-6.34472495819073e-06,1.7882245432121167
5.955,2.7722153789045476e-08,-6.34472495819073e-06,1.7882245432121167,2.7722153789045476e-08,-6.34472495819073e-06,1.7882245432121167
5.96,2.7722153789045476e-08,-6.34472495819073e-06,1.7882245432121167,2.7722153789045476e-08,-6.34472495819073e-06,1.7882245432121167
5.97,2.8526966872813788e-08,-6.5289183248675255e-06,1.838695856355097,2.8526966872813788e-08,-6.5289183248675255e-06,1.838695856355097
5.989,2.8526966872813788e-08,-6.5289183248675255e-06,1.838695856355097,2.8526966872813788e-08,-6.5289183248675255e-06,1.838695856355097
5.99,2.8526966872813788e-08,-6.5289183248675255e-06,1.838695856355097,2.8526966872813788e-08,-6.5289183248675255e-06,1.838695856355097
6.0,2.8526966872813788e-08,-6.5289183248675255e-06,1.838695856355097,2.8526966872813788e-08,-6.5289183248675255e-06,1.838695856355097
6.015,2.8526966872813788e-08,-6.5289183248675255e-06,1.838695856355097,2.8526966872813788e-08,-6.5289183248675255e-06,1.838695856355097
6.021,2.8526966872813788e-08,-6.5289183248675255e-06,1.838695856355097,2.8526966872813788e-08,-6.5289183248675255e-06,1.838695856355097
6.03,2.8526966872813788e-08,-6.5289183248675255e-06,1.838695856355097,2.8526966872813788e-08,-6.5289183248675255e-06,1.838695856355097
6.04,2.8526966872813788e-08,-6.5289183248675255e-06,1.838695856355097,2.8526966872813788e-08,-6.5289183248675255e-06,1.838695856355097
6.05,2.8526966872813788e-08,-6.5289183248675255e-06,1.838695856355097,2.8526966872813788e-08,-6.5289183248675255e-06,1.838695856355097
6.06,2.8526966872813788e-08,-6.5289183248675255e-06,1.838695856355097,2.8526966872813788e-08,-6.5289183248675255e-06,1.838695856355097
6.071,2.9331834590918372e-08,-6.713124197400389e-06,1.8891705961388698,2.9331834590918372e-08,-6.713124197400389e-06,1.8891705961388698
6.08,2.9331834590918372e-08,-6.713124197400389e-06,1.8891705961388698,2.9331834590918372e-08,-6.713124197400389e-06,1.8891705961388698
6.09,2.9331834590918372e-08,-6.713124197400389e-06,1.8891705961388698,2.9331834590918372e-08,-6.713124197400389e-06,1.8891705961388698
6.103,2.9331834590918372e-08,-6.713124197400389e-06,1.8891705961388698,2.9331834590918372e-08,-6.713124197400389e-06,1.8891705961388698
6.117,2.9331834590918372e-08,-6.713124197400389e-06,1.8891705961388698,2.9331834590918372e-08,-6.713124197400389e-06,1.8891705961388698
6.12,2.9331834590918372e-08,-6.713124197400389e-06,1.8891705961388698,2.9331834590918372e-08,-6.713124197400389e-06,1.8891705961388698
6.132,2.9331834590918372e-08,-6.713124197400389e-06,1.8891705961388698,2.9331834590918372e-08,-6.713124197400389e-06,1.8891705961388698
6.159,2.9331834590918372e-08,-6.713124197400389e-06,1.8891705961388698,2.9331834590918372e-08,-6.713124197400389e-06,1.8891705961388698
6.16,2.9331834590918372e-08,-6.713124197400389e-06,1.8891705961388698,2.9331834590918372e-08,-6.713124197400389e-06,1.8891705961388698
6.172,2.9331834590918372e-08,-6.713124197400389e-06,1.8891705961388698,-1.3,1.3,2.0
6.196,2.9331834590918372e-08,-6.713124197400389e-06,1.8891705961388698,-1.3,1.3,2.0
6.205,2.9331834590918372e-08,-6.713124197400389e-06,1.8891705961388698,-1.3,1.3,2.0
6.21,2.9331834590918372e-08,-6.713124197400389e-06,1.8891705961388698,-1.3,1.3,2.0
6.22,3.0136747031053865e-08,-6.897340306852936e-06,1.93964814086829,-1.3,1.3,2.0
6.234,3.0136747031053865e-08,-6.897340306852936e-06,1.93964814086829,-1.3,1.3,2.0
6.243,3.0136747031053865e-08,-6.897340306852936e-06,1.93964814086829,-1.3,1.3,2.0
6.25,3.0136747031053865e-08,-6.897340306852936e-06,1.93964814086829,-1.3,1.3,2.0
6.472,-0.14328477684293597,0.1432778373838007,2.0135039145096822,-1.3,1.3,2.0
6.481,-0.14328477684293597,0.1432778373838007,2.0135039145096822,-1.3,1.3,2.0
6.49,-0.14328477684293597,0.1432778373838007,2.0135039145096822,-1.3,1.3,2.0
6.501,-0.14328477684293597,0.1432778373838007,2.0135039145096822,-1.3,1.3,2.0
6.511,-0.14328477684293597,0.1432778373838007,2.0135039145096822,-1.3,1.3,2.0
6.528,-0.14328477684293597,0.1432778373838007,2.0135039145096822,-1.3,1.3,2.0
6.53,-0.14328477684293597,0.1432778373838007,2.0135039145096822,-1.3,1.3,2.0
6.549,-0.14328477684293597,0.1432778373838007,2.0135039145096822,-1.3,1.3,2.0
6.55,-0.14328477684293597,0.1432778373838007,2.0135039145096822,-1.3,1.3,2.0
6.56,-0.14328477684293597,0.1432778373838007,2.0135039145096822,-1.3,1.3,2.0
6.593,-0.25523262346725056,0.25522633090902086,1.9831489561651285,-1.3,1.3,2.0
6.601,-0.25523262346725056,0.25522633090902086,1.9831489561651285,-1.3,1.3,2.0
6.612,-0.25523262346725056,0.25522633090902086,1.9831489561651285,-1.3,1.3,2.0
6.622,-0.25523262346725056,0.25522633090902086,1.9831489561651285,-1.3,1.3,2.0
6.631,-0.25523262346725056,0.25522633090902086,1.9831489561651285,-1.3,1.3,2.0
6.64,-0.25523262346725056,0.25522633090902086,1.9831489561651285,-1.3,1.3,2.0
6.654,-0.25523262346725056,0.25522633090902086,1.9831489561651285,-1.3,1.3,2.0
6.66,-0.25523262346725056,0.25522633090902086,1.9831489561651285,-1.3,1.3,2.0
6.67,-0.25523262346725056,0.25522633090902086,1.9831489561651285,-1.3,1.3,2.0
6.683,-0.25523262346725056,0.25522633090902086,1.9831489561651285,-1.3,1.3,2.0
6.69,-0.25523262346725056,0.25522633090902086,1.9831489561651285,-1.3,1.3,2.0
6.7,-0.25523262346725056,0.25522633090902086,1.9831489561651285,-1.3,1.3,2.0
6.712,-0.25523262346725056,0.25522633090902086,1.9831489561651285,-1.3,1.3,2.0
6.724,-0.3094023551175141,0.3093967983583217,1.9456532391146164,-1.3,1.3,2.0
6.735,-0.3094023551175141,0.3093967983583217,1.9456532391146164,-1.3,1.3,2.0
6.747,-0.3094023551175141,0.3093967983583217,1.9456532391146164,-1.3,1.3,2.0
6.755,-0.3094023551175141,0.3093967983583217,1.9456532391146164,-1.3,1.3,2.0
6.76,-0.3094023551175141,0.3093967983583217,1.9456532391146164,-1.3,1.3,2.0
6.771,-0.3094023551175141,0.3093967983583217,1.9456532391146164,-1.3,1.3,2.0
6.78,-0.3094023551175141,0.3093967983583217,1.9456532391146164,-1.3,1.3,2.0
6.794,-0.3094023551175141,0.3093967983583217,1.9456532391146164,-1.3,1.3,2.0
6.804,-0.3094023551175141,0.3093967983583217,1.9456532391146164,-1.3,1.3,2.0
6.816,-0.3094023551175141,0.3093967983583217,1.9456532391146164,-1.3,1.3,2.0
6.834,-0.34213524833884,0.34213040276723233,1.9124614062401781,-1.3,1.3,2.0
6.84,-0.34213524833884,0.34213040276723233,1.9124614062401781,-1.3,1.3,2.0
6.859,-0.34213524833884,0.34213040276723233,1.9124614062401781,-1.3,1.3,2.0
7.093,-0.4690755484344431,0.4690714504964873,1.8778558031897494,-1.3,1.3,2.0
7.101,-0.4690755484344431,0.4690714504964873,1.8778558031897494,-1.3,1.3,2.0
7.454,-0.6731237718989286,0.6731198667263557,1.9512546110233342,-1.3,1.3,2.0
7.46,-0.6731237718989286,0.6731198667263557,1.9512546110233342,-1.3,1.3,2.0
7.851,-0.7702813393762012,0.770278280989994,1.9956617712560725,-1.3,1.3,2.0
7.86,-0.8035297188026047,0.803526573426667,1.9895930557288701,-1.3,1.3,2.0
8.226,-0.9425072345009742,0.9425048901352214,1.9751697976328029,-1.3,1.3,2.0
8.232,-0.9425072345009742,0.9425048901352214,1.9751697976328029,-1.3,1.3,2.0
8.633,-1.0687426158074473,1.0687410172052811,1.9891966615899674,-1.3,1.3,2.0
8.642,-1.0687426158074473,1.0687410172052811,1.9891966615899674,-1.3,1.3,2.0
8.652,-1.0687426158074473,1.0687410172052811,1.9891966615899674,-1.3,1.3,2.0
8.666,-1.0687426158074473,1.0687410172052811,1.9891966615899674,-1.3,1.3,2.0
8.67,-1.0761802474769837,1.076178659687165,1.9949998341154243,-1.3,1.3,2.0
8.684,-1.0761802474769837,1.076178659687165,1.9949998341154243,-1.3,1.3,2.0
8.69,-1.0761802474769837,1.076178659687165,1.9949998341154243,-1.3,1.3,2.0
8.7,-1.0761802474769837,1.076178659687165,1.9949998341154243,-1.3,1.3,2.0
8.71,-1.0761802474769837,1.076178659687165,1.9949998341154243,-1.3,1.3,2.0
8.727,-1.0761802474769837,1.076178659687165,1.9949998341154243,-1.3,1.3,2.0
8.732,-1.0761802474769837,1.076178659687165,1.9949998341154243,-1.3,1.3,2.0
8.74,-1.0761802474769837,1.076178659687165,1.9949998341154243,-1.3,1.3,2.0
8.755,-1.0761802474769837,1.076178659687165,1.9949998341154243,-1.3,1.3,2.0
8.76,-1.0761802474769837,1.076178659687165,1.9949998341154243,-1.3,1.3,2.0
8.771,-1.0845880717699619,1.084586516945583,2.0002965310862555,-1.3,1.3,2.0
8.782,-1.0845880717699619,1.084586516945583,2.0002965310862555,-1.3,1.3,2.0
8.792,-1.0845880717699619,1.084586516945583,2.0002965310862555,-1.3,1.3,2.0
8.805,-1.0845880717699619,1.084586516945583,2.0002965310862555,-1.3,1.3,2.0
8.818,-1.0845880717699619,1.084586516945583,2.0002965310862555,-1.3,1.3,2.0
8.82,-1.0845880717699619,1.084586516945583,2.0002965310862555,-1.3,1.3,2.0
8.83,-1.0845880717699619,1.084586516945583,2.0002965310862555,-1.3,1.3,2.0
8.84,-1.0845880717699619,1.084586516945583,2.0002965310862555,-1.3,1.3,2.0
8.86,-1.0845880717699619,1.084586516945583,2.0002965310862555,-1.3,1.3,2.0
8.86,-1.0845880717699619,1.084586516945583,2.0002965310862555,-1.3,1.3,2.0
8.876,-1.1029443812646316,1.1029429288062513,2.0050753485316086,-1.3,1.3,2.0
8.88,-1.1029443812646316,1.1029429288062513,2.0050753485316086,-1.3,1.3,2.0
8.897,-1.1029443812646316,1.1029429288062513,2.0050753485316086,-1.3,1.3,2.0
8.901,-1.1029443812646316,1.1029429288062513,2.0050753485316086,-1.3,1.3,2.0
8.912,-1.1029443812646316,1.1029429288062513,2.0050753485316086,-1.3,1.3,2.0
8.92,-1.1029443812646316,1.1029429288062513,2.0050753485316086,-1.3,1.3,2.0
8.932,-1.1029443812646316,1.1029429288062513,2.0050753485316086,-1.3,1.3,2.0
8.941,-1.1029443812646316,1.1029429288062513,2.0050753485316086,-1.3,1.3,2.0
8.957,-1.1029443812646316,1.1029429288062513,2.0050753485316086,-1.3,1.3,2.0
8.96,-1.1029443812646316,1.1029429288062513,2.0050753485316086,-1.3,1.3,2.0
8.984,-1.1029443812646316,1.1029429288062513,2.0050753485316086,-1.3,1.3,2.0
8.99,-1.1029443812646316,1.1029429288062513,2.0050753485316086,-1.3,1.3,2.0
9.002,-1.1029443812646316,1.1029429288062513,2.0050753485316086,-1.3,1.3,2.0
9.012,-1.1029443812646316,1.1029429288062513,2.0050753485316086,-1.3,1.3,2.0
9.021,-1.119488050853208,1.1194867003652944,2.0089354626645295,-1.3,1.3,2.0
9.03,-1.119488050853208,1.1194867003652944,2.0089354626645295,-1.3,1.3,2.0
9.04,-1.119488050853208,1.1194867003652944,2.0089354626645295,-1.3,1.3,2.0
9.05,-1.119488050853208,1.1194867003652944,2.0089354626645295,-1.3,1.3,2.0
9.277,-1.1653478929326169,1.1653468282469366,2.0159743288325966,-1.3,1.3,2.0
9.28,-1.1653478929326169,1.1653468282469366,2.0159743288325966,-1.3,1.3,2.0
9.29,-1.1653478929326169,1.1653468282469366,2.0159743288325966,-1.3,1.3,2.0
9.301,-1.1653478929326169,1.1653468282469366,2.0159743288325966,-1.3,1.3,2.0
9.312,-1.1653478929326169,1.1653468282469366,2.0159743288325966,-1.3,1.3,2.0
9.32,-1.1653478929326169,1.1653468282469366,2.0159743288325966,-1.3,1.3,2.0
9.333,-1.1653478929326169,1.1653468282469366,2.0159743288325966,-1.3,1.3,2.0
9.34,-1.1653478929326169,1.1653468282469366,2.0159743288325966,-1.3,1.3,2.0
9.352,-1.1653478929326169,1.1653468282469366,2.0159743288325966,-1.3,1.3,2.0
9.36,-1.1653478929326169,1.1653468282469366,2.0159743288325966,-1.3,1.3,2.0
9.37,-1.180076987342195,1.1800760052446884,2.0176056873926815,-1.3,1.3,2.0
9.384,-1.180076987342195,1.1800760052446884,2.0176056873926815,-1.3,1.3,2.0
9.394,-1.180076987342195,1.1800760052446884,2.0176056873926815,-1.3,1.3,2.0
9.4,-1.180076987342195,1.1800760052446884,2.0176056873926815,-1.3,1.3,2.0
9.41,-1.180076987342195,1.1800760052446884,2.0176056873926815,-1.3,1.3,2.0
9.42,-1.180076987342195,1.1800760052446884,2.0176056873926815,-1.3,1.3,2.0
9.436,-1.180076987342195,1.1800760052446884,2.0176056873926815,-1.3,1.3,2.0
9.44,-1.180076987342195,1.1800760052446884,2.0176056873926815,-1.3,1.3,2.0
9.455,-1.180076987342195,1.1800760052446884,2.0176056873926815,-1.3,1.3,2.0
9.46,-1.180076987342195,1.1800760052446884,2.0176056873926815,-1.3,1.3,2.0
9.673,-1.2141299345570844,1.2141291425812386,2.020967057389503,-1.3,1.3,2.0
9.68,-1.2141299345570844,1.2141291425812386,2.020967057389503,-1.3,1.3,2.0
10.04,-1.2734065050482724,1.273406044553013,2.0268137052336015,-1.3,1.3,2.0
10.055,-1.2734065050482724,1.273406044553013,2.0268137052336015,-1.3,1.3,2.0
10.06,-1.2734065050482724,1.273406044553013,2.0268137052336015,-1.3,1.3,2.0
10.084,-1.2821693517370432,1.282168940244511,2.0278783495483057,-1.3,1.3,2.0
10.094,-1.2821693517370432,1.282168940244511,2.0278783495483057,-1.3,1.3,2.0
10.101,-1.2821693517370432,1.282168940244511,2.0278783495483057,-1.3,1.3,2.0
10.113,-1.2821693517370432,1.282168940244511,2.0278783495483057,-1.3,1.3,2.0
10.123,-1.2821693517370432,1.282168940244511,2.0278783495483057,-1.3,1.3,2.0
10.133,-1.2821693517370432,1.282168940244511,2.0278783495483057,-1.3,1.3,2.0
10.14,-1.2821693517370432,1.282168940244511,2.0278783495483057,-1.3,1.3,2.0
10.376,-1.3000202840719213,1.3000199724036123,2.030519159065388,-1.3,1.3,2.0
10.392,-1.3000202840719213,1.3000199724036123,2.030519159065388,-1.3,1.3,2.0
10.76,-1.3119692417806805,1.3119689969321544,2.0332632673972837,-1.3,1.3,2.0
10.776,-1.3119692417806805,1.3119689969321544,2.0332632673972837,-1.3,1.3,2.0
11.085,-1.2853640586646427,1.3147280924011098,2.0339438135124848,-1.3,1.3,2.0
11.09,-1.2853640586646427,1.3147280924011098,2.0339438135124848,-1.3,1.3,2.0
11.45,-0.8199810804384443,1.3074544707776192,2.025367177476491,-1.3,1.3,2.0
11.463,-0.8001694114865308,1.307844311220959,2.0229771206649976,-1.3,1.3,2.0
11.793,-0.7738876741294447,1.306745802278904,2.0185414745127197,-1.3,1.3,2.0
11.805,-0.7738876741294447,1.306745802278904,2.0185414745127197,-0.43333333333333335,1.3,2.0
11.812,-0.7738876741294447,1.306745802278904,2.0185414745127197,-0.43333333333333335,1.3,2.0
11.82,-0.7738876741294447,1.306745802278904,2.0185414745127197,-0.43333333333333335,1.3,2.0
11.834,-0.7738876741294447,1.306745802278904,2.0185414745127197,-0.43333333333333335,1.3,2.0
11.84,-0.7738876741294447,1.306745802278904,2.0185414745127197,-0.43333333333333335,1.3,2.0
11.855,-0.7738876741294447,1.306745802278904,2.0185414745127197,-0.43333333333333335,1.3,2.0
11.86,-0.7738876741294447,1.306745802278904,2.0185414745127197,-0.43333333333333335,1.3,2.0
11.873,-0.7738876741294447,1.306745802278904,2.0185414745127197,-0.43333333333333335,1.3,2.0
11.88,-0.739438363381531,1.3059981149663509,2.0176863397543756,-0.43333333333333335,1.3,2.0
11.895,-0.739438363381531,1.3059981149663509,2.0176863397543756,-0.43333333333333335,1.3,2.0
11.904,-0.739438363381531,1.3059981149663509,2.0176863397543756,-0.43333333333333335,1.3,2.0
11.91,-0.739438363381531,1.3059981149663509,2.0176863397543756,-0.43333333333333335,1.3,2.0
11.922,-0.739438363381531,1.3059981149663509,2.0176863397543756,-0.43333333333333335,1.3,2.0
11.94,-0.739438363381531,1.3059981149663509,2.0176863397543756,-0.43333333333333335,1.3,2.0
11.94,-0.739438363381531,1.3059981149663509,2.0176863397543756,-0.43333333333333335,1.3,2.0
11.953,-0.739438363381531,1.3059981149663509,2.0176863397543756,-0.43333333333333335,1.3,2.0
11.96,-0.7021267825134975,1.3053168818252865,2.0169356153110165,-0.43333333333333335,1.3,2.0
11.976,-0.7021267825134975,1.3053168818252865,2.0169356153110165,-0.43333333333333335,1.3,2.0
11.981,-0.7021267825134975,1.3053168818252865,2.0169356153110165,-0.43333333333333335,1.3,2.0
11.992,-0.7021267825134975,1.3053168818252865,2.0169356153110165,-0.43333333333333335,1.3,2.0
12.004,-0.7021267825134975,1.3053168818252865,2.0169356153110165,-0.43333333333333335,1.3,2.0
12.014,-0.7021267825134975,1.3053168818252865,2.0169356153110165,-0.43333333333333335,1.3,2.0
12.021,-0.7021267825134975,1.3053168818252865,2.0169356153110165,-0.43333333333333335,1.3,2.0
12.04,-0.7021267825134975,1.3053168818252865,2.0169356153110165,-0.43333333333333335,1.3,2.0
12.04,-0.7021267825134975,1.3053168818252865,2.0169356153110165,-0.43333333333333335,1.3,2.0
12.05,-0.7021267825134975,1.3053168818252865,2.0169356153110165,-0.43333333333333335,1.3,2.0
12.074,-0.7021267825134975,1.3053168818252865,2.0169356153110165,-0.43333333333333335,1.3,2.0
12.093,-0.6754864969991982,1.3048697441078974,2.0162437511055575,-0.43333333333333335,1.3,2.0
12.1,-0.6754864969991982,1.3048697441078974,2.0162437511055575,-0.43333333333333335,1.3,2.0
12.11,-0.6754864969991982,1.3048697441078974,2.0162437511055575,-0.43333333333333335,1.3,2.0
12.129,-0.6754864969991982,1.3048697441078974,2.0162437511055575,-0.43333333333333335,1.3,2.0
12.133,-0.6754864969991982,1.3048697441078974,2.0162437511055575,-0.43333333333333335,1.3,2.0
12.14,-0.6754864969991982,1.3048697441078974,2.0162437511055575,-0.43333333333333335,1.3,2.0
12.154,-0.6754864969991982,1.3048697441078974,2.0162437511055575,-0.43333333333333335,1.3,2.0
12.16,-0.6754864969991982,1.3048697441078974,2.0162437511055575,-0.43333333333333335,1.3,2.0
12.173,-0.656523782734813,1.3045333362452873,2.01556766251594,-0.43333333333333335,1.3,2.0
12.18,-0.656523782734813,1.3045333362452873,2.01556766251594,-0.43333333333333335,1.3,2.0
12.191,-0.656523782734813,1.3045333362452873,2.01556766251594,-0.43333333333333335,1.3,2.0
12.202,-0.656523782734813,1.3045333362452873,2.01556766251594,-0.43333333333333335,1.3,2.0
12.212,-0.656523782734813,1.3045333362452873,2.01556766251594,-0.43333333333333335,1.3,2.0
12.238,-0.656523782734813,1.3045333362452873,2.01556766251594,-0.43333333333333335,1.3,2.0
12.24,-0.656523782734813,1.3045333362452873,2.01556766251594,-0.43333333333333335,1.3,2.0
12.259,-0.656523782734813,1.3045333362452873,2.01556766251594,-0.43333333333333335,1.3,2.0
12.521,-0.6250913342064155,1.303811114312713,2.01361832871221,-0.43333333333333335,1.3,2.0
12.532,-0.6250913342064155,1.303811114312713,2.01361832871221,-0.43333333333333335,1.3,2.0
12.86,-0.5571902040077241,1.3025052724935013,2.0114057745026757,-0.43333333333333335,1.3,2.0
12.876,-0.5571902040077241,1.3025052724935013,2.0114057745026757,-0.43333333333333335,1.3,2.0
13.18,-0.4932336867858185,1.3012827702196907,2.009923640171646,-0.43333333333333335,1.3,2.0
13.18,-0.4932336867858185,1.3012827702196907,2.009923640171646,-0.43333333333333335,1.3,2.0
13.474,-0.45042282933883526,1.300464458453417,2.009907955303251,-0.43333333333333335,1.3,2.0
13.48,-0.45042282933883526,1.300464458453417,2.009907955303251,-0.43333333333333335,1.3,2.0
13.85,-0.43467299857403174,1.3001634069772194,2.0106514196175223,-0.43333333333333335,1.3,2.0
13.863,-0.43467299857403174,1.3001634069772194,2.0106514196175223,-0.43333333333333335,1.3,2.0
14.224,-0.1945511266092029,1.3000870842729146,2.0111022364528157,-0.43333333333333335,1.3,2.0
14.234,-0.1945511266092029,1.3000870842729146,2.0111022364528157,-0.43333333333333335,1.3,2.0
14.61,0.01009608814581981,1.3000530564543402,2.0087222589337705,-0.43333333333333335,1.3,2.0
14.625,0.01009608814581981,1.3000530564543402,2.0087222589337705,-0.43333333333333335,1.3,2.0
14.96,0.08725830751984062,1.3000543975123486,2.0072306926248116,0.43333333333333335,1.3,2.0
14.971,0.08725830751984062,1.3000543975123486,2.0072306926248116,0.43333333333333335,1.3,2.0
15.341,0.23009901406945527,1.3000358686900348,2.00619267230451,0.43333333333333335,1.3,2.0
15.353,0.23009901406945527,1.3000358686900348,2.00619267230451,0.43333333333333335,1.3,2.0
15.66,0.2897903193248075,1.30002487625803,2.005522094099685,0.43333333333333335,1.3,2.0
15.69,0.303423454692698,1.3000231734825713,2.0053088201287252,0.43333333333333335,1.3,2.0
15.971,0.3423677978935897,1.3000179259665952,2.0051824240816627,0.43333333333333335,1.3,2.0
15.984,0.3423677978935897,1.3000179259665952,2.0051824240816627,0.43333333333333335,1.3,2.0
16.28,0.363728326302881,1.3000150477638857,2.0057770899503082,0.43333333333333335,1.3,2.0
16.291,0.363728326302881,1.3000150477638857,2.0057770899503082,0.43333333333333335,1.3,2.0
16.66,0.37544433269617133,1.300013469102503,2.006767250062006,0.43333333333333335,1.3,2.0
16.671,0.37802651789373315,1.3000131211685806,2.0071515620378535,0.43333333333333335,1.3,2.0
16.981,0.38328672783177364,1.3000124123869325,2.0084064558842147,0.43333333333333335,1.3,2.0
16.99,0.38328672783177364,1.3000124123869325,2.0084064558842147,0.43333333333333335,1.3,2.0
17.396,0.7154638013518092,1.3000099709798463,2.0086271163902034,0.43333333333333335,1.3,2.0
17.405,0.7154638013518092,1.3000099709798463,2.0086271163902034,0.43333333333333335,1.3,2.0
17.76,1.0036919284158232,1.3000090680579037,2.0068375614329756,0.43333333333333335,1.3,2.0
17.774,1.0036919284158232,1.3000090680579037,2.0068375614329756,0.43333333333333335,1.3,2.0
18.11,1.0532015266617063,1.3000067662919712,2.006284323489754,1.3,1.3,2.0
18.12,1.0532015266617063,1.3000067662919712,2.006284323489754,1.3,1.3,2.0
18.131,1.0532015266617063,1.3000067662919712,2.006284323489754,1.3,1.3,2.0
18.14,1.0532015266617063,1.3000067662919712,2.006284323489754,1.3,1.3,2.0
18.152,1.0532015266617063,1.3000067662919712,2.006284323489754,1.3,1.3,2.0
18.16,1.0532015266617063,1.3000067662919712,2.006284323489754,1.3,1.3,2.0
18.17,1.0928548012271628,1.300005766174626,2.0060953432103354,1.3,1.3,2.0
18.182,1.0928548012271628,1.300005766174626,2.0060953432103354,1.3,1.3,2.0
18.207,1.0928548012271628,1.300005766174626,2.0060953432103354,1.3,1.3,2.0
18.211,1.0928548012271628,1.300005766174626,2.0060953432103354,1.3,1.3,2.0
18.223,1.0928548012271628,1.300005766174626,2.0060953432103354,1.3,1.3,2.0
18.231,1.0928548012271628,1.300005766174626,2.0060953432103354,1.3,1.3,2.0
18.24,1.0928548012271628,1.300005766174626,2.0060953432103354,1.3,1.3,2.0
18.254,1.0928548012271628,1.300005766174626,2.0060953432103354,1.3,1.3,2.0
18.572,1.158300861725864,1.3000040859802013,2.005318853272972,1.3,1.3,2.0
18.58,1.158300861725864,1.3000040859802013,2.005318853272972,1.3,1.3,2.0
18.608,1.158300861725864,1.3000040859802013,2.005318853272972,1.3,1.3,2.0
18.611,1.158300861725864,1.3000040859802013,2.005318853272972,1.3,1.3,2.0
18.622,1.158300861725864,1.3000040859802013,2.005318853272972,1.3,1.3,2.0
18.632,1.158300861725864,1.3000040859802013,2.005318853272972,1.3,1.3,2.0
18.64,1.158300861725864,1.3000040859802013,2.005318853272972,1.3,1.3,2.0
18.655,1.158300861725864,1.3000040859802013,2.005318853272972,1.3,1.3,2.0
18.663,1.16494553249577,1.300003882258801,2.0052743743740993,1.3,1.3,2.0
18.671,1.16494553249577,1.300003882258801,2.0052743743740993,1.3,1.3,2.0
18.683,1.16494553249577,1.300003882258801,2.0052743743740993,1.3,1.3,2.0
18.694,1.16494553249577,1.300003882258801,2.0052743743740993,1.3,1.3,2.0
18.7,1.16494553249577,1.300003882258801,2.0052743743740993,1.3,1.3,2.0
18.713,1.16494553249577,1.300003882258801,2.0052743743740993,1.3,1.3,2.0
18.723,1.16494553249577,1.300003882258801,2.0052743743740993,1.3,1.3,2.0
18.74,1.16494553249577,1.300003882258801,2.0052743743740993,1.3,1.3,2.0
18.74,1.16494553249577,1.300003882258801,2.0052743743740993,1.3,1.3,2.0
18.75,1.16494553249577,1.300003882258801,2.0052743743740993,1.3,1.3,2.0
18.971,1.1784814954669318,1.3000034672547418,2.0056557716088768,1.3,1.3,2.0
18.98,1.1784814954669318,1.3000034672547418,2.0056557716088768,1.3,1.3,2.0
19.284,1.1859058168915129,1.3000032396297438,2.006528956305451,1.3,1.3,2.0
19.293,1.1859058168915129,1.3000032396297438,2.006528956305451,1.3,1.3,2.0
19.61,1.1949302416345942,1.19373136981233,2.007395431240191,1.3,1.3,2.0
19.623,1.1949302416345942,1.19373136981233,2.007395431240191,1.3,1.3,2.0
19.96,1.224391027607705,0.8937931529332974,2.006902020499138,1.3,1.3,2.0
19.972,1.224391027607705,0.8937931529332974,2.006902020499138,1.3,0.43333333333333335,2.0
20.36,1.2417916166112917,0.7874777657975489,2.0055314134840017,1.3,0.43333333333333335,2.0
20.374,1.2395671987936672,0.7941391103385979,2.005400056290881,1.3,0.43333333333333335,2.0
20.721,1.2565661810781552,0.6971044855054677,2.005235051447622,1.3,0.43333333333333335,2.0
20.738,1.2565661810781552,0.6971044855054677,2.005235051447622,1.3,0.43333333333333335,2.0
20.741,1.2565661810781552,0.6971044855054677,2.005235051447622,1.3,0.43333333333333335,2.0
20.751,1.2565661810781552,0.6971044855054677,2.005235051447622,1.3,0.43333333333333335,2.0
20.76,1.2610937049418411,0.6703575919399373,2.005161759274419,1.3,0.43333333333333335,2.0
20.774,1.2610937049418411,0.6703575919399373,2.005161759274419,1.3,0.43333333333333335,2.0
20.782,1.2610937049418411,0.6703575919399373,2.005161759274419,1.3,0.43333333333333335,2.0
20.792,1.2610937049418411,0.6703575919399373,2.005161759274419,1.3,0.43333333333333335,2.0
20.805,1.2610937049418411,0.6703575919399373,2.005161759274419,1.3,0.43333333333333335,2.0
20.816,1.2610937049418411,0.6703575919399373,2.005161759274419,1.3,0.43333333333333335,2.0
20.825,1.2610937049418411,0.6703575919399373,2.005161759274419,1.3,0.43333333333333335,2.0
20.836,1.2610937049418411,0.6703575919399373,2.005161759274419,1.3,0.43333333333333335,2.0
20.853,1.2610937049418411,0.6703575919399373,2.005161759274419,1.3,0.43333333333333335,2.0
20.86,1.2610937049418411,0.6703575919399373,2.005161759274419,1.3,0.43333333333333335,2.0
20.871,1.2610937049418411,0.6703575919399373,2.005161759274419,1.3,0.43333333333333335,2.0
20.88,1.2647184280426644,0.6476872243994467,2.0050585064476203,1.3,0.43333333333333335,2.0
20.896,1.2647184280426644,0.6476872243994467,2.0050585064476203,1.3,0.43333333333333335,2.0
20.907,1.2647184280426644,0.6476872243994467,2.0050585064476203,1.3,0.43333333333333335,2.0
20.914,1.2647184280426644,0.6476872243994467,2.0050585064476203,1.3,0.43333333333333335,2.0
20.928,1.2647184280426644,0.6476872243994467,2.0050585064476203,1.3,0.43333333333333335,2.0
20.93,1.2647184280426644,0.6476872243994467,2.0050585064476203,1.3,0.43333333333333335,2.0
20.942,1.2647184280426644,0.6476872243994467,2.0050585064476203,1.3,0.43333333333333335,2.0
20.955,1.2647184280426644,0.6476872243994467,2.0050585064476203,1.3,0.43333333333333335,2.0
20.96,1.2647184280426644,0.6476872243994467,2.0050585064476203,1.3,0.43333333333333335,2.0
20.978,1.2647184280426644,0.6476872243994467,2.0050585064476203,1.3,0.43333333333333335,2.0
20.98,1.2647184280426644,0.6476872243994467,2.0050585064476203,1.3,0.43333333333333335,2.0
20.991,1.2647184280426644,0.6476872243994467,2.0050585064476203,1.3,0.43333333333333335,2.0
21.007,1.2647184280426644,0.6476872243994467,2.0050585064476203,1.3,0.43333333333333335,2.0
21.01,1.2647184280426644,0.6476872243994467,2.0050585064476203,1.3,0.43333333333333335,2.0
21.024,1.2672649223621366,0.6313345763083397,2.004931416444882,1.3,0.43333333333333335,2.0
21.038,1.2672649223621366,0.6313345763083397,2.004931416444882,1.3,0.43333333333333335,2.0
21.04,1.2672649223621366,0.6313345763083397,2.004931416444882,1.3,0.43333333333333335,2.0
21.05,1.2672649223621366,0.6313345763083397,2.004931416444882,1.3,0.43333333333333335,2.0
21.06,1.2672649223621366,0.6313345763083397,2.004931416444882,1.3,0.43333333333333335,2.0
21.071,1.2698351422131011,0.6151049531439376,2.0047849907357165,1.3,0.43333333333333335,2.0
21.086,1.2698351422131011,0.6151049531439376,2.0047849907357165,1.3,0.43333333333333335,2.0
21.095,1.2698351422131011,0.6151049531439376,2.0047849907357165,1.3,0.43333333333333335,2.0
21.1,1.2698351422131011,0.6151049531439376,2.0047849907357165,1.3,0.43333333333333335,2.0
21.112,1.2698351422131011,0.6151049531439376,2.0047849907357165,1.3,0.43333333333333335,2.0
21.128,1.2698351422131011,0.6151049531439376,2.0047849907357165,1.3,0.43333333333333335,2.0
21.135,1.2698351422131011,0.6151049531439376,2.0047849907357165,1.3,0.43333333333333335,2.0
21.148,1.2698351422131011,0.6151049531439376,2.0047849907357165,1.3,0.43333333333333335,2.0
21.153,1.2698351422131011,0.6151049531439376,2.0047849907357165,1.3,0.43333333333333335,2.0
21.16,1.2698351422131011,0.6151049531439376,2.0047849907357165,1.3,0.43333333333333335,2.0
21.17,1.2698351422131011,0.6151049531439376,2.0047849907357165,1.3,0.43333333333333335,2.0
21.184,1.2698351422131011,0.6151049531439376,2.0047849907357165,1.3,0.43333333333333335,2.0
21.194,1.2698351422131011,0.6151049531439376,2.0047849907357165,1.3,0.43333333333333335,2.0
21.201,1.2698351422131011,0.6151049531439376,2.0047849907357165,1.3,0.43333333333333335,2.0
21.21,1.2698351422131011,0.6151049531439376,2.0047849907357165,1.3,0.43333333333333335,2.0
21.221,1.2729623806163528,0.5958307008348205,2.004624585259428,1.3,0.43333333333333335,2.0
21.238,1.2729623806163528,0.5958307008348205,2.004624585259428,1.3,0.43333333333333335,2.0
21.24,1.2729623806163528,0.5958307008348205,2.004624585259428,1.3,0.43333333333333335,2.0
21.25,1.2729623806163528,0.5958307008348205,2.004624585259428,1.3,0.43333333333333335,2.0
21.26,1.2729623806163528,0.5958307008348205,2.004624585259428,1.3,0.43333333333333335,2.0
21.27,1.2765958945208402,0.5736857237300781,2.0044571270440534,1.3,0.43333333333333335,2.0
21.28,1.2765958945208402,0.5736857237300781,2.0044571270440534,1.3,0.43333333333333335,2.0
21.29,1.2765958945208402,0.5736857237300781,2.0044571270440534,1.3,0.43333333333333335,2.0
21.309,1.2765958945208402,0.5736857237300781,2.0044571270440534,1.3,0.43333333333333335,2.0
21.31,1.2765958945208402,0.5736857237300781,2.0044571270440534,1.3,0.43333333333333335,2.0
21.32,1.2765958945208402,0.5736857237300781,2.0044571270440534,1.3,0.43333333333333335,2.0
21.33,1.2765958945208402,0.5736857237300781,2.0044571270440534,1.3,0.43333333333333335,2.0
21.349,1.2765958945208402,0.5736857237300781,2.0044571270440534,1.3,0.43333333333333335,2.0
21.352,1.2765958945208402,0.5736857237300781,2.0044571270440534,1.3,0.43333333333333335,2.0
21.36,1.2765958945208402,0.5736857237300781,2.0044571270440534,1.3,0.43333333333333335,2.0
21.375,1.2797042922665942,0.5548290677310861,2.0043235987242416,1.3,0.43333333333333335,2.0
21.381,1.2797042922665942,0.5548290677310861,2.0043235987242416,1.3,0.43333333333333335,2.0
21.391,1.2797042922665942,0.5548290677310861,2.0043235987242416,1.3,0.43333333333333335,2.0
21.405,1.2797042922665942,0.5548290677310861,2.0043235987242416,1.3,0.43333333333333335,2.0
21.418,1.2797042922665942,0.5548290677310861,2.0043235987242416,1.3,0.43333333333333335,2.0
21.42,1.2797042922665942,0.5548290677310861,2.0043235987242416,1.3,0.43333333333333335,2.0
21.432,1.2797042922665942,0.5548290677310861,2.0043235987242416,1.3,0.43333333333333335,2.0
21.443,1.2797042922665942,0.5548290677310861,2.0043235987242416,1.3,0.43333333333333335,2.0
21.45,1.2797042922665942,0.5548290677310861,2.0043235987242416,1.3,0.43333333333333335,2.0
21.46,1.2797042922665942,0.5548290677310861,2.0043235987242416,1.3,0.43333333333333335,2.0
21.471,1.2822701206913403,0.5392659668460212,2.0042991539162767,1.3,0.43333333333333335,2.0
21.489,1.2822701206913403,0.5392659668460212,2.0042991539162767,1.3,0.43333333333333335,2.0
21.49,1.2822701206913403,0.5392659668460212,2.0042991539162767,1.3,0.43333333333333335,2.0
21.502,1.2822701206913403,0.5392659668460212,2.0042991539162767,1.3,0.43333333333333335,2.0
21.512,1.2822701206913403,0.5392659668460212,2.0042991539162767,1.3,0.43333333333333335,2.0
21.523,1.2822701206913403,0.5392659668460212,2.0042991539162767,1.3,0.43333333333333335,2.0
21.54,1.2822701206913403,0.5392659668460212,2.0042991539162767,1.3,0.43333333333333335,2.0
21.54,1.2822701206913403,0.5392659668460212,2.0042991539162767,1.3,0.43333333333333335,2.0
21.553,1.2822701206913403,0.5392659668460212,2.0042991539162767,1.3,0.43333333333333335,2.0
21.56,1.2822701206913403,0.5392659668460212,2.0042991539162767,1.3,0.43333333333333335,2.0
21.57,1.2843704310842574,0.5265264780245386,2.0043680810718416,1.3,0.43333333333333335,2.0
21.582,1.2843704310842574,0.5265264780245386,2.0043680810718416,1.3,0.43333333333333335,2.0
21.592,1.2843704310842574,0.5265264780245386,2.0043680810718416,1.3,0.43333333333333335,2.0
21.6,1.2843704310842574,0.5265264780245386,2.0043680810718416,1.3,0.43333333333333335,2.0
21.61,1.2843704310842574,0.5265264780245386,2.0043680810718416,1.3,0.43333333333333335,2.0
21.623,1.2843704310842574,0.5265264780245386,2.0043680810718416,1.3,0.43333333333333335,2.0
21.63,1.2843704310842574,0.5265264780245386,2.0043680810718416,1.3,0.43333333333333335,2.0
21.642,1.2843704310842574,0.5265264780245386,2.0043680810718416,1.3,0.43333333333333335,2.0
21.65,1.2843704310842574,0.5265264780245386,2.0043680810718416,1.3,0.43333333333333335,2.0
21.66,1.2843704310842574,0.5265264780245386,2.0043680810718416,1.3,0.43333333333333335,2.0
21.671,1.2843704310842574,0.5265264780245386,2.0043680810718416,1.3,0.43333333333333335,2.0
21.681,1.2843704310842574,0.5265264780245386,2.0043680810718416,1.3,0.43333333333333335,2.0
21.69,1.2843704310842574,0.5265264780245386,2.0043680810718416,1.3,0.43333333333333335,2.0
21.716,1.2860896823420762,0.5160983135712438,2.0045134397235724,1.3,0.43333333333333335,2.0
21.729,1.2860896823420762,0.5160983135712438,2.0045134397235724,1.3,0.43333333333333335,2.0
21.736,1.2860896823420762,0.5160983135712438,2.0045134397235724,1.3,0.43333333333333335,2.0
21.74,1.2860896823420762,0.5160983135712438,2.0045134397235724,1.3,0.43333333333333335,2.0
21.752,1.2860896823420762,0.5160983135712438,2.0045134397235724,1.3,0.43333333333333335,2.0
22.0,1.2895919960262001,0.49485493631676153,2.0052815580081127,1.3,0.43333333333333335,2.0
22.011,1.2895919960262001,0.49485493631676153,2.0052815580081127,1.3,0.43333333333333335,2.0
22.024,1.2895919960262001,0.49485493631676153,2.0052815580081127,1.3,0.43333333333333335,2.0
22.03,1.2895919960262001,0.49485493631676153,2.0052815580081127,1.3,0.43333333333333335,2.0
22.04,1.2895919960262001,0.49485493631676153,2.0052815580081127,1.3,0.43333333333333335,2.0
22.053,1.2895919960262001,0.49485493631676153,2.0052815580081127,1.3,0.43333333333333335,2.0
22.06,1.2895919960262001,0.49485493631676153,2.0052815580081127,1.3,0.43333333333333335,2.0
22.07,1.2903638992028281,0.49017293696891595,2.0056169323937922,1.3,0.43333333333333335,2.0
22.081,1.2903638992028281,0.49017293696891595,2.0056169323937922,1.3,0.43333333333333335,2.0
22.091,1.2903638992028281,0.49017293696891595,2.0056169323937922,1.3,0.43333333333333335,2.0
22.101,1.2903638992028281,0.49017293696891595,2.0056169323937922,1.3,0.43333333333333335,2.0
22.116,1.2903638992028281,0.49017293696891595,2.0056169323937922,1.3,0.43333333333333335,2.0
22.12,1.2903638992028281,0.49017293696891595,2.0056169323937922,1.3,0.43333333333333335,2.0
22.133,1.2903638992028281,0.49017293696891595,2.0056169323937922,1.3,0.43333333333333335,2.0
22.145,1.2903638992028281,0.49017293696891595,2.0056169323937922,1.3,0.43333333333333335,2.0
22.153,1.2903638992028281,0.49017293696891595,2.0056169323937922,1.3,0.43333333333333335,2.0
22.44,1.2919363552624197,0.48063516271372614,2.0067721347081933,1.3,0.43333333333333335,2.0
22.45,1.2919363552624197,0.48063516271372614,2.0067721347081933,1.3,0.43333333333333335,2.0
22.46,1.2919363552624197,0.48063516271372614,2.0067721347081933,1.3,0.43333333333333335,2.0
22.474,1.2922829215431633,0.4785330556754834,2.0071928216669934,1.3,0.43333333333333335,2.0
22.48,1.2922829215431633,0.4785330556754834,2.0071928216669934,1.3,0.43333333333333335,2.0
22.494,1.2922829215431633,0.4785330556754834,2.0071928216669934,1.3,0.43333333333333335,2.0
22.502,1.2922829215431633,0.4785330556754834,2.0071928216669934,1.3,0.43333333333333335,2.0
22.512,1.2922829215431633,0.4785330556754834,2.0071928216669934,1.3,0.43333333333333335,2.0
22.52,1.2922829215431633,0.4785330556754834,2.0071928216669934,1.3,0.43333333333333335,2.0
22.53,1.2922829215431633,0.4785330556754834,2.0071928216669934,1.3,0.43333333333333335,2.0
22.541,1.2922829215431633,0.4785330556754834,2.0071928216669934,1.3,0.43333333333333335,2.0
22.554,1.2922829215431633,0.4785330556754834,2.0071928216669934,1.3,0.43333333333333335,2.0
22.56,1.2922829215431633,0.4785330556754834,2.0071928216669934,0.43333333333333335,0.43333333333333335,2.0
22.574,1.2925666103332085,0.47681233373754645,2.007626120370918,0.43333333333333335,0.43333333333333335,2.0
22.587,1.2925666103332085,0.47681233373754645,2.007626120370918,0.43333333333333335,0.43333333333333335,2.0
22.59,1.2925666103332085,0.47681233373754645,2.007626120370918,0.43333333333333335,0.43333333333333335,2.0
22.604,1.2925666103332085,0.47681233373754645,2.007626120370918,0.43333333333333335,0.43333333333333335,2.0
22.612,1.2925666103332085,0.47681233373754645,2.007626120370918,0.43333333333333335,0.43333333333333335,2.0
22.628,1.2925666103332085,0.47681233373754645,2.007626120370918,0.43333333333333335,0.43333333333333335,2.0
22.63,1.2925666103332085,0.47681233373754645,2.007626120370918,0.43333333333333335,0.43333333333333335,2.0
22.642,1.2925666103332085,0.47681233373754645,2.007626120370918,0.43333333333333335,0.43333333333333335,2.0
22.654,1.2925666103332085,0.47681233373754645,2.007626120370918,0.43333333333333335,0.43333333333333335,2.0
22.66,1.2925666103332085,0.47681233373754645,2.007626120370918,0.43333333333333335,0.43333333333333335,2.0
22.67,1.263576631108615,0.47631789034813476,2.0079859302066287,0.43333333333333335,0.43333333333333335,2.0
22.68,1.263576631108615,0.47631789034813476,2.0079859302066287,0.43333333333333335,0.43333333333333335,2.0
22.69,1.263576631108615,0.47631789034813476,2.0079859302066287,0.43333333333333335,0.43333333333333335,2.0
22.7,1.263576631108615,0.47631789034813476,2.0079859302066287,0.43333333333333335,0.43333333333333335,2.0
22.71,1.263576631108615,0.47631789034813476,2.0079859302066287,0.43333333333333335,0.43333333333333335,2.0
22.72,1.263576631108615,0.47631789034813476,2.0079859302066287,0.43333333333333335,0.43333333333333335,2.0
22.74,1.263576631108615,0.47631789034813476,2.0079859302066287,0.43333333333333335,0.43333333333333335,2.0
22.74,1.263576631108615,0.47631789034813476,2.0079859302066287,0.43333333333333335,0.43333333333333335,2.0
22.75,1.263576631108615,0.47631789034813476,2.0079859302066287,0.43333333333333335,0.43333333333333335,2.0
23.003,0.901234023820957,0.4688710608951805,2.007784155175183,0.43333333333333335,0.43333333333333335,2.0
23.012,0.901234023820957,0.4688710608951805,2.007784155175183,0.43333333333333335,0.43333333333333335,2.0
23.3,0.7773110599205909,0.46021494692019554,2.006587097023801,0.43333333333333335,0.43333333333333335,2.0
23.311,0.7773110599205909,0.46021494692019554,2.006587097023801,0.43333333333333335,0.43333333333333335,2.0
23.625,0.7556812667354781,0.4576478927687446,2.005780857410862,0.43333333333333335,0.43333333333333335,2.0
23.637,0.7556812667354781,0.4576478927687446,2.005780857410862,0.43333333333333335,0.43333333333333335,2.0
23.94,0.6563890628383333,0.4531399350072977,2.0053447736771326,0.43333333333333335,0.43333333333333335,2.0
23.95,0.6563890628383333,0.4531399350072977,2.0053447736771326,0.43333333333333335,0.43333333333333335,2.0
23.96,0.7106697333968873,0.4629872560345974,2.005373713507077,0.43333333333333335,0.43333333333333335,2.0
23.97,0.7106697333968873,0.4629872560345974,2.005373713507077,0.43333333333333335,0.43333333333333335,2.0
23.981,0.7106697333968873,0.4629872560345974,2.005373713507077,0.43333333333333335,0.43333333333333335,2.0
23.99,0.7106697333968873,0.4629872560345974,2.005373713507077,0.43333333333333335,0.43333333333333335,2.0
24.001,0.7106697333968873,0.4629872560345974,2.005373713507077,0.43333333333333335,0.43333333333333335,2.0
24.018,0.7106697333968873,0.4629872560345974,2.005373713507077,0.43333333333333335,0.43333333333333335,2.0
24.02,0.7106697333968873,0.4629872560345974,2.005373713507077,0.43333333333333335,0.43333333333333335,2.0
24.031,0.7106697333968873,0.4629872560345974,2.005373713507077,0.43333333333333335,0.43333333333333335,2.0
24.04,0.7106697333968873,0.4629872560345974,2.005373713507077,0.43333333333333335,0.43333333333333335,2.0
24.051,0.7106697333968873,0.4629872560345974,2.005373713507077,0.43333333333333335,0.43333333333333335,2.0
24.06,0.7106697333968873,0.4629872560345974,2.005373713507077,0.43333333333333335,0.43333333333333335,2.0
24.074,0.7615518692909675,0.4684772846235775,2.005472227174978,0.43333333333333335,0.43333333333333335,2.0
24.08,0.7615518692909675,0.4684772846235775,2.005472227174978,0.43333333333333335,0.43333333333333335,2.0
24.093,0.7615518692909675,0.4684772846235775,2.005472227174978,0.43333333333333335,0.43333333333333335,2.0
24.1,0.7615518692909675,0.4684772846235775,2.005472227174978,0.43333333333333335,0.43333333333333335,2.0
24.115,0.7615518692909675,0.4684772846235775,2.005472227174978,0.43333333333333335,0.43333333333333335,2.0
24.126,0.7615518692909675,0.4684772846235775,2.005472227174978,0.43333333333333335,0.43333333333333335,2.0
24.134,0.7615518692909675,0.4684772846235775,2.005472227174978,0.43333333333333335,0.43333333333333335,2.0
24.15,0.7615518692909675,0.4684772846235775,2.005472227174978,0.43333333333333335,0.43333333333333335,2.0
24.15,0.7615518692909675,0.4684772846235775,2.005472227174978,0.43333333333333335,0.43333333333333335,2.0
24.402,0.7018247729725635,0.46444225808565964,2.005580589995669,0.43333333333333335,0.43333333333333335,2.0
24.416,0.7018247729725635,0.46444225808565964,2.005580589995669,0.43333333333333335,0.43333333333333335,2.0
24.42,0.7018247729725635,0.46444225808565964,2.005580589995669,0.43333333333333335,0.43333333333333335,2.0
24.431,0.7018247729725635,0.46444225808565964,2.005580589995669,0.43333333333333335,0.43333333333333335,2.0
24.447,0.7018247729725635,0.46444225808565964,2.005580589995669,0.43333333333333335,0.43333333333333335,2.0
24.455,0.7018247729725635,0.46444225808565964,2.005580589995669,0.43333333333333335,0.43333333333333335,2.0
24.46,0.7018247729725635,0.46444225808565964,2.005580589995669,0.43333333333333335,0.43333333333333335,2.0
24.48,0.72221230080791,0.4777361562768079,2.0054328132724675,0.43333333333333335,0.43333333333333335,2.0
24.48,0.72221230080791,0.4777361562768079,2.0054328132724675,0.43333333333333335,0.43333333333333335,2.0
24.493,0.72221230080791,0.4777361562768079,2.0054328132724675,0.43333333333333335,0.43333333333333335,2.0
24.512,0.72221230080791,0.4777361562768079,2.0054328132724675,0.43333333333333335,0.43333333333333335,2.0
24.526,0.72221230080791,0.4777361562768079,2.0054328132724675,0.43333333333333335,0.43333333333333335,2.0
24.533,0.72221230080791,0.4777361562768079,2.0054328132724675,0.43333333333333335,0.43333333333333335,2.0
24.55,0.72221230080791,0.4777361562768079,2.0054328132724675,0.43333333333333335,0.43333333333333335,2.0
24.55,0.72221230080791,0.4777361562768079,2.0054328132724675,0.43333333333333335,0.43333333333333335,2.0
24.56,0.72221230080791,0.4777361562768079,2.0054328132724675,0.43333333333333335,0.43333333333333335,2.0
24.57,0.7440243366507727,0.486751920944217,2.0052050467147224,0.43333333333333335,0.43333333333333335,2.0
24.586,0.7440243366507727,0.486751920944217,2.0052050467147224,0.43333333333333335,0.43333333333333335,2.0
24.591,0.7440243366507727,0.486751920944217,2.0052050467147224,0.43333333333333335,0.43333333333333335,2.0
24.6,0.7440243366507727,0.486751920944217,2.0052050467147224,0.43333333333333335,0.43333333333333335,2.0
24.61,0.7440243366507727,0.486751920944217,2.0052050467147224,0.43333333333333335,0.43333333333333335,2.0
24.628,0.7440243366507727,0.486751920944217,2.0052050467147224,0.43333333333333335,0.43333333333333335,2.0
24.637,0.7440243366507727,0.486751920944217,2.0052050467147224,0.43333333333333335,0.43333333333333335,2.0
24.64,0.7440243366507727,0.486751920944217,2.0052050467147224,0.43333333333333335,0.43333333333333335,2.0
24.652,0.7440243366507727,0.486751920944217,2.0052050467147224,0.43333333333333335,0.43333333333333335,2.0
24.66,0.7440243366507727,0.486751920944217,2.0052050467147224,0.43333333333333335,0.43333333333333335,2.0
24.67,0.7440243366507727,0.486751920944217,2.0052050467147224,0.43333333333333335,0.43333333333333335,2.0
24.681,0.7440243366507727,0.486751920944217,2.0052050467147224,0.43333333333333335,0.43333333333333335,2.0
24.699,0.7440243366507727,0.486751920944217,2.0052050467147224,0.43333333333333335,0.43333333333333335,2.0
24.702,0.7440243366507727,0.486751920944217,2.0052050467147224,0.43333333333333335,0.43333333333333335,2.0
24.712,0.7440243366507727,0.486751920944217,2.0052050467147224,0.43333333333333335,0.43333333333333335,2.0
24.722,0.7320726017251963,0.4844795466065069,2.0049442994569815,0.43333333333333335,0.43333333333333335,2.0
24.731,0.7320726017251963,0.4844795466065069,2.0049442994569815,0.43333333333333335,0.43333333333333335,2.0
24.748,0.7320726017251963,0.4844795466065069,2.0049442994569815,0.43333333333333335,0.43333333333333335,2.0
24.991,0.6336121177062338,0.46384487341864833,2.004279212243115,0.43333333333333335,0.43333333333333335,2.0
25.002,0.6336121177062338,0.46384487341864833,2.004279212243115,0.43333333333333335,0.43333333333333335,2.0
25.01,0.6336121177062338,0.46384487341864833,2.004279212243115,0.43333333333333335,0.43333333333333335,2.0
25.022,0.6336121177062338,0.46384487341864833,2.004279212243115,0.43333333333333335,0.43333333333333335,2.0
25.034,0.6336121177062338,0.46384487341864833,2.004279212243115,0.43333333333333335,0.43333333333333335,2.0
25.042,0.6336121177062338,0.46384487341864833,2.004279212243115,0.43333333333333335,0.43333333333333335,2.0
25.061,0.636003752702026,0.4664887022093375,2.004175465572528,0.43333333333333335,0.43333333333333335,2.0
25.071,0.636003752702026,0.4664887022093375,2.004175465572528,0.43333333333333335,0.43333333333333335,2.0
25.08,0.636003752702026,0.4664887022093375,2.004175465572528,0.43333333333333335,0.43333333333333335,2.0
25.105,0.636003752702026,0.4664887022093375,2.004175465572528,0.43333333333333335,0.43333333333333335,2.0
25.112,0.636003752702026,0.4664887022093375,2.004175465572528,0.43333333333333335,0.43333333333333335,2.0
25.122,0.636003752702026,0.4664887022093375,2.004175465572528,0.43333333333333335,0.43333333333333335,2.0
25.13,0.636003752702026,0.4664887022093375,2.004175465572528,0.43333333333333335,0.43333333333333335,2.0
25.141,0.636003752702026,0.4664887022093375,2.004175465572528,0.43333333333333335,0.43333333333333335,2.0
25.15,0.636003752702026,0.4664887022093375,2.004175465572528,0.43333333333333335,0.43333333333333335,2.0
25.16,0.636003752702026,0.4664887022093375,2.004175465572528,0.43333333333333335,0.43333333333333335,2.0
25.401,0.594865141388475,0.461954186899998,2.00401874520957,0.43333333333333335,0.43333333333333335,2.0
25.421,0.594865141388475,0.461954186899998,2.00401874520957,0.43333333333333335,0.43333333333333335,2.0
25.433,0.594865141388475,0.461954186899998,2.00401874520957,0.43333333333333335,0.43333333333333335,2.0
25.44,0.594865141388475,0.461954186899998,2.00401874520957,0.43333333333333335,0.43333333333333335,2.0
25.45,0.594865141388475,0.461954186899998,2.00401874520957,0.43333333333333335,0.43333333333333335,2.0
25.46,0.594865141388475,0.461954186899998,2.00401874520957,0.43333333333333335,0.43333333333333335,2.0
25.476,0.5719282085461425,0.4577522363285353,2.0039597684700725,0.43333333333333335,0.43333333333333335,2.0
25.492,0.5719282085461425,0.4577522363285353,2.0039597684700725,0.43333333333333335,0.43333333333333335,2.0
25.501,0.5719282085461425,0.4577522363285353,2.0039597684700725,0.43333333333333335,0.43333333333333335,2.0
25.515,0.5719282085461425,0.4577522363285353,2.0039597684700725,0.43333333333333335,0.43333333333333335,2.0
25.525,0.5719282085461425,0.4577522363285353,2.0039597684700725,0.43333333333333335,0.43333333333333335,2.0
25.531,0.5719282085461425,0.4577522363285353,2.0039597684700725,0.43333333333333335,0.43333333333333335,2.0
25.541,0.5719282085461425,0.4577522363285353,2.0039597684700725,0.43333333333333335,0.43333333333333335,2.0
25.55,0.5719282085461425,0.4577522363285353,2.0039597684700725,0.43333333333333335,0.43333333333333335,2.0
25.76,0.49003628867171367,0.45090613914992894,2.003899578700045,0.43333333333333335,0.43333333333333335,2.0
25.773,0.3552629621979824,0.44833571893667534,2.0038832660107713,-0.43333333333333335,0.43333333333333335,2.0
25.78,0.3552629621979824,0.44833571893667534,2.0038832660107713,-0.43333333333333335,0.43333333333333335,2.0
25.791,0.3552629621979824,0.44833571893667534,2.0038832660107713,-0.43333333333333335,0.43333333333333335,2.0
25.801,0.3552629621979824,0.44833571893667534,2.0038832660107713,-0.43333333333333335,0.43333333333333335,2.0
25.811,0.3552629621979824,0.44833571893667534,2.0038832660107713,-0.43333333333333335,0.43333333333333335,2.0
25.82,0.3552629621979824,0.44833571893667534,2.0038832660107713,-0.43333333333333335,0.43333333333333335,2.0
25.835,0.3552629621979824,0.44833571893667534,2.0038832660107713,-0.43333333333333335,0.43333333333333335,2.0
25.846,0.3552629621979824,0.44833571893667534,2.0038832660107713,-0.43333333333333335,0.43333333333333335,2.0
25.85,0.3552629621979824,0.44833571893667534,2.0038832660107713,-0.43333333333333335,0.43333333333333335,2.0
25.86,0.3552629621979824,0.44833571893667534,2.0038832660107713,-0.43333333333333335,0.43333333333333335,2.0
25.878,0.21767189853498733,0.447683387238424,2.003856289933112,-0.43333333333333335,0.43333333333333335,2.0
25.88,0.21767189853498733,0.447683387238424,2.003856289933112,-0.43333333333333335,0.43333333333333335,2.0
25.89,0.21767189853498733,0.447683387238424,2.003856289933112,-0.43333333333333335,0.43333333333333335,2.0
25.913,0.21767189853498733,0.447683387238424,2.003856289933112,-0.43333333333333335,0.43333333333333335,2.0
25.92,0.21767189853498733,0.447683387238424,2.003856289933112,-0.43333333333333335,0.43333333333333335,2.0
25.933,0.21767189853498733,0.447683387238424,2.003856289933112,-0.43333333333333335,0.43333333333333335,2.0
25.943,0.21767189853498733,0.447683387238424,2.003856289933112,-0.43333333333333335,0.43333333333333335,2.0
25.953,0.21767189853498733,0.447683387238424,2.003856289933112,-0.43333333333333335,0.43333333333333335,2.0
25.96,0.21767189853498733,0.447683387238424,2.003856289933112,-0.43333333333333335,0.43333333333333335,2.0
25.979,0.14508048790989375,0.44903584531100144,2.003820140893824,-0.43333333333333335,0.43333333333333335,2.0
25.98,0.14508048790989375,0.44903584531100144,2.003820140893824,-0.43333333333333335,0.43333333333333335,2.0
25.99,0.14508048790989375,0.44903584531100144,2.003820140893824,-0.43333333333333335,0.43333333333333335,2.0
26.001,0.14508048790989375,0.44903584531100144,2.003820140893824,-0.43333333333333335,0.43333333333333335,2.0
26.01,0.14508048790989375,0.44903584531100144,2.003820140893824,-0.43333333333333335,0.43333333333333335,2.0
26.025,0.14508048790989375,0.44903584531100144,2.003820140893824,-0.43333333333333335,0.43333333333333335,2.0
26.034,0.14508048790989375,0.44903584531100144,2.003820140893824,-0.43333333333333335,0.43333333333333335,2.0
26.041,0.14508048790989375,0.44903584531100144,2.003820140893824,-0.43333333333333335,0.43333333333333335,2.0
26.06,0.12006028853927365,0.4496350397006554,2.003775842950912,-0.43333333333333335,0.43333333333333335,2.0
26.06,0.12006028853927365,0.4496350397006554,2.003775842950912,-0.43333333333333335,0.43333333333333335,2.0
26.073,0.12006028853927365,0.4496350397006554,2.003775842950912,-0.43333333333333335,0.43333333333333335,2.0
26.08,0.12006028853927365,0.4496350397006554,2.003775842950912,-0.43333333333333335,0.43333333333333335,2.0
26.091,0.12006028853927365,0.4496350397006554,2.003775842950912,-0.43333333333333335,0.43333333333333335,2.0
26.107,0.12006028853927365,0.4496350397006554,2.003775842950912,-0.43333333333333335,0.43333333333333335,2.0
26.127,0.12006028853927365,0.4496350397006554,2.003775842950912,-0.43333333333333335,0.43333333333333335,2.0
26.13,0.12006028853927365,0.4496350397006554,2.003775842950912,-0.43333333333333335,0.43333333333333335,2.0
26.14,0.12006028853927365,0.4496350397006554,2.003775842950912,-0.43333333333333335,0.43333333333333335,2.0
26.151,0.12006028853927365,0.4496350397006554,2.003775842950912,-0.43333333333333335,0.43333333333333335,2.0
26.373,0.030912382134954293,0.4448598633440868,2.003615247191614,-0.43333333333333335,0.43333333333333335,2.0
26.382,0.030912382134954293,0.4448598633440868,2.003615247191614,-0.43333333333333335,0.43333333333333335,2.0
26.72,-0.13936937340193978,0.4406623476529726,2.003450906324466,-0.43333333333333335,0.43333333333333335,2.0
26.735,-0.13936937340193978,0.4406623476529726,2.003450906324466,-0.43333333333333335,0.43333333333333335,2.0
27.095,-0.176796783960369,0.43985706783430667,2.003330322540871,-0.43333333333333335,0.43333333333333335,2.0
27.102,-0.176796783960369,0.43985706783430667,2.003330322540871,-0.43333333333333335,0.43333333333333335,2.0
27.46,-0.25524889419919944,0.43784670177577817,2.003231417904851,-0.43333333333333335,0.43333333333333335,2.0
27.47,-0.27485252487290673,0.43739342779823237,2.003207091686072,-0.43333333333333335,0.43333333333333335,2.0
27.76,-0.29484281619688113,0.43686015026280695,2.00315667689706,-0.43333333333333335,0.43333333333333335,2.0
27.772,-0.3056443321834765,0.43656321722823344,2.0031873656189703,-0.43333333333333335,0.43333333333333335,2.0
28.141,-0.3276482696982017,0.4359583302895002,2.0037218879921896,-0.43333333333333335,0.43333333333333335,2.0
28.153,-0.3276482696982017,0.4359583302895002,2.0037218879921896,-0.43333333333333335,0.43333333333333335,2.0
28.163,-0.3276482696982017,0.4359583302895002,2.0037218879921896,-0.43333333333333335,0.43333333333333335,2.0
28.17,-0.33249789505954747,0.4358250143756159,2.0040057782898475,-0.43333333333333335,0.43333333333333335,2.0
28.18,-0.33249789505954747,0.4358250143756159,2.0040057782898475,-0.43333333333333335,0.43333333333333335,2.0
28.204,-0.33249789505954747,0.4358250143756159,2.0040057782898475,-0.43333333333333335,0.43333333333333335,2.0
28.214,-0.33249789505954747,0.4358250143756159,2.0040057782898475,-0.43333333333333335,0.43333333333333335,2.0
28.22,-0.33249789505954747,0.4358250143756159,2.0040057782898475,-0.43333333333333335,0.43333333333333335,2.0
28.23,-0.33249789505954747,0.4358250143756159,2.0040057782898475,-0.43333333333333335,0.43333333333333335,2.0
28.24,-0.33249789505954747,0.4358250143756159,2.0040057782898475,-0.43333333333333335,0.43333333333333335,2.0
28.255,-0.33249789505954747,0.4358250143756159,2.0040057782898475,-0.43333333333333335,0.43333333333333335,2.0
28.26,-0.33249789505954747,0.4358250143756159,2.0040057782898475,-0.43333333333333335,0.43333333333333335,2.0
28.271,-0.33249789505954747,0.4358250143756159,2.0040057782898475,-0.43333333333333335,0.43333333333333335,2.0
28.283,-0.33249789505954747,0.4358250143756159,2.0040057782898475,-0.43333333333333335,0.43333333333333335,2.0
28.291,-0.33249789505954747,0.4358250143756159,2.0040057782898475,-0.43333333333333335,0.43333333333333335,2.0
28.301,-0.33249789505954747,0.4358250143756159,2.0040057782898475,-0.43333333333333335,0.43333333333333335,2.0
28.312,-0.33249789505954747,0.4358250143756159,2.0040057782898475,-0.43333333333333335,0.43333333333333335,2.0
28.322,-0.33646765330602446,0.43571588595659494,2.004327099339171,-0.43333333333333335,0.43333333333333335,2.0
28.334,-0.33646765330602446,0.43571588595659494,2.004327099339171,-0.43333333333333335,0.43333333333333335,2.0
28.343,-0.33646765330602446,0.43571588595659494,2.004327099339171,-0.43333333333333335,0.43333333333333335,2.0
28.35,-0.33646765330602446,0.43571588595659494,2.004327099339171,-0.43333333333333335,0.43333333333333335,2.0
28.36,-0.33646765330602446,0.43571588595659494,2.004327099339171,-0.43333333333333335,0.43333333333333335,2.0
28.37,-0.33971717865309153,0.43562655669731093,2.0046790600820823,-0.43333333333333335,0.43333333333333335,2.0
28.38,-0.33971717865309153,0.43562655669731093,2.0046790600820823,-0.43333333333333335,0.43333333333333335,2.0
28.39,-0.33971717865309153,0.43562655669731093,2.0046790600820823,-0.43333333333333335,0.43333333333333335,2.0
28.4,-0.33971717865309153,0.43562655669731093,2.0046790600820823,-0.43333333333333335,0.43333333333333335,2.0
28.41,-0.33971717865309153,0.43562655669731093,2.0046790600820823,-0.43333333333333335,0.43333333333333335,2.0
28.422,-0.33971717865309153,0.43562655669731093,2.0046790600820823,-0.43333333333333335,0.43333333333333335,2.0
28.435,-0.33971717865309153,0.43562655669731093,2.0046790600820823,-0.43333333333333335,0.43333333333333335,2.0
28.448,-0.33971717865309153,0.43562655669731093,2.0046790600820823,-0.43333333333333335,0.43333333333333335,2.0
28.69,-0.3463368376692996,0.43544458266311303,2.0058680507247613,-0.43333333333333335,0.43333333333333335,2.0
28.703,-0.3463368376692996,0.43544458266311303,2.0058680507247613,-0.43333333333333335,0.43333333333333335,2.0
28.71,-0.3463368376692996,0.43544458266311303,2.0058680507247613,-0.43333333333333335,0.43333333333333335,2.0
28.733,-0.3463368376692996,0.43544458266311303,2.0058680507247613,-0.43333333333333335,0.43333333333333335,2.0
28.74,-0.3463368376692996,0.43544458266311303,2.0058680507247613,-0.43333333333333335,0.43333333333333335,2.0
28.76,-0.3477957977407408,0.43540447593718024,2.006296184565905,-0.43333333333333335,0.43333333333333335,2.0
28.76,-0.3477957977407408,0.43540447593718024,2.006296184565905,-0.43333333333333335,0.43333333333333335,2.0
28.772,-0.3477957977407408,0.43540447593718024,2.006296184565905,-0.43333333333333335,0.43333333333333335,2.0
28.782,-0.3477957977407408,0.43540447593718024,2.006296184565905,-0.43333333333333335,0.43333333333333335,2.0
28.79,-0.3477957977407408,0.43540447593718024,2.006296184565905,-0.43333333333333335,0.43333333333333335,2.0
28.802,-0.3477957977407408,0.43540447593718024,2.006296184565905,-0.43333333333333335,0.43333333333333335,2.0
28.821,-0.3477957977407408,0.43540447593718024,2.006296184565905,-0.43333333333333335,0.43333333333333335,2.0
28.841,-0.3477957977407408,0.43540447593718024,2.006296184565905,-0.43333333333333335,0.43333333333333335,2.0
28.853,-0.3477957977407408,0.43540447593718024,2.006296184565905,-0.43333333333333335,0.43333333333333335,2.0
29.05,-0.3820868548739447,0.43530438760195683,2.0071085177213654,-0.43333333333333335,0.43333333333333335,2.0
29.06,-0.3820868548739447,0.43530438760195683,2.0071085177213654,-1.3,0.43333333333333335,2.0
29.33,-0.7572952454471024,0.4347832549214008,2.0070698094627657,-1.3,0.43333333333333335,2.0
29.347,-0.7572952454471024,0.4347832549214008,2.0070698094627657,-1.3,0.43333333333333335,2.0
29.654,-0.9315523405688377,0.4343763042026723,2.005891325770152,-1.3,0.43333333333333335,2.0
29.66,-0.9315523405688377,0.4343763042026723,2.005891325770152,-1.3,0.43333333333333335,2.0
29.673,-0.9315523405688377,0.4343763042026723,2.005891325770152,-1.3,0.43333333333333335,2.0
29.68,-0.9315523405688377,0.4343763042026723,2.005891325770152,-1.3,0.43333333333333335,2.0
29.695,-0.9315523405688377,0.4343763042026723,2.005891325770152,-1.3,0.43333333333333335,2.0
29.706,-0.9315523405688377,0.4343763042026723,2.005891325770152,-1.3,0.43333333333333335,2.0
29.714,-0.9315523405688377,0.4343763042026723,2.005891325770152,-1.3,0.43333333333333335,2.0
29.73,-0.9729565863095042,0.43423003401841187,2.0054666812589823,-1.3,0.43333333333333335,2.0
29.73,-0.9729565863095042,0.43423003401841187,2.0054666812589823,-1.3,0.43333333333333335,2.0
29.741,-0.9729565863095042,0.43423003401841187,2.0054666812589823,-1.3,0.43333333333333335,2.0
29.753,-0.9729565863095042,0.43423003401841187,2.0054666812589823,-1.3,0.43333333333333335,2.0
29.76,-0.9729565863095042,0.43423003401841187,2.0054666812589823,-1.3,0.43333333333333335,2.0
29.77,-1.0197554373556692,0.4340773798563445,2.0050663590018645,-1.3,0.43333333333333335,2.0
29.78,-1.0197554373556692,0.4340773798563445,2.0050663590018645,-1.3,0.43333333333333335,2.0
29.792,-1.0197554373556692,0.4340773798563445,2.0050663590018645,-1.3,0.43333333333333335,2.0
29.801,-1.0197554373556692,0.4340773798563445,2.0050663590018645,-1.3,0.43333333333333335,2.0
29.829,-1.0197554373556692,0.4340773798563445,2.0050663590018645,-1.3,0.43333333333333335,2.0
29.83,-1.0197554373556692,0.4340773798563445,2.0050663590018645,-1.3,0.43333333333333335,2.0
29.842,-1.0197554373556692,0.4340773798563445,2.0050663590018645,-1.3,0.43333333333333335,2.0
29.853,-1.0197554373556692,0.4340773798563445,2.0050663590018645,-1.3,0.43333333333333335,2.0
30.07,-1.0817731840926108,0.4339383347270041,2.0043383345629073,-1.3,0.43333333333333335,2.0
30.081,-1.0817731840926108,0.4339383347270041,2.0043383345629073,-1.3,0.43333333333333335,2.0
30.093,-1.0817731840926108,0.4339383347270041,2.0043383345629073,-1.3,0.43333333333333335,2.0
30.12,-1.0817731840926108,0.4339383347270041,2.0043383345629073,-1.3,0.43333333333333335,2.0
30.12,-1.0817731840926108,0.4339383347270041,2.0043383345629073,-1.3,0.43333333333333335,2.0
30.136,-1.0817731840926108,0.4339383347270041,2.0043383345629073,-1.3,0.43333333333333335,2.0
30.16,-1.0817731840926108,0.4339383347270041,2.0043383345629073,-1.3,0.43333333333333335,2.0
30.16,-1.0817731840926108,0.4339383347270041,2.0043383345629073,-1.3,0.43333333333333335,2.0
30.177,-1.0817731840926108,0.4339383347270041,2.0043383345629073,-1.3,0.43333333333333335,2.0
30.18,-1.0817731840926108,0.4339383347270041,2.0043383345629073,-1.3,0.43333333333333335,2.0
30.204,-1.0817731840926108,0.4339383347270041,2.0043383345629073,-1.3,0.43333333333333335,2.0
30.21,-1.0817731840926108,0.4339383347270041,2.0043383345629073,-1.3,0.43333333333333335,2.0
30.22,-1.0817731840926108,0.4339383347270041,2.0043383345629073,-1.3,0.43333333333333335,2.0
30.236,-1.0958360883490301,0.4339022171866779,2.004239533668166,-1.3,0.43333333333333335,2.0
30.24,-1.0958360883490301,0.4339022171866779,2.004239533668166,-1.3,0.43333333333333335,2.0
30.25,-1.0958360883490301,0.4339022171866779,2.004239533668166,-1.3,0.43333333333333335,2.0
30.53,-1.110115920358937,0.43386424356605285,2.0041802537198308,-1.3,0.43333333333333335,2.0
30.54,-1.110115920358937,0.43386424356605285,2.0041802537198308,-1.3,0.43333333333333335,2.0
30.551,-1.110115920358937,0.43386424356605285,2.0041802537198308,-1.3,0.43333333333333335,2.0
30.56,-1.1184916722355922,0.43384912385907975,2.0041705702051407,-1.3,0.43333333333333335,2.0
30.572,-1.1184916722355922,0.43384912385907975,2.0041705702051407,-1.3,0.43333333333333335,2.0
30.582,-1.1184916722355922,0.43384912385907975,2.0041705702051407,-1.3,0.43333333333333335,2.0
30.594,-1.1184916722355922,0.43384912385907975,2.0041705702051407,-1.3,0.43333333333333335,2.0
30.605,-1.1184916722355922,0.43384912385907975,2.0041705702051407,-1.3,0.43333333333333335,2.0
30.61,-1.1184916722355922,0.43384912385907975,2.0041705702051407,-1.3,0.43333333333333335,2.0
30.626,-1.1184916722355922,0.43384912385907975,2.0041705702051407,-1.3,0.43333333333333335,2.0
30.643,-1.1184916722355922,0.43384912385907975,2.0041705702051407,-1.3,0.43333333333333335,2.0
30.65,-1.1184916722355922,0.43384912385907975,2.0041705702051407,-1.3,0.43333333333333335,2.0
30.936,-1.1752682771345264,0.4336872623227803,2.0040074127507297,-1.3,0.43333333333333335,2.0
30.943,-1.1752682771345264,0.4336872623227803,2.0040074127507297,-1.3,0.43333333333333335,2.0
30.958,-1.1752682771345264,0.4336872623227803,2.0040074127507297,-1.3,0.43333333333333335,2.0
30.96,-1.1752682771345264,0.4336872623227803,2.0040074127507297,-1.3,0.43333333333333335,2.0
30.97,-1.1869547509115719,0.43365248008661095,2.00400747172323,-1.3,0.43333333333333335,2.0
30.983,-1.1869547509115719,0.43365248008661095,2.00400747172323,-1.3,0.43333333333333335,2.0
30.993,-1.1869547509115719,0.43365248008661095,2.00400747172323,-1.3,0.43333333333333335,2.0
31.002,-1.1869547509115719,0.43365248008661095,2.00400747172323,-1.3,0.43333333333333335,2.0
31.012,-1.1869547509115719,0.43365248008661095,2.00400747172323,-1.3,0.43333333333333335,2.0
31.02,-1.1869547509115719,0.43365248008661095,2.00400747172323,-1.3,0.43333333333333335,2.0
31.033,-1.1869547509115719,0.43365248008661095,2.00400747172323,-1.3,0.43333333333333335,2.0
31.042,-1.1869547509115719,0.43365248008661095,2.00400747172323,-1.3,0.43333333333333335,2.0
31.05,-1.1869547509115719,0.43365248008661095,2.00400747172323,-1.3,0.43333333333333335,2.0
31.06,-1.1869547509115719,0.43365248008661095,2.00400747172323,-1.3,0.43333333333333335,2.0
31.07,-1.1869547509115719,0.43365248008661095,2.00400747172323,-1.3,0.43333333333333335,2.0
31.08,-1.1965209487499526,0.4336240083885774,2.004096456940467,-1.3,0.43333333333333335,2.0
31.09,-1.1965209487499526,0.4336240083885774,2.004096456940467,-1.3,0.43333333333333335,2.0
31.1,-1.1965209487499526,0.4336240083885774,2.004096456940467,-1.3,0.43333333333333335,2.0
31.113,-1.1965209487499526,0.4336240083885774,2.004096456940467,-1.3,0.43333333333333335,2.0
31.12,-1.1965209487499526,0.4336240083885774,2.004096456940467,-1.3,0.43333333333333335,2.0
31.134,-1.1965209487499526,0.4336240083885774,2.004096456940467,-1.3,0.43333333333333335,2.0
31.149,-1.1965209487499526,0.4336240083885774,2.004096456940467,-1.3,0.43333333333333335,2.0
31.15,-1.1965209487499526,0.4336240083885774,2.004096456940467,-1.3,0.43333333333333335,2.0
31.16,-1.1965209487499526,0.4336240083885774,2.004096456940467,-1.3,0.43333333333333335,2.0
31.17,-1.204351552132026,0.43360070230828507,2.0042582345214535,-1.3,0.43333333333333335,2.0
31.18,-1.204351552132026,0.43360070230828507,2.0042582345214535,-1.3,0.43333333333333335,2.0
31.193,-1.204351552132026,0.43360070230828507,2.0042582345214535,-1.3,0.43333333333333335,2.0
31.203,-1.204351552132026,0.43360070230828507,2.0042582345214535,-1.3,0.43333333333333335,2.0
31.21,-1.204351552132026,0.43360070230828507,2.0042582345214535,-1.3,0.43333333333333335,2.0
31.222,-1.204351552132026,0.43360070230828507,2.0042582345214535,-1.3,0.43333333333333335,2.0
31.231,-1.204351552132026,0.43360070230828507,2.0042582345214535,-1.3,0.43333333333333335,2.0
31.24,-1.204351552132026,0.43360070230828507,2.0042582345214535,-1.3,0.43333333333333335,2.0
31.25,-1.204351552132026,0.43360070230828507,2.0042582345214535,-1.3,0.43333333333333335,2.0
31.26,-1.2107614498116779,0.4335816246481483,2.004479597753853,-1.3,0.43333333333333335,2.0
31.271,-1.2107614498116779,0.4335816246481483,2.004479597753853,-1.3,0.43333333333333335,2.0
31.281,-1.2107614498116779,0.4335816246481483,2.004479597753853,-1.3,0.43333333333333335,2.0
31.291,-1.2107614498116779,0.4335816246481483,2.004479597753853,-1.3,0.43333333333333335,2.0
31.305,-1.2107614498116779,0.4335816246481483,2.004479597753853,-1.3,0.43333333333333335,2.0
31.31,-1.2107614498116779,0.4335816246481483,2.004479597753853,-1.3,0.43333333333333335,2.0
31.322,-1.2107614498116779,0.4335816246481483,2.004479597753853,-1.3,0.43333333333333335,2.0
31.332,-1.2107614498116779,0.4335816246481483,2.004479597753853,-1.3,0.43333333333333335,2.0
31.346,-1.2107614498116779,0.4335816246481483,2.004479597753853,-1.3,0.43333333333333335,2.0
31.352,-1.2107614498116779,0.4335816246481483,2.004479597753853,-1.3,0.43333333333333335,2.0
31.362,-1.2107614498116779,0.4335816246481483,2.004479597753853,-1.3,0.43333333333333335,2.0
31.375,-1.21600840030309,0.43356600824625996,2.0047497360180215,-1.3,0.43333333333333335,2.0
31.38,-1.21600840030309,0.43356600824625996,2.0047497360180215,-1.3,0.43333333333333335,2.0
31.393,-1.21600840030309,0.43356600824625996,2.0047497360180215,-1.3,0.43333333333333335,2.0
31.401,-1.21600840030309,0.43356600824625996,2.0047497360180215,-1.3,0.43333333333333335,2.0
31.41,-1.21600840030309,0.43356600824625996,2.0047497360180215,-1.3,0.43333333333333335,2.0
31.42,-1.21600840030309,0.43356600824625996,2.0047497360180215,-1.3,0.43333333333333335,2.0
31.432,-1.21600840030309,0.43356600824625996,2.0047497360180215,-1.3,0.43333333333333335,2.0
31.443,-1.21600840030309,0.43356600824625996,2.0047497360180215,-1.3,0.43333333333333335,2.0
31.76,-1.2266970453876447,0.4335341958292079,2.005772044806812,-1.3,0.43333333333333335,2.0
31.779,-1.2288552038824374,0.4021992521015788,2.006102945596128,-1.3,0.43333333333333335,2.0
32.074,-1.2325096135446338,0.18474354795123984,2.0061449396772626,-1.3,0.43333333333333335,2.0
32.08,-1.2325096135446338,0.18474354795123984,2.0061449396772626,-1.3,-0.43333333333333335,2.0
32.443,-1.255833495596485,-0.039666441679789374,2.004814698318002,-1.3,-0.43333333333333335,2.0
32.454,-1.255833495596485,-0.039666441679789374,2.004814698318002,-1.3,-0.43333333333333335,2.0
32.792,-1.2609638523080937,-0.08497505044453194,2.004300930135187,-1.3,-0.43333333333333335,2.0
32.802,-1.2609638523080937,-0.08497505044453194,2.004300930135187,-1.3,-0.43333333333333335,2.0
33.16,-1.2690632604847685,-0.15681442801455442,2.0044474755931523,-1.3,-0.43333333333333335,2.0
33.17,-1.2690632604847685,-0.15681442801455442,2.0044474755931523,-1.3,-0.43333333333333335,2.0
33.555,-1.2797265099926194,-0.2547596358397659,2.0041584172452422,-1.3,-0.43333333333333335,2.0
33.56,-1.2797265099926194,-0.2547596358397659,2.0041584172452422,-1.3,-0.43333333333333335,2.0
33.88,-1.2866983292771281,-0.31624235585262833,2.0038063206677394,-1.3,-0.43333333333333335,2.0
33.89,-1.2866983292771281,-0.31624235585262833,2.0038063206677394,-1.3,-0.43333333333333335,2.0
34.22,-1.2897589888233896,-0.3428170367934576,2.004282796673585,-1.3,-0.43333333333333335,2.0
34.23,-1.2897589888233896,-0.3428170367934576,2.004282796673585,-1.3,-0.43333333333333335,2.0
34.247,-1.2897589888233896,-0.3428170367934576,2.004282796673585,-1.3,-0.43333333333333335,2.0
34.253,-1.2897589888233896,-0.3428170367934576,2.004282796673585,-1.3,-0.43333333333333335,2.0
34.26,-1.29043355228041,-0.34867404518452755,2.0045538936639,-1.3,-0.43333333333333335,2.0
34.285,-1.29043355228041,-0.34867404518452755,2.0045538936639,-1.3,-0.43333333333333335,2.0
34.3,-1.29043355228041,-0.34867404518452755,2.0045538936639,-1.3,-0.43333333333333335,2.0
34.3,-1.29043355228041,-0.34867404518452755,2.0045538936639,-1.3,-0.43333333333333335,2.0
34.311,-1.29043355228041,-0.34867404518452755,2.0045538936639,-1.3,-0.43333333333333335,2.0
34.335,-1.29043355228041,-0.34867404518452755,2.0045538936639,-1.3,-0.43333333333333335,2.0
34.346,-1.29043355228041,-0.34867404518452755,2.0045538936639,-1.3,-0.43333333333333335,2.0
34.356,-1.29043355228041,-0.34867404518452755,2.0045538936639,-1.3,-0.43333333333333335,2.0
34.598,-1.291807716071532,-0.360605448778269,2.005578155488746,-1.3,-0.43333333333333335,2.0
34.606,-1.291807716071532,-0.360605448778269,2.005578155488746,-1.3,-0.43333333333333335,2.0
34.612,-1.291807716071532,-0.360605448778269,2.005578155488746,-1.3,-0.43333333333333335,2.0
34.623,-1.291807716071532,-0.360605448778269,2.005578155488746,-1.3,-0.43333333333333335,2.0
34.63,-1.291807716071532,-0.360605448778269,2.005578155488746,-1.3,-0.43333333333333335,2.0
34.644,-1.291807716071532,-0.360605448778269,2.005578155488746,-1.3,-0.43333333333333335,2.0
34.65,-1.291807716071532,-0.360605448778269,2.005578155488746,-1.3,-0.43333333333333335,2.0
34.66,-1.291807716071532,-0.360605448778269,2.005578155488746,-1.3,-0.43333333333333335,2.0
34.673,-1.2921105791190024,-0.36323510710310025,2.0059699834163607,-1.3,-0.43333333333333335,2.0
34.688,-1.2921105791190024,-0.36323510710310025,2.0059699834163607,-1.3,-0.43333333333333335,2.0
34.695,-1.2921105791190024,-0.36323510710310025,2.0059699834163607,-1.3,-0.43333333333333335,2.0
34.707,-1.2921105791190024,-0.36323510710310025,2.0059699834163607,-1.3,-0.43333333333333335,2.0
34.71,-1.2921105791190024,-0.36323510710310025,2.0059699834163607,-1.3,-0.43333333333333335,2.0
34.721,-1.2921105791190024,-0.36323510710310025,2.0059699834163607,-1.3,-0.43333333333333335,2.0
34.73,-1.2921105791190024,-0.36323510710310025,2.0059699834163607,-1.3,-0.43333333333333335,2.0
34.742,-1.2921105791190024,-0.36323510710310025,2.0059699834163607,-1.3,-0.43333333333333335,2.0
34.75,-1.2921105791190024,-0.36323510710310025,2.0059699834163607,-1.3,-0.43333333333333335,2.0
34.76,-1.2921105791190024,-0.36323510710310025,2.0059699834163607,-1.3,-0.43333333333333335,2.0
34.77,-1.292358493749652,-0.365387666742783,2.0063796589806597,-1.3,-0.43333333333333335,2.0
34.78,-1.292358493749652,-0.365387666742783,2.0063796589806597,-1.3,-0.43333333333333335,2.0
34.793,-1.292358493749652,-0.365387666742783,2.0063796589806597,-1.3,-0.43333333333333335,2.0
34.81,-1.292358493749652,-0.365387666742783,2.0063796589806597,-1.3,-0.43333333333333335,2.0
34.81,-1.292358493749652,-0.365387666742783,2.0063796589806597,-1.3,-0.43333333333333335,2.0
34.827,-1.292358493749652,-0.365387666742783,2.0063796589806597,-1.3,-0.43333333333333335,2.0
34.83,-1.292358493749652,-0.365387666742783,2.0063796589806597,-1.3,-0.43333333333333335,2.0
34.844,-1.292358493749652,-0.365387666742783,2.0063796589806597,-1.3,-0.43333333333333335,2.0
34.855,-1.292358493749652,-0.365387666742783,2.0063796589806597,-1.3,-0.43333333333333335,2.0
34.86,-1.292358493749652,-0.365387666742783,2.0063796589806597,-1.3,-0.43333333333333335,2.0
34.87,-1.292358493749652,-0.365387666742783,2.0063796589806597,-1.3,-0.43333333333333335,2.0
34.884,-1.292358493749652,-0.365387666742783,2.0063796589806597,-1.3,-0.43333333333333335,2.0
34.896,-1.292358493749652,-0.365387666742783,2.0063796589806597,-1.3,-0.43333333333333335,2.0
34.908,-1.292358493749652,-0.365387666742783,2.0063796589806597,-1.3,-0.43333333333333335,2.0
34.91,-1.292358493749652,-0.365387666742783,2.0063796589806597,-1.3,-0.43333333333333335,2.0
34.921,-1.2925614292500505,-0.367149687670992,2.0068039440864465,-1.3,-0.43333333333333335,2.0
34.931,-1.2925614292500505,-0.367149687670992,2.0068039440864465,-1.3,-0.43333333333333335,2.0
34.94,-1.2925614292500505,-0.367149687670992,2.0068039440864465,-1.3,-0.43333333333333335,2.0
34.955,-1.2925614292500505,-0.367149687670992,2.0068039440864465,-1.3,-0.43333333333333335,2.0
34.961,-1.2927275461799537,-0.36859202529277546,2.007240188125859,-0.43333333333333335,-0.43333333333333335,2.0
34.97,-1.2927275461799537,-0.36859202529277546,2.007240188125859,-0.43333333333333335,-0.43333333333333335,2.0
34.987,-1.2927275461799537,-0.36859202529277546,2.007240188125859,-0.43333333333333335,-0.43333333333333335,2.0
34.995,-1.2927275461799537,-0.36859202529277546,2.007240188125859,-0.43333333333333335,-0.43333333333333335,2.0
35.008,-1.2927275461799537,-0.36859202529277546,2.007240188125859,-0.43333333333333335,-0.43333333333333335,2.0
35.022,-1.2927275461799537,-0.36859202529277546,2.007240188125859,-0.43333333333333335,-0.43333333333333335,2.0
35.042,-1.2927275461799537,-0.36859202529277546,2.007240188125859,-0.43333333333333335,-0.43333333333333335,2.0
35.051,-1.2927275461799537,-0.36859202529277546,2.007240188125859,-0.43333333333333335,-0.43333333333333335,2.0
35.069,-1.2927275461799537,-0.36859202529277546,2.007240188125859,-0.43333333333333335,-0.43333333333333335,2.0
35.07,-1.2927275461799537,-0.36859202529277546,2.007240188125859,-0.43333333333333335,-0.43333333333333335,2.0
35.082,-1.2548536099531296,-0.36948863404767124,2.0075453465935373,-0.43333333333333335,-0.43333333333333335,2.0
35.094,-1.2548536099531296,-0.36948863404767124,2.0075453465935373,-0.43333333333333335,-0.43333333333333335,2.0
35.1,-1.2548536099531296,-0.36948863404767124,2.0075453465935373,-0.43333333333333335,-0.43333333333333335,2.0
35.11,-1.2548536099531296,-0.36948863404767124,2.0075453465935373,-0.43333333333333335,-0.43333333333333335,2.0
35.121,-1.2548536099531296,-0.36948863404767124,2.0075453465935373,-0.43333333333333335,-0.43333333333333335,2.0
35.14,-1.2548536099531296,-0.36948863404767124,2.0075453465935373,-0.43333333333333335,-0.43333333333333335,2.0
35.14,-1.2548536099531296,-0.36948863404767124,2.0075453465935373,-0.43333333333333335,-0.43333333333333335,2.0
35.156,-1.2548536099531296,-0.36948863404767124,2.0075453465935373,-0.43333333333333335,-0.43333333333333335,2.0
35.16,-1.2548536099531296,-0.36948863404767124,2.0075453465935373,-0.43333333333333335,-0.43333333333333335,2.0
35.388,-0.8424826060520719,-0.3841023076441202,2.0071908257669167,-0.43333333333333335,-0.43333333333333335,2.0
35.397,-0.8424826060520719,-0.3841023076441202,2.0071908257669167,-0.43333333333333335,-0.43333333333333335,2.0
35.404,-0.8424826060520719,-0.3841023076441202,2.0071908257669167,-0.43333333333333335,-0.43333333333333335,2.0
35.41,-0.8424826060520719,-0.3841023076441202,2.0071908257669167,-0.43333333333333335,-0.43333333333333335,2.0
35.42,-0.8424826060520719,-0.3841023076441202,2.0071908257669167,-0.43333333333333335,-0.43333333333333335,2.0
35.431,-0.8424826060520719,-0.3841023076441202,2.0071908257669167,-0.43333333333333335,-0.43333333333333335,2.0
35.44,-0.8424826060520719,-0.3841023076441202,2.0071908257669167,-0.43333333333333335,-0.43333333333333335,2.0
35.45,-0.8424826060520719,-0.3841023076441202,2.0071908257669167,-0.43333333333333335,-0.43333333333333335,2.0
35.46,-0.8424826060520719,-0.3841023076441202,2.0071908257669167,-0.43333333333333335,-0.43333333333333335,2.0
35.471,-0.7688641384962066,-0.3888660806136731,2.0068251508304793,-0.43333333333333335,-0.43333333333333335,2.0
35.48,-0.7688641384962066,-0.3888660806136731,2.0068251508304793,-0.43333333333333335,-0.43333333333333335,2.0
35.498,-0.7688641384962066,-0.3888660806136731,2.0068251508304793,-0.43333333333333335,-0.43333333333333335,2.0
35.5,-0.7688641384962066,-0.3888660806136731,2.0068251508304793,-0.43333333333333335,-0.43333333333333335,2.0
35.511,-0.7688641384962066,-0.3888660806136731,2.0068251508304793,-0.43333333333333335,-0.43333333333333335,2.0
35.52,-0.7688641384962066,-0.3888660806136731,2.0068251508304793,-0.43333333333333335,-0.43333333333333335,2.0
35.535,-0.7688641384962066,-0.3888660806136731,2.0068251508304793,-0.43333333333333335,-0.43333333333333335,2.0
35.548,-0.7688641384962066,-0.3888660806136731,2.0068251508304793,-0.43333333333333335,-0.43333333333333335,2.0
35.55,-0.7688641384962066,-0.3888660806136731,2.0068251508304793,-0.43333333333333335,-0.43333333333333335,2.0
35.798,-0.730595722052831,-0.39788951184600374,2.0057366369613145,-0.43333333333333335,-0.43333333333333335,2.0
35.802,-0.730595722052831,-0.39788951184600374,2.0057366369613145,-0.43333333333333335,-0.43333333333333335,2.0
36.136,-0.6614893539607032,-0.4039585700135557,2.0052416611198485,-0.43333333333333335,-0.43333333333333335,2.0
36.14,-0.6614893539607032,-0.4039585700135557,2.0052416611198485,-0.43333333333333335,-0.43333333333333335,2.0
36.15,-0.6614893539607032,-0.4039585700135557,2.0052416611198485,-0.43333333333333335,-0.43333333333333335,2.0
36.16,-0.6614893539607032,-0.4039585700135557,2.0052416611198485,-0.43333333333333335,-0.43333333333333335,2.0
36.179,-0.6258755381586553,-0.4081992531125184,2.0051274613642986,-0.43333333333333335,-0.43333333333333335,2.0
36.183,-0.6258755381586553,-0.4081992531125184,2.0051274613642986,-0.43333333333333335,-0.43333333333333335,2.0
36.196,-0.6258755381586553,-0.4081992531125184,2.0051274613642986,-0.43333333333333335,-0.43333333333333335,2.0
36.204,-0.6258755381586553,-0.4081992531125184,2.0051274613642986,-0.43333333333333335,-0.43333333333333335,2.0
36.219,-0.6258755381586553,-0.4081992531125184,2.0051274613642986,-0.43333333333333335,-0.43333333333333335,2.0
36.225,-0.6258755381586553,-0.4081992531125184,2.0051274613642986,-0.43333333333333335,-0.43333333333333335,2.0
36.237,-0.6258755381586553,-0.4081992531125184,2.0051274613642986,-0.43333333333333335,-0.43333333333333335,2.0
36.24,-0.6258755381586553,-0.4081992531125184,2.0051274613642986,-0.43333333333333335,-0.43333333333333335,2.0
36.253,-0.6258755381586553,-0.4081992531125184,2.0051274613642986,-0.43333333333333335,-0.43333333333333335,2.0
36.26,-0.6258755381586553,-0.4081992531125184,2.0051274613642986,-0.43333333333333335,-0.43333333333333335,2.0
36.291,-0.5969028428099382,-0.411824259748083,2.0050087230224247,-0.43333333333333335,-0.43333333333333335,2.0
36.303,-0.5969028428099382,-0.411824259748083,2.0050087230224247,-0.43333333333333335,-0.43333333333333335,2.0
36.311,-0.5969028428099382,-0.411824259748083,2.0050087230224247,-0.43333333333333335,-0.43333333333333335,2.0
36.324,-0.5969028428099382,-0.411824259748083,2.0050087230224247,-0.43333333333333335,-0.43333333333333335,2.0
36.334,-0.5969028428099382,-0.411824259748083,2.0050087230224247,-0.43333333333333335,-0.43333333333333335,2.0
36.348,-0.5969028428099382,-0.411824259748083,2.0050087230224247,-0.43333333333333335,-0.43333333333333335,2.0
36.35,-0.5969028428099382,-0.411824259748083,2.0050087230224247,-0.43333333333333335,-0.43333333333333335,2.0
36.36,-0.5969028428099382,-0.411824259748083,2.0050087230224247,-0.43333333333333335,-0.43333333333333335,2.0
36.371,-0.5797871731026969,-0.4141125632304548,2.004884333223222,-0.43333333333333335,-0.43333333333333335,2.0
36.384,-0.5797871731026969,-0.4141125632304548,2.004884333223222,-0.43333333333333335,-0.43333333333333335,2.0
36.39,-0.5797871731026969,-0.4141125632304548,2.004884333223222,-0.43333333333333335,-0.43333333333333335,2.0
36.4,-0.5797871731026969,-0.4141125632304548,2.004884333223222,-0.43333333333333335,-0.43333333333333335,2.0
36.411,-0.5797871731026969,-0.4141125632304548,2.004884333223222,-0.43333333333333335,-0.43333333333333335,2.0
36.426,-0.5797871731026969,-0.4141125632304548,2.004884333223222,-0.43333333333333335,-0.43333333333333335,2.0
36.438,-0.5797871731026969,-0.4141125632304548,2.004884333223222,-0.43333333333333335,-0.43333333333333335,2.0
36.441,-0.5797871731026969,-0.4141125632304548,2.004884333223222,-0.43333333333333335,-0.43333333333333335,2.0
36.45,-0.5797871731026969,-0.4141125632304548,2.004884333223222,-0.43333333333333335,-0.43333333333333335,2.0
36.46,-0.5797871731026969,-0.4141125632304548,2.004884333223222,-0.43333333333333335,-0.43333333333333335,2.0
36.477,-0.5797871731026969,-0.4141125632304548,2.004884333223222,-0.43333333333333335,-0.43333333333333335,2.0
36.48,-0.5797871731026969,-0.4141125632304548,2.004884333223222,-0.43333333333333335,-0.43333333333333335,2.0
36.49,-0.5797871731026969,-0.4141125632304548,2.004884333223222,-0.43333333333333335,-0.43333333333333335,2.0
36.501,-0.5797871731026969,-0.4141125632304548,2.004884333223222,-0.43333333333333335,-0.43333333333333335,2.0
36.513,-0.5797871731026969,-0.4141125632304548,2.004884333223222,-0.43333333333333335,-0.43333333333333335,2.0
36.523,-0.5687749601862658,-0.4156418558034165,2.0047863951997766,-0.43333333333333335,-0.43333333333333335,2.0
36.533,-0.5687749601862658,-0.4156418558034165,2.0047863951997766,-0.43333333333333335,-0.43333333333333335,2.0
36.56,-0.5596473059923043,-0.41690883385497907,2.0047911622527343,-0.43333333333333335,-0.43333333333333335,2.0
36.56,-0.5596473059923043,-0.41690883385497907,2.0047911622527343,-0.43333333333333335,-0.43333333333333335,2.0
36.572,-0.5596473059923043,-0.41690883385497907,2.0047911622527343,-0.43333333333333335,-0.43333333333333335,2.0
36.582,-0.5596473059923043,-0.41690883385497907,2.0047911622527343,-0.43333333333333335,-0.43333333333333335,2.0
36.59,-0.5596473059923043,-0.41690883385497907,2.0047911622527343,-0.43333333333333335,-0.43333333333333335,2.0
36.604,-0.5596473059923043,-0.41690883385497907,2.0047911622527343,-0.43333333333333335,-0.43333333333333335,2.0
36.612,-0.5596473059923043,-0.41690883385497907,2.0047911622527343,-0.43333333333333335,-0.43333333333333335,2.0
36.626,-0.5596473059923043,-0.41690883385497907,2.0047911622527343,-0.43333333333333335,-0.43333333333333335,2.0
36.638,-0.5596473059923043,-0.41690883385497907,2.0047911622527343,-0.43333333333333335,-0.43333333333333335,2.0
36.653,-0.5596473059923043,-0.41690883385497907,2.0047911622527343,-0.43333333333333335,-0.43333333333333335,2.0
36.66,-0.5596473059923043,-0.41690883385497907,2.0047911622527343,-0.43333333333333335,-0.43333333333333335,2.0
36.674,-0.5596473059923043,-0.41690883385497907,2.0047911622527343,-0.43333333333333335,-0.43333333333333335,2.0
36.682,-0.5596473059923043,-0.41690883385497907,2.0047911622527343,-0.43333333333333335,-0.43333333333333335,2.0
36.7,-0.5596473059923043,-0.41690883385497907,2.0047911622527343,-0.43333333333333335,-0.43333333333333335,2.0
36.701,-0.5596473059923043,-0.41690883385497907,2.0047911622527343,-0.43333333333333335,-0.43333333333333335,2.0
36.711,-0.5596473059923043,-0.41690883385497907,2.0047911622527343,-0.43333333333333335,-0.43333333333333335,2.0
36.72,-0.5521756813187204,-0.41794594418692027,2.0048840013637905,-0.43333333333333335,-0.43333333333333335,2.0
36.732,-0.5521756813187204,-0.41794594418692027,2.0048840013637905,-0.43333333333333335,-0.43333333333333335,2.0
36.744,-0.5521756813187204,-0.41794594418692027,2.0048840013637905,-0.43333333333333335,-0.43333333333333335,2.0
36.755,-0.5521756813187204,-0.41794594418692027,2.0048840013637905,-0.43333333333333335,-0.43333333333333335,2.0
36.76,-0.5521756813187204,-0.41794594418692027,2.0048840013637905,-0.43333333333333335,-0.43333333333333335,2.0
36.77,-0.5460596328711532,-0.4187948916799671,2.0050489336269726,-0.43333333333333335,-0.43333333333333335,2.0
36.782,-0.5460596328711532,-0.4187948916799671,2.0050489336269726,-0.43333333333333335,-0.43333333333333335,2.0
36.797,-0.5460596328711532,-0.4187948916799671,2.0050489336269726,-0.43333333333333335,-0.43333333333333335,2.0
36.8,-0.5460596328711532,-0.4187948916799671,2.0050489336269726,-0.43333333333333335,-0.43333333333333335,2.0
36.812,-0.5460596328711532,-0.4187948916799671,2.0050489336269726,-0.43333333333333335,-0.43333333333333335,2.0
36.82,-0.5460596328711532,-0.4187948916799671,2.0050489336269726,-0.43333333333333335,-0.43333333333333335,2.0
36.83,-0.5460596328711532,-0.4187948916799671,2.0050489336269726,-0.43333333333333335,-0.43333333333333335,2.0
36.84,-0.5460596328711532,-0.4187948916799671,2.0050489336269726,-0.43333333333333335,-0.43333333333333335,2.0
36.854,-0.5460596328711532,-0.4187948916799671,2.0050489336269726,-0.43333333333333335,-0.43333333333333335,2.0
36.86,-0.5460596328711532,-0.4187948916799671,2.0050489336269726,-0.43333333333333335,-0.43333333333333335,2.0
36.874,-0.5410532185707613,-0.4194898147018999,2.005272879187844,-0.43333333333333335,-0.43333333333333335,2.0
36.88,-0.5410532185707613,-0.4194898147018999,2.005272879187844,-0.43333333333333335,-0.43333333333333335,2.0
36.898,-0.5410532185707613,-0.4194898147018999,2.005272879187844,-0.43333333333333335,-0.43333333333333335,2.0
36.911,-0.5410532185707613,-0.4194898147018999,2.005272879187844,-0.43333333333333335,-0.43333333333333335,2.0
36.921,-0.5410532185707613,-0.4194898147018999,2.005272879187844,-0.43333333333333335,-0.43333333333333335,2.0
36.933,-0.5410532185707613,-0.4194898147018999,2.005272879187844,-0.43333333333333335,-0.43333333333333335,2.0
36.94,-0.5410532185707613,-0.4194898147018999,2.005272879187844,-0.43333333333333335,-0.43333333333333335,2.0
36.95,-0.5410532185707613,-0.4194898147018999,2.005272879187844,-0.43333333333333335,-0.43333333333333335,2.0
37.202,-0.5336005347182355,-0.4205242959240995,2.0058569256221843,-0.43333333333333335,-0.43333333333333335,2.0
37.215,-0.5336005347182355,-0.4205242959240995,2.0058569256221843,-0.43333333333333335,-0.43333333333333335,2.0
37.227,-0.530854573530996,-0.42090545328181145,2.0062010880967396,-0.43333333333333335,-0.43333333333333335,2.0
37.24,-0.530854573530996,-0.42090545328181145,2.0062010880967396,-0.43333333333333335,-0.43333333333333335,2.0
37.24,-0.530854573530996,-0.42090545328181145,2.0062010880967396,-0.43333333333333335,-0.43333333333333335,2.0
37.257,-0.530854573530996,-0.42090545328181145,2.0062010880967396,-0.43333333333333335,-0.43333333333333335,2.0
37.26,-0.530854573530996,-0.42090545328181145,2.0062010880967396,-0.43333333333333335,-0.43333333333333335,2.0
37.27,-0.530854573530996,-0.42090545328181145,2.0062010880967396,-0.43333333333333335,-0.43333333333333335,2.0
37.28,-0.530854573530996,-0.42090545328181145,2.0062010880967396,-0.43333333333333335,-0.43333333333333335,2.0
37.29,-0.530854573530996,-0.42090545328181145,2.0062010880967396,-0.43333333333333335,-0.43333333333333335,2.0
37.3,-0.530854573530996,-0.42090545328181145,2.0062010880967396,-0.43333333333333335,-0.43333333333333335,2.0
37.315,-0.5286068118472921,-0.4212174572926865,2.006571746147058,-0.43333333333333335,-0.43333333333333335,2.0
37.322,-0.5286068118472921,-0.4212174572926865,2.006571746147058,-0.43333333333333335,-0.43333333333333335,2.0
37.334,-0.5286068118472921,-0.4212174572926865,2.006571746147058,-0.43333333333333335,-0.43333333333333335,2.0
37.34,-0.5286068118472921,-0.4212174572926865,2.006571746147058,-0.43333333333333335,-0.43333333333333335,2.0
37.353,-0.5286068118472921,-0.4212174572926865,2.006571746147058,-0.43333333333333335,-0.43333333333333335,2.0
37.65,-0.5240278612909457,-0.4218530455534598,2.007798825367714,-0.43333333333333335,-0.43333333333333335,2.0
37.66,-0.5240278612909457,-0.4218530455534598,2.007798825367714,-0.43333333333333335,-0.43333333333333335,2.0
37.671,-0.5230186694255565,-0.4219931279794691,2.008235353857935,-0.43333333333333335,-0.43333333333333335,2.0
37.68,-0.5230186694255565,-0.4219931279794691,2.008235353857935,-0.43333333333333335,-0.43333333333333335,2.0
37.693,-0.5230186694255565,-0.4219931279794691,2.008235353857935,-0.43333333333333335,-0.43333333333333335,2.0
37.701,-0.5230186694255565,-0.4219931279794691,2.008235353857935,-0.43333333333333335,-0.43333333333333335,2.0
37.716,-0.5230186694255565,-0.4219931279794691,2.008235353857935,-0.43333333333333335,-0.43333333333333335,2.0
37.729,-0.5230186694255565,-0.4219931279794691,2.008235353857935,-0.43333333333333335,-0.43333333333333335,2.0
37.73,-0.5230186694255565,-0.4219931279794691,2.008235353857935,-0.43333333333333335,-0.43333333333333335,2.0
37.741,-0.5230186694255565,-0.4219931279794691,2.008235353857935,-0.43333333333333335,-0.43333333333333335,2.0
37.75,-0.5230186694255565,-0.4219931279794691,2.008235353857935,-0.43333333333333335,-0.43333333333333335,2.0
37.773,-0.5230186694255565,-0.4219931279794691,2.008235353857935,-0.43333333333333335,-0.43333333333333335,2.0
37.78,-0.5221925751540603,-0.4221077952628987,2.0086816199655875,-0.43333333333333335,-0.43333333333333335,2.0
37.79,-0.5221925751540603,-0.4221077952628987,2.0086816199655875,-0.43333333333333335,-0.43333333333333335,2.0
37.802,-0.5221925751540603,-0.4221077952628987,2.0086816199655875,-0.43333333333333335,-0.43333333333333335,2.0
37.82,-0.5221925751540603,-0.4221077952628987,2.0086816199655875,-0.43333333333333335,-0.43333333333333335,2.0
37.82,-0.5221925751540603,-0.4221077952628987,2.0086816199655875,-0.43333333333333335,-0.43333333333333335,2.0
37.83,-0.5221925751540603,-0.4221077952628987,2.0086816199655875,-0.43333333333333335,-0.43333333333333335,2.0
37.843,-0.5221925751540603,-0.4221077952628987,2.0086816199655875,-0.43333333333333335,-0.43333333333333335,2.0
37.851,-0.5221925751540603,-0.4221077952628987,2.0086816199655875,-0.43333333333333335,-0.43333333333333335,2.0
37.86,-0.5221925751540603,-0.4221077952628987,2.0086816199655875,-0.43333333333333335,-0.43333333333333335,2.0
37.87,-0.5221925751540603,-0.4221077952628987,2.0086816199655875,0.43333333333333335,-0.43333333333333335,2.0
37.885,-0.5221925751540603,-0.4221077952628987,2.0086816199655875,0.43333333333333335,-0.43333333333333335,2.0
37.896,-0.5221925751540603,-0.4221077952628987,2.0086816199655875,0.43333333333333335,-0.43333333333333335,2.0
37.902,-0.5221925751540603,-0.4221077952628987,2.0086816199655875,0.43333333333333335,-0.43333333333333335,2.0
37.91,-0.5221925751540603,-0.4221077952628987,2.0086816199655875,0.43333333333333335,-0.43333333333333335,2.0
37.923,-0.5215163590956452,-0.42220165847089514,2.009135856995574,0.43333333333333335,-0.43333333333333335,2.0
37.932,-0.5215163590956452,-0.42220165847089514,2.009135856995574,0.43333333333333335,-0.43333333333333335,2.0
37.941,-0.5215163590956452,-0.42220165847089514,2.009135856995574,0.43333333333333335,-0.43333333333333335,2.0
37.954,-0.5215163590956452,-0.42220165847089514,2.009135856995574,0.43333333333333335,-0.43333333333333335,2.0
38.253,-0.2460912250184956,-0.4237118384575823,2.0094409958960706,0.43333333333333335,-0.43333333333333335,2.0
38.269,-0.2460912250184956,-0.4237118384575823,2.0094409958960706,0.43333333333333335,-0.43333333333333335,2.0
38.271,-0.13759142716369227,-0.42458763433381963,2.0090820167243746,0.43333333333333335,-0.43333333333333335,2.0
38.286,-0.13759142716369227,-0.42458763433381963,2.0090820167243746,0.43333333333333335,-0.43333333333333335,2.0
38.292,-0.13759142716369227,-0.42458763433381963,2.0090820167243746,0.43333333333333335,-0.43333333333333335,2.0
38.3,-0.13759142716369227,-0.42458763433381963,2.0090820167243746,0.43333333333333335,-0.43333333333333335,2.0
38.31,-0.13759142716369227,-0.42458763433381963,2.0090820167243746,0.43333333333333335,-0.43333333333333335,2.0
38.323,-0.13759142716369227,-0.42458763433381963,2.0090820167243746,0.43333333333333335,-0.43333333333333335,2.0
38.337,-0.13759142716369227,-0.42458763433381963,2.0090820167243746,0.43333333333333335,-0.43333333333333335,2.0
38.342,-0.13759142716369227,-0.42458763433381963,2.0090820167243746,0.43333333333333335,-0.43333333333333335,2.0
38.36,-0.13759142716369227,-0.42458763433381963,2.0090820167243746,0.43333333333333335,-0.43333333333333335,2.0
38.36,-0.13759142716369227,-0.42458763433381963,2.0090820167243746,0.43333333333333335,-0.43333333333333335,2.0
38.37,-0.0804980156342042,-0.4251598234139636,2.008609412736224,0.43333333333333335,-0.43333333333333335,2.0
38.38,-0.0804980156342042,-0.4251598234139636,2.008609412736224,0.43333333333333335,-0.43333333333333335,2.0
38.391,-0.0804980156342042,-0.4251598234139636,2.008609412736224,0.43333333333333335,-0.43333333333333335,2.0
38.405,-0.0804980156342042,-0.4251598234139636,2.008609412736224,0.43333333333333335,-0.43333333333333335,2.0
38.421,-0.0804980156342042,-0.4251598234139636,2.008609412736224,0.43333333333333335,-0.43333333333333335,2.0
38.435,-0.0804980156342042,-0.4251598234139636,2.008609412736224,0.43333333333333335,-0.43333333333333335,2.0
38.443,-0.0804980156342042,-0.4251598234139636,2.008609412736224,0.43333333333333335,-0.43333333333333335,2.0
38.458,-0.0804980156342042,-0.4251598234139636,2.008609412736224,0.43333333333333335,-0.43333333333333335,2.0
38.671,-0.03314343909794342,-0.4262469574641206,2.0075945562379967,0.43333333333333335,-0.43333333333333335,2.0
38.682,-0.03314343909794342,-0.4262469574641206,2.0075945562379967,0.43333333333333335,-0.43333333333333335,2.0
39.013,0.028034043759587214,-0.4262635852519301,2.0071287477167337,0.43333333333333335,-0.43333333333333335,2.0
39.02,0.028034043759587214,-0.4262635852519301,2.0071287477167337,0.43333333333333335,-0.43333333333333335,2.0
39.037,0.028034043759587214,-0.4262635852519301,2.0071287477167337,0.43333333333333335,-0.43333333333333335,2.0
39.054,0.028034043759587214,-0.4262635852519301,2.0071287477167337,0.43333333333333335,-0.43333333333333335,2.0
39.06,0.028034043759587214,-0.4262635852519301,2.0071287477167337,0.43333333333333335,-0.43333333333333335,2.0
39.077,0.028034043759587214,-0.4262635852519301,2.0071287477167337,0.43333333333333335,-0.43333333333333335,2.0
39.081,0.028034043759587214,-0.4262635852519301,2.0071287477167337,0.43333333333333335,-0.43333333333333335,2.0
39.09,0.028034043759587214,-0.4262635852519301,2.0071287477167337,0.43333333333333335,-0.43333333333333335,2.0
39.1,0.028034043759587214,-0.4262635852519301,2.0071287477167337,0.43333333333333335,-0.43333333333333335,2.0
39.11,0.028034043759587214,-0.4262635852519301,2.0071287477167337,0.43333333333333335,-0.43333333333333335,2.0
39.123,0.07688429847639174,-0.42721627512572485,2.007164040442783,0.43333333333333335,-0.43333333333333335,2.0
39.13,0.07688429847639174,-0.42721627512572485,2.007164040442783,0.43333333333333335,-0.43333333333333335,2.0
39.146,0.07688429847639174,-0.42721627512572485,2.007164040442783,0.43333333333333335,-0.43333333333333335,2.0
39.151,0.07688429847639174,-0.42721627512572485,2.007164040442783,0.43333333333333335,-0.43333333333333335,2.0
39.377,0.1707852297558201,-0.42884439731233753,2.0068135597496344,0.43333333333333335,-0.43333333333333335,2.0
39.38,0.1707852297558201,-0.42884439731233753,2.0068135597496344,0.43333333333333335,-0.43333333333333335,2.0
39.39,0.1707852297558201,-0.42884439731233753,2.0068135597496344,0.43333333333333335,-0.43333333333333335,2.0
39.401,0.1707852297558201,-0.42884439731233753,2.0068135597496344,0.43333333333333335,-0.43333333333333335,2.0
39.415,0.1707852297558201,-0.42884439731233753,2.0068135597496344,0.43333333333333335,-0.43333333333333335,2.0
39.421,0.1707852297558201,-0.42884439731233753,2.0068135597496344,0.43333333333333335,-0.43333333333333335,2.0
39.434,0.1707852297558201,-0.42884439731233753,2.0068135597496344,0.43333333333333335,-0.43333333333333335,2.0
39.452,0.1707852297558201,-0.42884439731233753,2.0068135597496344,0.43333333333333335,-0.43333333333333335,2.0
39.46,0.1707852297558201,-0.42884439731233753,2.0068135597496344,0.43333333333333335,-0.43333333333333335,2.0
39.5,0.1840477894672491,-0.42902469785714387,2.006550093626325,0.43333333333333335,-0.43333333333333335,2.0
39.5,0.1840477894672491,-0.42902469785714387,2.006550093626325,0.43333333333333335,-0.43333333333333335,2.0
39.511,0.1840477894672491,-0.42902469785714387,2.006550093626325,0.43333333333333335,-0.43333333333333335,2.0
39.523,0.1840477894672491,-0.42902469785714387,2.006550093626325,0.43333333333333335,-0.43333333333333335,2.0
39.53,0.1840477894672491,-0.42902469785714387,2.006550093626325,0.43333333333333335,-0.43333333333333335,2.0
39.554,0.1840477894672491,-0.42902469785714387,2.006550093626325,0.43333333333333335,-0.43333333333333335,2.0
39.56,0.1840477894672491,-0.42902469785714387,2.006550093626325,0.43333333333333335,-0.43333333333333335,2.0
39.58,0.1840477894672491,-0.42902469785714387,2.006550093626325,0.43333333333333335,-0.43333333333333335,2.0
39.58,0.1840477894672491,-0.42902469785714387,2.006550093626325,0.43333333333333335,-0.43333333333333335,2.0
39.601,0.1840477894672491,-0.42902469785714387,2.006550093626325,0.43333333333333335,-0.43333333333333335,2.0
39.611,0.1840477894672491,-0.42902469785714387,2.006550093626325,0.43333333333333335,-0.43333333333333335,2.0
39.629,0.19975455261446276,-0.42928672992045175,2.00625618880225,0.43333333333333335,-0.43333333333333335,2.0
39.637,0.19975455261446276,-0.42928672992045175,2.00625618880225,0.43333333333333335,-0.43333333333333335,2.0
39.648,0.19975455261446276,-0.42928672992045175,2.00625618880225,0.43333333333333335,-0.43333333333333335,2.0
39.654,0.19975455261446276,-0.42928672992045175,2.00625618880225,0.43333333333333335,-0.43333333333333335,2.0
39.933,0.26055577375341255,-0.4303642431181365,2.0054221970307164,0.43333333333333335,-0.43333333333333335,2.0
39.942,0.26055577375341255,-0.4303642431181365,2.0054221970307164,0.43333333333333335,-0.43333333333333335,2.0
39.95,0.26055577375341255,-0.4303642431181365,2.0054221970307164,0.43333333333333335,-0.43333333333333335,2.0
39.96,0.26055577375341255,-0.4303642431181365,2.0054221970307164,0.43333333333333335,-0.43333333333333335,2.0
39.975,0.26055577375341255,-0.4303642431181365,2.0054221970307164,0.43333333333333335,-0.43333333333333335,2.0
39.987,0.26055577375341255,-0.4303642431181365,2.0054221970307164,0.43333333333333335,-0.43333333333333335,2.0
39.998,0.26055577375341255,-0.4303642431181365,2.0054221970307164,0.43333333333333335,-0.43333333333333335,2.0
40.0,0.26055577375341255,-0.4303642431181365,2.0054221970307164,0.43333333333333335,-0.43333333333333335,2.0
40.011,0.27983838792060883,-0.4306887453678399,2.005198756763748,0.43333333333333335,-0.43333333333333335,2.0
40.025,0.27983838792060883,-0.4306887453678399,2.005198756763748,0.43333333333333335,-0.43333333333333335,2.0
40.034,0.27983838792060883,-0.4306887453678399,2.005198756763748,0.43333333333333335,-0.43333333333333335,2.0
40.044,0.27983838792060883,-0.4306887453678399,2.005198756763748,0.43333333333333335,-0.43333333333333335,2.0
40.057,0.27983838792060883,-0.4306887453678399,2.005198756763748,0.43333333333333335,-0.43333333333333335,2.0
40.06,0.27983838792060883,-0.4306887453678399,2.005198756763748,0.43333333333333335,-0.43333333333333335,2.0
40.07,0.27983838792060883,-0.4306887453678399,2.005198756763748,0.43333333333333335,-0.43333333333333335,2.0
40.083,0.27983838792060883,-0.4306887453678399,2.005198756763748,0.43333333333333335,-0.43333333333333335,2.0
40.092,0.27983838792060883,-0.4306887453678399,2.005198756763748,0.43333333333333335,-0.43333333333333335,2.0
40.1,0.27983838792060883,-0.4306887453678399,2.005198756763748,0.43333333333333335,-0.43333333333333335,2.0
40.11,0.27983838792060883,-0.4306887453678399,2.005198756763748,0.43333333333333335,-0.43333333333333335,2.0
40.12,0.2997274581219024,-0.4310173449878713,2.004994619878802,0.43333333333333335,-0.43333333333333335,2.0
40.131,0.2997274581219024,-0.4310173449878713,2.004994619878802,0.43333333333333335,-0.43333333333333335,2.0
40.152,0.2997274581219024,-0.4310173449878713,2.004994619878802,0.43333333333333335,-0.43333333333333335,2.0
40.429,0.34713732130739333,-0.43179732953669825,2.0047494647649575,0.43333333333333335,-0.43333333333333335,2.0
40.43,0.34713732130739333,-0.43179732953669825,2.0047494647649575,0.43333333333333335,-0.43333333333333335,2.0
40.776,0.379970024777926,-0.43233765566055676,2.0055418422756777,0.43333333333333335,-0.43333333333333335,2.0
40.78,0.379970024777926,-0.43233765566055676,2.0055418422756777,0.43333333333333335,-0.43333333333333335,2.0
41.18,0.3947111325659292,-0.43258024931842115,2.0069780481961215,0.43333333333333335,-0.43333333333333335,2.0
41.19,0.3947111325659292,-0.43258024931842115,2.0069780481961215,0.43333333333333335,-0.43333333333333335,2.0
41.557,0.5435844806735822,-0.43268645238354325,2.0078974557989087,0.43333333333333335,-0.43333333333333335,2.0
41.561,0.5435844806735822,-0.43268645238354325,2.0078974557989087,0.43333333333333335,-0.43333333333333335,2.0
41.573,0.5435844806735822,-0.43268645238354325,2.0078974557989087,0.43333333333333335,-0.43333333333333335,2.0
41.58,0.5435844806735822,-0.43268645238354325,2.0078974557989087,0.43333333333333335,-0.43333333333333335,2.0
41.59,0.5435844806735822,-0.43268645238354325,2.0078974557989087,0.43333333333333335,-0.43333333333333335,2.0
41.607,0.5435844806735822,-0.43268645238354325,2.0078974557989087,0.43333333333333335,-0.43333333333333335,2.0
41.96,0.9867196383258561,-0.4329163918220763,2.0069323470483877,0.43333333333333335,-0.43333333333333335,2.0
41.981,0.991128427913905,-0.4329429806306984,2.0065301273867537,1.3,-0.43333333333333335,2.0
42.302,1.0484125111093618,-0.4330063238860157,2.005629765799167,1.3,-0.43333333333333335,2.0
42.31,1.0484125111093618,-0.4330063238860157,2.005629765799167,1.3,-0.43333333333333335,2.0
42.628,1.089516893770439,-0.4330674058059869,2.005261140610497,1.3,-0.43333333333333335,2.0
42.636,1.089516893770439,-0.4330674058059869,2.005261140610497,1.3,-0.43333333333333335,2.0
43.022,1.165132739433958,-0.43315580156904204,2.0048509361643725,1.3,-0.43333333333333335,2.0
43.03,1.165132739433958,-0.43315580156904204,2.0048509361643725,1.3,-0.43333333333333335,2.0
43.37,1.2242778193603612,-0.43322889135323084,2.0047861295287026,1.3,-0.43333333333333335,2.0
43.383,1.2242778193603612,-0.43322889135323084,2.0047861295287026,1.3,-0.43333333333333335,2.0
43.39,1.2242778193603612,-0.43322889135323084,2.0047861295287026,1.3,-0.43333333333333335,2.0
43.4,1.2242778193603612,-0.43322889135323084,2.0047861295287026,1.3,-0.43333333333333335,2.0
43.411,1.2242778193603612,-0.43322889135323084,2.0047861295287026,1.3,-0.43333333333333335,2.0
43.42,1.2242778193603612,-0.43322889135323084,2.0047861295287026,1.3,-0.43333333333333335,2.0
43.45,1.2242778193603612,-0.43322889135323084,2.0047861295287026,1.3,-0.43333333333333335,2.0
43.45,1.2242778193603612,-0.43322889135323084,2.0047861295287026,1.3,-0.43333333333333335,2.0
43.46,1.2242778193603612,-0.43322889135323084,2.0047861295287026,1.3,-0.43333333333333335,2.0
43.47,1.2333559628393234,-0.43324016094226936,2.004968769225707,1.3,-0.43333333333333335,2.0
43.487,1.2333559628393234,-0.43324016094226936,2.004968769225707,1.3,-0.43333333333333335,2.0
43.49,1.2333559628393234,-0.43324016094226936,2.004968769225707,1.3,-0.43333333333333335,2.0
43.504,1.2333559628393234,-0.43324016094226936,2.004968769225707,1.3,-0.43333333333333335,2.0
43.519,1.2333559628393234,-0.43324016094226936,2.004968769225707,1.3,-0.43333333333333335,2.0
43.523,1.2333559628393234,-0.43324016094226936,2.004968769225707,1.3,-0.43333333333333335,2.0
43.53,1.2333559628393234,-0.43324016094226936,2.004968769225707,1.3,-0.43333333333333335,2.0
43.542,1.2333559628393234,-0.43324016094226936,2.004968769225707,1.3,-0.43333333333333335,2.0
43.552,1.2333559628393234,-0.43324016094226936,2.004968769225707,1.3,-0.43333333333333335,2.0
43.56,1.2333559628393234,-0.43324016094226936,2.004968769225707,1.3,-0.43333333333333335,2.0
43.57,1.2333559628393234,-0.43324016094226936,2.004968769225707,1.3,-0.43333333333333335,2.0
43.58,1.2333559628393234,-0.43324016094226936,2.004968769225707,1.3,-0.43333333333333335,2.0
43.59,1.2333559628393234,-0.43324016094226936,2.004968769225707,1.3,-0.43333333333333335,2.0
43.602,1.2333559628393234,-0.43324016094226936,2.004968769225707,1.3,-0.43333333333333335,2.0
43.613,1.2333559628393234,-0.43324016094226936,2.004968769225707,1.3,-0.43333333333333335,2.0
43.62,1.2333559628393234,-0.43324016094226936,2.004968769225707,1.3,-0.43333333333333335,2.0
43.632,1.2407870595227002,-0.43324938589073153,2.005207209562202,1.3,-0.43333333333333335,2.0
43.647,1.2407870595227002,-0.43324938589073153,2.005207209562202,1.3,-0.43333333333333335,2.0
43.651,1.2407870595227002,-0.43324938589073153,2.005207209562202,1.3,-0.43333333333333335,2.0
43.937,1.2559250630482977,-0.4332681781778324,2.0061649460056916,1.3,-0.43333333333333335,2.0
43.954,1.2559250630482977,-0.4332681781778324,2.0061649460056916,1.3,-0.43333333333333335,2.0
43.96,1.2592614498094747,-0.43327231996164095,2.006542111867646,1.3,-0.43333333333333335,2.0
43.972,1.2592614498094747,-0.43327231996164095,2.006542111867646,1.3,-0.43333333333333335,2.0
43.984,1.2592614498094747,-0.43327231996164095,2.006542111867646,1.3,-0.43333333333333335,2.0
43.993,1.2592614498094747,-0.43327231996164095,2.006542111867646,1.3,-0.43333333333333335,2.0
44.007,1.2592614498094747,-0.43327231996164095,2.006542111867646,1.3,-0.43333333333333335,2.0
44.026,1.2592614498094747,-0.43327231996164095,2.006542111867646,1.3,-0.43333333333333335,2.0
44.037,1.2592614498094747,-0.43327231996164095,2.006542111867646,1.3,-0.43333333333333335,2.0
44.046,1.2592614498094747,-0.43327231996164095,2.006542111867646,1.3,-0.43333333333333335,2.0
44.052,1.2592614498094747,-0.43327231996164095,2.006542111867646,1.3,-0.43333333333333335,2.0
44.06,1.2592614498094747,-0.43327231996164095,2.006542111867646,1.3,-0.43333333333333335,2.0
44.72,1.2720481347165131,-0.8583545600463095,2.0068534582148914,1.3,-0.43333333333333335,2.0
44.73,1.2720481347165131,-0.8583545600463095,2.0068534582148914,1.3,-1.3,2.0
44.748,1.2720481347165131,-0.8583545600463095,2.0068534582148914,1.3,-1.3,2.0
44.752,1.2720481347165131,-0.8583545600463095,2.0068534582148914,1.3,-1.3,2.0
44.76,1.2720481347165131,-0.8583545600463095,2.0068534582148914,1.3,-1.3,2.0
44.774,1.2741030492423624,-0.8773999631722452,2.006411824532867,1.3,-1.3,2.0
44.786,1.2741030492423624,-0.8773999631722452,2.006411824532867,1.3,-1.3,2.0
44.813,1.2741030492423624,-0.8773999631722452,2.006411824532867,1.3,-1.3,2.0
44.825,1.2741030492423624,-0.8773999631722452,2.006411824532867,1.3,-1.3,2.0
44.833,1.2741030492423624,-0.8773999631722452,2.006411824532867,1.3,-1.3,2.0
44.843,1.2741030492423624,-0.8773999631722452,2.006411824532867,1.3,-1.3,2.0
44.853,1.2741030492423624,-0.8773999631722452,2.006411824532867,1.3,-1.3,2.0
45.103,1.277419347608751,-0.8736179803101473,2.005553265948282,1.3,-1.3,2.0
45.114,1.277419347608751,-0.8736179803101473,2.005553265948282,1.3,-1.3,2.0
45.126,1.277419347608751,-0.8736179803101473,2.005553265948282,1.3,-1.3,2.0
45.132,1.277419347608751,-0.8736179803101473,2.005553265948282,1.3,-1.3,2.0
45.146,1.277419347608751,-0.8736179803101473,2.005553265948282,1.3,-1.3,2.0
45.15,1.277419347608751,-0.8736179803101473,2.005553265948282,1.3,-1.3,2.0
45.16,1.277419347608751,-0.8736179803101473,2.005553265948282,1.3,-1.3,2.0
45.17,1.2796553477394528,-0.9188058161201705,2.0053816112300864,1.3,-1.3,2.0
45.18,1.2796553477394528,-0.9188058161201705,2.0053816112300864,1.3,-1.3,2.0
45.192,1.2796553477394528,-0.9188058161201705,2.0053816112300864,1.3,-1.3,2.0
45.201,1.2796553477394528,-0.9188058161201705,2.0053816112300864,1.3,-1.3,2.0
45.213,1.2796553477394528,-0.9188058161201705,2.0053816112300864,1.3,-1.3,2.0
45.22,1.2796553477394528,-0.9188058161201705,2.0053816112300864,1.3,-1.3,2.0
45.237,1.2796553477394528,-0.9188058161201705,2.0053816112300864,1.3,-1.3,2.0
45.244,1.2796553477394528,-0.9188058161201705,2.0053816112300864,1.3,-1.3,2.0
45.256,1.2796553477394528,-0.9188058161201705,2.0053816112300864,1.3,-1.3,2.0
45.26,1.2796553477394528,-0.9188058161201705,2.0053816112300864,1.3,-1.3,2.0
45.271,1.2796553477394528,-0.9188058161201705,2.0053816112300864,1.3,-1.3,2.0
45.28,1.2796553477394528,-0.9188058161201705,2.0053816112300864,1.3,-1.3,2.0
45.291,1.2796553477394528,-0.9188058161201705,2.0053816112300864,1.3,-1.3,2.0
45.308,1.2796553477394528,-0.9188058161201705,2.0053816112300864,1.3,-1.3,2.0
45.32,1.2796553477394528,-0.9188058161201705,2.0053816112300864,1.3,-1.3,2.0
45.328,1.2815833383207689,-0.960000289402057,2.005242347527547,1.3,-1.3,2.0
45.336,1.2815833383207689,-0.960000289402057,2.005242347527547,1.3,-1.3,2.0
45.351,1.2815833383207689,-0.960000289402057,2.005242347527547,1.3,-1.3,2.0
45.36,1.2815833383207689,-0.960000289402057,2.005242347527547,1.3,-1.3,2.0
45.372,1.2815833383207689,-0.960000289402057,2.005242347527547,1.3,-1.3,2.0
45.38,1.2815833383207689,-0.960000289402057,2.005242347527547,1.3,-1.3,2.0
45.391,1.2815833383207689,-0.960000289402057,2.005242347527547,1.3,-1.3,2.0
45.4,1.2815833383207689,-0.960000289402057,2.005242347527547,1.3,-1.3,2.0
45.412,1.2833677397661376,-0.9966485151059293,2.005117570625005,1.3,-1.3,2.0
45.433,1.2833677397661376,-0.9966485151059293,2.005117570625005,1.3,-1.3,2.0
45.444,1.2833677397661376,-0.9966485151059293,2.005117570625005,1.3,-1.3,2.0
45.451,1.2833677397661376,-0.9966485151059293,2.005117570625005,1.3,-1.3,2.0
45.672,1.2865962649785285,-1.0498338658348179,2.004776559056882,1.3,-1.3,2.0
45.685,1.2865962649785285,-1.0498338658348179,2.004776559056882,1.3,-1.3,2.0
45.96,1.289136086143183,-1.0972778765521742,2.004531511782238,1.3,-1.3,2.0
45.97,1.289136086143183,-1.0972778765521742,2.004531511782238,1.3,-1.3,2.0
46.28,1.2922484786973352,-1.1567374836833633,2.004140598671355,1.3,-1.3,2.0
46.29,1.2922484786973352,-1.1567374836833633,2.004140598671355,1.3,-1.3,2.0
46.3,1.2922484786973352,-1.1567374836833633,2.004140598671355,1.3,-1.3,2.0
46.31,1.2922484786973352,-1.1567374836833633,2.004140598671355,1.3,-1.3,2.0
46.32,1.2929719538697102,-1.1700046301469764,2.004050501063355,1.3,-1.3,2.0
46.337,1.2929719538697102,-1.1700046301469764,2.004050501063355,1.3,-1.3,2.0
46.341,1.2929719538697102,-1.1700046301469764,2.004050501063355,1.3,-1.3,2.0
46.358,1.2929719538697102,-1.1700046301469764,2.004050501063355,1.3,-1.3,2.0
46.36,1.2929719538697102,-1.1700046301469764,2.004050501063355,1.3,-1.3,2.0
46.37,1.2929719538697102,-1.1700046301469764,2.004050501063355,1.3,-1.3,2.0
46.382,1.2929719538697102,-1.1700046301469764,2.004050501063355,1.3,-1.3,2.0
46.39,1.2929719538697102,-1.1700046301469764,2.004050501063355,1.3,-1.3,2.0
46.407,1.2929719538697102,-1.1700046301469764,2.004050501063355,1.3,-1.3,2.0
46.419,1.2929719538697102,-1.1700046301469764,2.004050501063355,1.3,-1.3,2.0
46.422,1.2935546995823097,-1.1806769230245362,2.0040638034782465,1.3,-1.3,2.0
46.432,1.2935546995823097,-1.1806769230245362,2.0040638034782465,1.3,-1.3,2.0
46.446,1.2935546995823097,-1.1806769230245362,2.0040638034782465,1.3,-1.3,2.0
46.458,1.2935546995823097,-1.1806769230245362,2.0040638034782465,1.3,-1.3,2.0
46.731,1.2947418200071568,-1.2024176181184552,2.0045629079329337,1.3,-1.3,2.0
46.74,1.2947418200071568,-1.2024176181184552,2.0045629079329337,1.3,-1.3,2.0
46.752,1.2947418200071568,-1.2024176181184552,2.0045629079329337,1.3,-1.3,2.0
46.76,1.2947418200071568,-1.2024176181184552,2.0045629079329337,1.3,-1.3,2.0
46.773,1.2947418200071568,-1.2024176181184552,2.0045629079329337,1.3,-1.3,2.0
46.782,1.2947418200071568,-1.2024176181184552,2.0045629079329337,1.3,-1.3,2.0
46.796,1.2947418200071568,-1.2024176181184552,2.0045629079329337,1.3,-1.3,2.0
46.82,1.2950034590576889,-1.2072092253583042,2.004838992189702,1.3,-1.3,2.0
46.821,1.2950034590576889,-1.2072092253583042,2.004838992189702,1.3,-1.3,2.0
46.836,1.2950034590576889,-1.2072092253583042,2.004838992189702,1.3,-1.3,2.0
46.842,1.2950034590576889,-1.2072092253583042,2.004838992189702,1.3,-1.3,2.0
46.854,1.2950034590576889,-1.2072092253583042,2.004838992189702,1.3,-1.3,2.0
47.12,1.2953929420309491,-1.2143421416056235,2.0055006536981543,1.3,-1.3,2.0
47.13,1.2955364480683496,-1.2169702835682443,2.005873413653204,1.3,-1.3,2.0
47.148,1.2955364480683496,-1.2169702835682443,2.005873413653204,1.3,-1.3,2.0
47.155,1.2955364480683496,-1.2169702835682443,2.005873413653204,1.3,-1.3,2.0
47.16,1.2955364480683496,-1.2169702835682443,2.005873413653204,1.3,-1.3,2.0
47.182,1.2955364480683496,-1.2169702835682443,2.005873413653204,1.3,-1.3,2.0
47.196,1.2955364480683496,-1.2169702835682443,2.005873413653204,1.3,-1.3,2.0
47.205,1.2955364480683496,-1.2169702835682443,2.005873413653204,1.3,-1.3,2.0
47.21,1.2955364480683496,-1.2169702835682443,2.005873413653204,1.3,-1.3,2.0
47.22,1.2956539178176474,-1.2191216019591846,2.006267480745571,1.3,-1.3,2.0
47.23,1.2956539178176474,-1.2191216019591846,2.006267480745571,1.3,-1.3,2.0
47.241,1.2956539178176474,-1.2191216019591846,2.006267480745571,1.3,-1.3,2.0
47.253,1.2956539178176474,-1.2191216019591846,2.006267480745571,1.3,-1.3,2.0
47.26,1.2956539178176474,-1.2191216019591846,2.006267480745571,1.3,-1.3,2.0
47.27,1.2957500750403672,-1.2208826068383039,2.006678989223155,1.3,-1.3,2.0
47.28,1.2957500750403672,-1.2208826068383039,2.006678989223155,1.3,-1.3,2.0
47.292,1.2957500750403672,-1.2208826068383039,2.006678989223155,1.3,-1.3,2.0
47.313,1.2957500750403672,-1.2208826068383039,2.006678989223155,1.3,-1.3,2.0
47.32,1.2957500750403672,-1.2208826068383039,2.006678989223155,1.3,-1.3,2.0
47.337,1.2957500750403672,-1.2208826068383039,2.006678989223155,1.3,-1.3,2.0
47.35,1.2957500750403672,-1.2208826068383039,2.006678989223155,1.3,-1.3,2.0
47.35,1.2957500750403672,-1.2208826068383039,2.006678989223155,1.3,-1.3,2.0
47.634,1.2959459584258994,-1.2244699774788097,2.0079892854894585,1.3,-1.3,2.0
47.646,1.2959459584258994,-1.2244699774788097,2.0079892854894585,1.3,-1.3,2.0
47.928,1.0920172673533528,-1.227431248915291,2.0083502837171103,1.3,-1.3,2.0
47.93,1.0920172673533528,-1.227431248915291,2.0083502837171103,1.3,-1.3,2.0
48.28,0.891808361321518,-1.258555833293928,2.0057149412822457,0.43333333333333335,-1.3,2.0
48.294,0.891808361321518,-1.258555833293928,2.0057149412822457,0.43333333333333335,-1.3,2.0
48.57,0.8134490981548246,-1.2635470911298357,2.004757131010194,0.43333333333333335,-1.3,2.0
48.58,0.8134490981548246,-1.2635470911298357,2.004757131010194,0.43333333333333335,-1.3,2.0
48.86,0.7075572633677876,-1.2731977294113486,2.0041939038757026,0.43333333333333335,-1.3,2.0
48.873,0.7075572633677876,-1.2731977294113486,2.0041939038757026,0.43333333333333335,-1.3,2.0
49.2,0.6461699595931144,-1.2792356618042793,2.004184301935348,0.43333333333333335,-1.3,2.0
49.214,0.6461699595931144,-1.2792356618042793,2.004184301935348,0.43333333333333335,-1.3,2.0
49.223,0.6461699595931144,-1.2792356618042793,2.004184301935348,0.43333333333333335,-1.3,2.0
49.231,0.6461699595931144,-1.2792356618042793,2.004184301935348,0.43333333333333335,-1.3,2.0
49.25,0.6461699595931144,-1.2792356618042793,2.004184301935348,0.43333333333333335,-1.3,2.0
49.25,0.6461699595931144,-1.2792356618042793,2.004184301935348,0.43333333333333335,-1.3,2.0
49.26,0.6461699595931144,-1.2792356618042793,2.004184301935348,0.43333333333333335,-1.3,2.0
49.27,0.6461699595931144,-1.2792356618042793,2.004184301935348,0.43333333333333335,-1.3,2.0
49.28,0.6461699595931144,-1.2792356618042793,2.004184301935348,0.43333333333333335,-1.3,2.0
49.297,0.6461699595931144,-1.2792356618042793,2.004184301935348,0.43333333333333335,-1.3,2.0
49.306,0.6461699595931144,-1.2792356618042793,2.004184301935348,0.43333333333333335,-1.3,2.0
49.311,0.6461699595931144,-1.2792356618042793,2.004184301935348,0.43333333333333335,-1.3,2.0
49.32,0.6247391555037236,-1.2812690712492976,2.0041484509764604,0.43333333333333335,-1.3,2.0
49.33,0.6247391555037236,-1.2812690712492976,2.0041484509764604,0.43333333333333335,-1.3,2.0
49.342,0.6247391555037236,-1.2812690712492976,2.0041484509764604,0.43333333333333335,-1.3,2.0
49.35,0.6247391555037236,-1.2812690712492976,2.0041484509764604,0.43333333333333335,-1.3,2.0
49.57,0.6264498704593888,-1.2810557756195131,2.003928917785046,0.43333333333333335,-1.3,2.0
49.585,0.6264498704593888,-1.2810557756195131,2.003928917785046,0.43333333333333335,-1.3,2.0
49.86,0.6091220661728388,-1.282740411832335,2.003778370919665,0.43333333333333335,-1.3,2.0
49.879,0.6091220661728388,-1.282740411832335,2.003778370919665,0.43333333333333335,-1.3,2.0
50.16,0.5153150633809,-1.2919571887018848,2.003598386504932,0.43333333333333335,-1.3,2.0
50.17,0.5153150633809,-1.2919571887018848,2.003598386504932,0.43333333333333335,-1.3,2.0
50.513,0.4423131070967121,-1.2991288390616529,2.004302834018646,0.43333333333333335,-1.3,2.0
50.524,0.4423131070967121,-1.2991288390616529,2.004302834018646,0.43333333333333335,-1.3,2.0
50.532,0.4423131070967121,-1.2991288390616529,2.004302834018646,0.43333333333333335,-1.3,2.0
50.54,0.4423131070967121,-1.2991288390616529,2.004302834018646,0.43333333333333335,-1.3,2.0
50.55,0.4423131070967121,-1.2991288390616529,2.004302834018646,0.43333333333333335,-1.3,2.0
50.56,0.4423131070967121,-1.2991288390616529,2.004302834018646,0.43333333333333335,-1.3,2.0
50.571,0.4315212386468705,-1.300189023078497,2.004607307615567,0.43333333333333335,-1.3,2.0
50.58,0.4315212386468705,-1.300189023078497,2.004607307615567,0.43333333333333335,-1.3,2.0
50.59,0.4315212386468705,-1.300189023078497,2.004607307615567,0.43333333333333335,-1.3,2.0
50.604,0.4315212386468705,-1.300189023078497,2.004607307615567,0.43333333333333335,-1.3,2.0
50.622,0.4315212386468705,-1.300189023078497,2.004607307615567,0.43333333333333335,-1.3,2.0
50.637,0.4315212386468705,-1.300189023078497,2.004607307615567,0.43333333333333335,-1.3,2.0
50.64,0.4315212386468705,-1.300189023078497,2.004607307615567,0.43333333333333335,-1.3,2.0
50.65,0.4315212386468705,-1.300189023078497,2.004607307615567,0.43333333333333335,-1.3,2.0
50.951,0.3825728876499829,-1.3019832894922545,2.005629045694876,0.43333333333333335,-1.3,2.0
50.96,0.3825728876499829,-1.3019832894922545,2.005629045694876,0.43333333333333335,-1.3,2.0
50.97,0.280954036611513,-1.3015861299898905,2.0057693653742543,-0.43333333333333335,-1.3,2.0
50.98,0.280954036611513,-1.3015861299898905,2.0057693653742543,-0.43333333333333335,-1.3,2.0
50.998,0.280954036611513,-1.3015861299898905,2.0057693653742543,-0.43333333333333335,-1.3,2.0
51.001,0.280954036611513,-1.3015861299898905,2.0057693653742543,-0.43333333333333335,-1.3,2.0
51.01,0.280954036611513,-1.3015861299898905,2.0057693653742543,-0.43333333333333335,-1.3,2.0
51.027,0.280954036611513,-1.3015861299898905,2.0057693653742543,-0.43333333333333335,-1.3,2.0
51.03,0.280954036611513,-1.3015861299898905,2.0057693653742543,-0.43333333333333335,-1.3,2.0
51.042,0.280954036611513,-1.3015861299898905,2.0057693653742543,-0.43333333333333335,-1.3,2.0
51.055,0.280954036611513,-1.3015861299898905,2.0057693653742543,-0.43333333333333335,-1.3,2.0
51.06,0.280954036611513,-1.3015861299898905,2.0057693653742543,-0.43333333333333335,-1.3,2.0
51.08,0.18565459578607316,-1.3012574231197875,2.005720069307636,-0.43333333333333335,-1.3,2.0
51.081,0.18565459578607316,-1.3012574231197875,2.005720069307636,-0.43333333333333335,-1.3,2.0
51.093,0.18565459578607316,-1.3012574231197875,2.005720069307636,-0.43333333333333335,-1.3,2.0
51.113,0.18565459578607316,-1.3012574231197875,2.005720069307636,-0.43333333333333335,-1.3,2.0
51.123,0.18565459578607316,-1.3012574231197875,2.005720069307636,-0.43333333333333335,-1.3,2.0
51.132,0.18565459578607316,-1.3012574231197875,2.005720069307636,-0.43333333333333335,-1.3,2.0
51.142,0.18565459578607316,-1.3012574231197875,2.005720069307636,-0.43333333333333335,-1.3,2.0
51.151,0.18565459578607316,-1.3012574231197875,2.005720069307636,-0.43333333333333335,-1.3,2.0
51.397,0.09557682464471016,-1.3011876355498153,2.0052311195771217,-0.43333333333333335,-1.3,2.0
51.409,0.09557682464471016,-1.3011876355498153,2.0052311195771217,-0.43333333333333335,-1.3,2.0
51.41,0.09557682464471016,-1.3011876355498153,2.0052311195771217,-0.43333333333333335,-1.3,2.0
51.423,0.0606819537217552,-1.3011477879413695,2.0049158298178504,-0.43333333333333335,-1.3,2.0
51.43,0.0606819537217552,-1.3011477879413695,2.0049158298178504,-0.43333333333333335,-1.3,2.0
51.441,0.0606819537217552,-1.3011477879413695,2.0049158298178504,-0.43333333333333335,-1.3,2.0
51.451,0.0606819537217552,-1.3011477879413695,2.0049158298178504,-0.43333333333333335,-1.3,2.0
51.46,0.0606819537217552,-1.3011477879413695,2.0049158298178504,-0.43333333333333335,-1.3,2.0
51.472,0.0606819537217552,-1.3011477879413695,2.0049158298178504,-0.43333333333333335,-1.3,2.0
51.48,0.0606819537217552,-1.3011477879413695,2.0049158298178504,-0.43333333333333335,-1.3,2.0
51.494,0.0606819537217552,-1.3011477879413695,2.0049158298178504,-0.43333333333333335,-1.3,2.0
51.503,0.0606819537217552,-1.3011477879413695,2.0049158298178504,-0.43333333333333335,-1.3,2.0
51.511,0.020330151929304548,-1.3010536585080437,2.0046177431326955,-0.43333333333333335,-1.3,2.0
51.527,0.020330151929304548,-1.3010536585080437,2.0046177431326955,-0.43333333333333335,-1.3,2.0
51.535,0.020330151929304548,-1.3010536585080437,2.0046177431326955,-0.43333333333333335,-1.3,2.0
51.544,0.020330151929304548,-1.3010536585080437,2.0046177431326955,-0.43333333333333335,-1.3,2.0
51.55,0.020330151929304548,-1.3010536585080437,2.0046177431326955,-0.43333333333333335,-1.3,2.0
51.566,0.020330151929304548,-1.3010536585080437,2.0046177431326955,-0.43333333333333335,-1.3,2.0
51.57,-0.01669830111320586,-1.3009362153086514,2.004371147388964,-0.43333333333333335,-1.3,2.0
51.582,-0.01669830111320586,-1.3009362153086514,2.004371147388964,-0.43333333333333335,-1.3,2.0
51.598,-0.01669830111320586,-1.3009362153086514,2.004371147388964,-0.43333333333333335,-1.3,2.0
51.601,-0.01669830111320586,-1.3009362153086514,2.004371147388964,-0.43333333333333335,-1.3,2.0
51.611,-0.01669830111320586,-1.3009362153086514,2.004371147388964,-0.43333333333333335,-1.3,2.0
51.622,-0.01669830111320586,-1.3009362153086514,2.004371147388964,-0.43333333333333335,-1.3,2.0
51.63,-0.01669830111320586,-1.3009362153086514,2.004371147388964,-0.43333333333333335,-1.3,2.0
51.642,-0.01669830111320586,-1.3009362153086514,2.004371147388964,-0.43333333333333335,-1.3,2.0
51.656,-0.01669830111320586,-1.3009362153086514,2.004371147388964,-0.43333333333333335,-1.3,2.0
51.66,-0.01669830111320586,-1.3009362153086514,2.004371147388964,-0.43333333333333335,-1.3,2.0
51.67,-0.05421178516750781,-1.300820504723223,2.0041860292887788,-0.43333333333333335,-1.3,2.0
51.689,-0.05421178516750781,-1.300820504723223,2.0041860292887788,-0.43333333333333335,-1.3,2.0
51.693,-0.05421178516750781,-1.300820504723223,2.0041860292887788,-0.43333333333333335,-1.3,2.0
51.704,-0.05421178516750781,-1.300820504723223,2.0041860292887788,-0.43333333333333335,-1.3,2.0
51.712,-0.05421178516750781,-1.300820504723223,2.0041860292887788,-0.43333333333333335,-1.3,2.0
51.72,-0.05421178516750781,-1.300820504723223,2.0041860292887788,-0.43333333333333335,-1.3,2.0
51.73,-0.05421178516750781,-1.300820504723223,2.0041860292887788,-0.43333333333333335,-1.3,2.0
51.745,-0.05421178516750781,-1.300820504723223,2.0041860292887788,-0.43333333333333335,-1.3,2.0
51.756,-0.05421178516750781,-1.300820504723223,2.0041860292887788,-0.43333333333333335,-1.3,2.0
51.76,-0.05421178516750781,-1.300820504723223,2.0041860292887788,-0.43333333333333335,-1.3,2.0
51.779,-0.08538650681538333,-1.3007436844797309,2.004065490076804,-0.43333333333333335,-1.3,2.0
51.782,-0.08538650681538333,-1.3007436844797309,2.004065490076804,-0.43333333333333335,-1.3,2.0
51.79,-0.08538650681538333,-1.3007436844797309,2.004065490076804,-0.43333333333333335,-1.3,2.0
51.8,-0.08538650681538333,-1.3007436844797309,2.004065490076804,-0.43333333333333335,-1.3,2.0
51.818,-0.08538650681538333,-1.3007436844797309,2.004065490076804,-0.43333333333333335,-1.3,2.0
51.83,-0.08538650681538333,-1.3007436844797309,2.004065490076804,-0.43333333333333335,-1.3,2.0
51.83,-0.08538650681538333,-1.3007436844797309,2.004065490076804,-0.43333333333333335,-1.3,2.0
51.844,-0.08538650681538333,-1.3007436844797309,2.004065490076804,-0.43333333333333335,-1.3,2.0
51.85,-0.08538650681538333,-1.3007436844797309,2.004065490076804,-0.43333333333333335,-1.3,2.0
51.86,-0.08538650681538333,-1.3007436844797309,2.004065490076804,-0.43333333333333335,-1.3,2.0
52.013,-0.09609583715254458,-1.3007663739141937,2.0040096556372697,-0.43333333333333335,-1.3,2.0
52.02,-0.09609583715254458,-1.3007663739141937,2.0040096556372697,-0.43333333333333335,-1.3,2.0
52.044,-0.09609583715254458,-1.3007663739141937,2.0040096556372697,-0.43333333333333335,-1.3,2.0
52.056,-0.09609583715254458,-1.3007663739141937,2.0040096556372697,-0.43333333333333335,-1.3,2.0
52.06,-0.09609583715254458,-1.3007663739141937,2.0040096556372697,-0.43333333333333335,-1.3,2.0
52.08,-0.09609583715254458,-1.3007663739141937,2.0040096556372697,-0.43333333333333335,-1.3,2.0
52.093,-0.09609583715254458,-1.3007663739141937,2.0040096556372697,-0.43333333333333335,-1.3,2.0
52.102,-0.09609583715254458,-1.3007663739141937,2.0040096556372697,-0.43333333333333335,-1.3,2.0
52.119,-0.09609583715254458,-1.3007663739141937,2.0040096556372697,-0.43333333333333335,-1.3,2.0
52.133,-0.11380981009701087,-1.3007405191438328,2.0040189610897596,-0.43333333333333335,-1.3,2.0
52.14,-0.11380981009701087,-1.3007405191438328,2.0040189610897596,-0.43333333333333335,-1.3,2.0
52.16,-0.1479866881431386,-1.300663641356872,2.004022917497761,-0.43333333333333335,-1.3,2.0
52.16,-0.1479866881431386,-1.300663641356872,2.004022917497761,-0.43333333333333335,-1.3,2.0
52.173,-0.1479866881431386,-1.300663641356872,2.004022917497761,-0.43333333333333335,-1.3,2.0
52.189,-0.1479866881431386,-1.300663641356872,2.004022917497761,-0.43333333333333335,-1.3,2.0
52.19,-0.1479866881431386,-1.300663641356872,2.004022917497761,-0.43333333333333335,-1.3,2.0
52.201,-0.1479866881431386,-1.300663641356872,2.004022917497761,-0.43333333333333335,-1.3,2.0
52.21,-0.1479866881431386,-1.300663641356872,2.004022917497761,-0.43333333333333335,-1.3,2.0
52.221,-0.1479866881431386,-1.300663641356872,2.004022917497761,-0.43333333333333335,-1.3,2.0
52.236,-0.1479866881431386,-1.300663641356872,2.004022917497761,-0.43333333333333335,-1.3,2.0
52.241,-0.1479866881431386,-1.300663641356872,2.004022917497761,-0.43333333333333335,-1.3,2.0
52.26,-0.1479866881431386,-1.300663641356872,2.004022917497761,-0.43333333333333335,-1.3,2.0
52.26,-0.1479866881431386,-1.300663641356872,2.004022917497761,-0.43333333333333335,-1.3,2.0
52.276,-0.1479866881431386,-1.300663641356872,2.004022917497761,-0.43333333333333335,-1.3,2.0
52.28,-0.1479866881431386,-1.300663641356872,2.004022917497761,-0.43333333333333335,-1.3,2.0
52.29,-0.1479866881431386,-1.300663641356872,2.004022917497761,-0.43333333333333335,-1.3,2.0
52.302,-0.1479866881431386,-1.300663641356872,2.004022917497761,-0.43333333333333335,-1.3,2.0
52.316,-0.1479866881431386,-1.300663641356872,2.004022917497761,-0.43333333333333335,-1.3,2.0
52.321,-0.1479866881431386,-1.300663641356872,2.004022917497761,-0.43333333333333335,-1.3,2.0
52.332,-0.18599436502464095,-1.3005681805103166,2.0040114202089048,-0.43333333333333335,-1.3,2.0
52.349,-0.18599436502464095,-1.3005681805103166,2.0040114202089048,-0.43333333333333335,-1.3,2.0
52.358,-0.18599436502464095,-1.3005681805103166,2.0040114202089048,-0.43333333333333335,-1.3,2.0
52.56,-0.26526507753147255,-1.300367424340989,2.003919057012327,-0.43333333333333335,-1.3,2.0
52.592,-0.2938700638528916,-1.3003006814901166,2.0038413294267197,-0.43333333333333335,-1.3,2.0
52.9,-0.3366872234360554,-1.3002075800373547,2.0037820921884637,-0.43333333333333335,-1.3,2.0
52.92,-0.3366872234360554,-1.3002075800373547,2.0037820921884637,-0.43333333333333335,-1.3,2.0
53.255,-0.38520311363558674,-1.3001024373747105,2.0045631579159133,-0.43333333333333335,-1.3,2.0
53.26,-0.3923752105410736,-1.3000868941503694,2.0048789579720867,-0.43333333333333335,-1.3,2.0
53.592,-0.40698560155968005,-1.3000552308044477,2.0059942851130494,-0.43333333333333335,-1.3,2.0
53.612,-0.40698560155968005,-1.3000552308044477,2.0059942851130494,-0.43333333333333335,-1.3,2.0
53.987,-0.4167654237625062,-1.300034036170228,2.0077172745444947,-0.43333333333333335,-1.3,2.0
54.0,-0.4167654237625062,-1.300034036170228,2.0077172745444947,-0.43333333333333335,-1.3,2.0
54.37,-0.7150648138307999,-1.3000404736873354,2.0084465475675484,-0.43333333333333335,-1.3,2.0
54.38,-0.7150648138307999,-1.3000404736873354,2.0084465475675484,-0.43333333333333335,-1.3,2.0
54.7,-0.8919398320460511,-1.300016399446634,2.0071923814940695,-0.43333333333333335,-1.3,2.0
54.714,-0.8919398320460511,-1.300016399446634,2.0071923814940695,-0.43333333333333335,-1.3,2.0
55.057,-0.9714205294694612,-1.3000139450968298,2.0059424762258242,-0.43333333333333335,-1.3,2.0
55.06,-0.9714205294694612,-1.3000139450968298,2.0059424762258242,-1.3,-1.3,2.0
55.33,-1.017575969970242,-1.3000107979413345,2.00553914805248,-1.3,-1.3,2.0
55.36,-1.017575969970242,-1.3000107979413345,2.00553914805248,-1.3,-1.3,2.0
55.36,-1.017575969970242,-1.3000107979413345,2.00553914805248,-1.3,-1.3,2.0
55.378,-1.0409993437174785,-1.3000088412455166,2.005503110818607,-1.3,-1.3,2.0
55.381,-1.0409993437174785,-1.3000088412455166,2.005503110818607,-1.3,-1.3,2.0
55.392,-1.0409993437174785,-1.3000088412455166,2.005503110818607,-1.3,-1.3,2.0
55.402,-1.0409993437174785,-1.3000088412455166,2.005503110818607,-1.3,-1.3,2.0
55.414,-1.0409993437174785,-1.3000088412455166,2.005503110818607,-1.3,-1.3,2.0
55.42,-1.0409993437174785,-1.3000088412455166,2.005503110818607,-1.3,-1.3,2.0
55.431,-1.0409993437174785,-1.3000088412455166,2.005503110818607,-1.3,-1.3,2.0
55.615,-1.0646283228790145,-1.3000081585260324,2.0054589075706284,-1.3,-1.3,2.0
55.623,-1.0908742120743677,-1.300007871586493,2.005384810697127,-1.3,-1.3,2.0
55.904,-1.1467749552050668,-1.3000061024221177,2.0049596758370614,-1.3,-1.3,2.0
55.912,-1.1467749552050668,-1.3000061024221177,2.0049596758370614,-1.3,-1.3,2.0
56.191,-1.1914519813475626,-1.3000038352575616,2.004528460953847,-1.3,-1.3,2.0
56.2,-1.1914519813475626,-1.3000038352575616,2.004528460953847,-1.3,-1.3,2.0
56.21,-1.1914519813475626,-1.3000038352575616,2.004528460953847,-1.3,-1.3,2.0
56.233,-1.1914519813475626,-1.3000038352575616,2.004528460953847,-1.3,-1.3,2.0
56.243,-1.1914519813475626,-1.3000038352575616,2.004528460953847,-1.3,-1.3,2.0
56.26,-1.1914519813475626,-1.3000038352575616,2.004528460953847,-1.3,-1.3,2.0
56.26,-1.1914519813475626,-1.3000038352575616,2.004528460953847,-1.3,-1.3,2.0
56.271,-1.2040076418128287,-1.3000032366740844,2.0045526416414727,-1.3,-1.3,2.0
56.285,-1.2040076418128287,-1.3000032366740844,2.0045526416414727,-1.3,-1.3,2.0
56.29,-1.2040076418128287,-1.3000032366740844,2.0045526416414727,-1.3,-1.3,2.0
56.304,-1.2040076418128287,-1.3000032366740844,2.0045526416414727,-1.3,-1.3,2.0
56.311,-1.2040076418128287,-1.3000032366740844,2.0045526416414727,-1.3,-1.3,2.0
56.32,-1.2040076418128287,-1.3000032366740844,2.0045526416414727,-1.3,-1.3,2.0
56.331,-1.2040076418128287,-1.3000032366740844,2.0045526416414727,-1.3,-1.3,2.0
56.346,-1.2040076418128287,-1.3000032366740844,2.0045526416414727,-1.3,-1.3,2.0
56.352,-1.2040076418128287,-1.3000032366740844,2.0045526416414727,-1.3,-1.3,2.0
56.654,-1.2295849745387752,-1.3000020172903008,2.0050739063960443,-1.3,-1.3,2.0
56.66,-1.2352221693081356,-1.3000017485404687,2.0053548747401395,-1.3,-1.3,2.0
56.67,-1.2352221693081356,-1.3000017485404687,2.0053548747401395,-1.3,-1.3,2.0
56.68,-1.2352221693081356,-1.3000017485404687,2.0053548747401395,-1.3,-1.3,2.0
56.691,-1.2352221693081356,-1.3000017485404687,2.0053548747401395,-1.3,-1.3,2.0
56.707,-1.2352221693081356,-1.3000017485404687,2.0053548747401395,-1.3,-1.3,2.0
56.718,-1.2352221693081356,-1.3000017485404687,2.0053548747401395,-1.3,-1.3,2.0
56.72,-1.2352221693081356,-1.3000017485404687,2.0053548747401395,-1.3,-1.3,2.0
56.732,-1.2352221693081356,-1.3000017485404687,2.0053548747401395,-1.3,-1.3,2.0
56.74,-1.2352221693081356,-1.3000017485404687,2.0053548747401395,-1.3,-1.3,2.0
56.751,-1.2352221693081356,-1.3000017485404687,2.0053548747401395,-1.3,-1.3,2.0
56.76,-1.2352221693081356,-1.3000017485404687,2.0053548747401395,-1.3,-1.3,2.0
56.772,-1.2352221693081356,-1.3000017485404687,2.0053548747401395,-1.3,-1.3,2.0
56.78,-1.2352221693081356,-1.3000017485404687,2.0053548747401395,-1.3,-1.3,2.0
56.8,-1.2352221693081356,-1.3000017485404687,2.0053548747401395,-1.3,-1.3,2.0
56.8,-1.2352221693081356,-1.3000017485404687,2.0053548747401395,-1.3,-1.3,2.0
56.818,-1.2398366083122356,-1.300001528549896,2.0056738039656845,-1.3,-1.3,2.0
56.82,-1.2398366083122356,-1.300001528549896,2.0056738039656845,-1.3,-1.3,2.0
56.83,-1.2398366083122356,-1.300001528549896,2.0056738039656845,-1.3,-1.3,2.0
56.852,-1.2398366083122356,-1.300001528549896,2.0056738039656845,-1.3,-1.3,2.0
57.143,-1.249236754332269,-1.3000010804036513,2.0067955055866196,-1.3,-1.3,2.0
57.153,-1.249236754332269,-1.3000010804036513,2.0067955055866196,-1.3,-1.3,2.0
57.16,-1.249236754332269,-1.3000010804036513,2.0067955055866196,-1.3,-1.3,2.0
57.17,-1.2513085283731002,-1.3000009816330835,2.007208809057236,-1.3,-1.3,2.0
57.18,-1.2513085283731002,-1.3000009816330835,2.007208809057236,-1.3,-1.3,2.0
57.194,-1.2513085283731002,-1.3000009816330835,2.007208809057236,-1.3,-1.3,2.0
57.201,-1.2513085283731002,-1.3000009816330835,2.007208809057236,-1.3,-1.3,2.0
57.212,-1.2513085283731002,-1.3000009816330835,2.007208809057236,-1.3,-1.3,2.0
57.22,-1.2513085283731002,-1.3000009816330835,2.007208809057236,-1.3,-1.3,2.0
57.235,-1.2513085283731002,-1.3000009816330835,2.007208809057236,-1.3,-1.3,2.0
57.248,-1.2513085283731002,-1.3000009816330835,2.007208809057236,-1.3,-1.3,2.0
57.25,-1.2513085283731002,-1.3000009816330835,2.007208809057236,-1.3,-1.3,2.0
57.47,-1.2555289720257947,-1.3000007158878017,1.9910101654454158,-1.3,-1.3,2.0
57.48,-1.2555289720257947,-1.3000007158878017,1.9910101654454158,-1.3,-1.3,2.0
57.491,-1.2555289720257947,-1.3000007158878017,1.9910101654454158,-1.3,-1.3,2.0
57.511,-1.2555289720257947,-1.3000007158878017,1.9910101654454158,-1.3,-1.3,2.0
57.52,-1.2555289720257947,-1.3000007158878017,1.9910101654454158,-1.3,-1.3,2.0
57.533,-1.2555289720257947,-1.3000007158878017,1.9910101654454158,-1.3,-1.3,2.0
57.541,-1.2555289720257947,-1.3000007158878017,1.9910101654454158,-1.3,-1.3,2.0
57.551,-1.2555289720257947,-1.3000007158878017,1.9910101654454158,-1.3,-1.3,2.0
57.56,-1.2555289720257947,-1.3000007158878017,1.9910101654454158,-1.3,-1.3,2.0
57.57,-1.2564591499151039,-1.3000005992844577,1.9718585439362943,-1.3,-1.3,2.0
57.58,-1.2564591499151039,-1.3000005992844577,1.9718585439362943,-1.3,-1.3,2.0
57.59,-1.2564591499151039,-1.3000005992844577,1.9718585439362943,-1.3,-1.3,2.0
57.607,-1.2564591499151039,-1.3000005992844577,1.9718585439362943,-1.3,-1.3,2.0
57.618,-1.2564591499151039,-1.3000005992844577,1.9718585439362943,-1.3,-1.3,2.0
57.633,-1.2564591499151039,-1.3000005992844577,1.9718585439362943,-1.3,-1.3,2.0
57.64,-1.2564591499151039,-1.3000005992844577,1.9718585439362943,-1.3,-1.3,2.0
57.654,-1.2564591499151039,-1.3000005992844577,1.9718585439362943,-1.3,-1.3,2.0
57.664,-1.2564591499151039,-1.3000005992844577,1.9718585439362943,-1.3,-1.3,2.0
57.67,-1.2564591499151039,-1.3000005992844577,1.9718585439362943,-1.3,-1.3,2.0
57.68,-1.2564591499151039,-1.3000005992844577,1.9718585439362943,-1.3,-1.3,2.0
57.695,-1.2564591499151039,-1.3000005992844577,1.9718585439362943,-1.3,-1.3,2.0
57.711,-1.2564591499151039,-1.3000005992844577,1.9718585439362943,-1.3,-1.3,2.0
57.723,-1.2572205658555207,-1.300000470405764,1.94719904069799,-1.3,-1.3,2.0
57.731,-1.2572205658555207,-1.300000470405764,1.94719904069799,-1.3,-1.3,2.0
57.74,-1.2572205658555207,-1.300000470405764,1.94719904069799,-1.3,-1.3,2.0
57.757,-1.2572205658555207,-1.300000470405764,1.94719904069799,-1.3,-1.3,2.0
58.106,-1.2591135171803294,-1.299999871045379,1.8109399655816572,-1.3,-1.3,2.0
58.115,-1.2591135171803294,-1.299999871045379,1.8109399655816572,-1.3,-1.3,2.0
58.12,-1.2591135171803294,-1.299999871045379,1.8109399655816572,-1.3,-1.3,2.0
58.149,-1.2591135171803294,-1.299999871045379,1.8109399655816572,-1.3,-1.3,2.0
58.15,-1.2591135171803294,-1.299999871045379,1.8109399655816572,-1.3,-1.3,2.0
58.16,-1.2591135171803294,-1.299999871045379,1.8109399655816572,-1.3,-1.3,2.0
58.172,-1.2593933522250285,-1.2999997071376144,1.7705631123478234,-1.3,-1.3,2.0
58.18,-1.2593933522250285,-1.2999997071376144,1.7705631123478234,-1.3,-1.3,2.0
58.206,-1.2593933522250285,-1.2999997071376144,1.7705631123478234,-1.3,-1.3,2.0
58.21,-1.2593933522250285,-1.2999997071376144,1.7705631123478234,-1.3,-1.3,2.0
58.221,-1.2593933522250285,-1.2999997071376144,1.7705631123478234,-1.3,-1.3,2.0
58.231,-1.2593933522250285,-1.2999997071376144,1.7705631123478234,-1.3,-1.3,2.0
58.245,-1.2593933522250285,-1.2999997071376144,1.7705631123478234,-1.3,-1.3,2.0
58.253,-1.2593933522250285,-1.2999997071376144,1.7705631123478234,-1.3,-1.3,2.0
58.26,-1.2593933522250285,-1.2999997071376144,1.7705631123478234,-1.3,-1.3,2.0
58.273,-1.2596224169675567,-1.2999995395369368,1.7285292693627512,-1.3,-1.3,2.0
58.287,-1.2596224169675567,-1.2999995395369368,1.7285292693627512,-1.3,-1.3,2.0
58.29,-1.2596224169675567,-1.2999995395369368,1.7285292693627512,-1.3,-1.3,2.0
58.303,-1.2596224169675567,-1.2999995395369368,1.7285292693627512,-1.3,-1.3,2.0
58.321,-1.2596224169675567,-1.2999995395369368,1.7285292693627512,-1.3,-1.3,2.0
58.33,-1.2596224169675567,-1.2999995395369368,1.7285292693627512,-1.3,-1.3,2.0
58.343,-1.2596224169675567,-1.2999995395369368,1.7285292693627512,-1.3,-1.3,2.0
58.355,-1.2596224169675567,-1.2999995395369368,1.7285292693627512,-1.3,-1.3,2.0
58.36,-1.2596224169675567,-1.2999995395369368,1.7285292693627512,-1.3,-1.3,2.0
58.376,-1.2596224169675567,-1.2999995395369368,1.7285292693627512,-1.3,-1.3,2.0
58.38,-1.2596224169675567,-1.2999995395369368,1.7285292693627512,-1.3,-1.3,2.0
58.392,-1.2596224169675567,-1.2999995395369368,1.7285292693627512,-1.3,-1.3,2.0
58.401,-1.2596224169675567,-1.2999995395369368,1.7285292693627512,-1.3,-1.3,2.0
58.41,-1.2596224169675567,-1.2999995395369368,1.7285292693627512,-1.3,-1.3,2.0
58.421,-1.2598099226594979,-1.299999368913352,1.6851390641354032,-1.3,-1.3,2.0
58.43,-1.2598099226594979,-1.299999368913352,1.6851390641354032,-1.3,-1.3,2.0
58.44,-1.2598099226594979,-1.299999368913352,1.6851390641354032,-1.3,-1.3,2.0
58.458,-1.2598099226594979,-1.299999368913352,1.6851390641354032,-1.3,-1.3,2.0
58.46,-1.2598099226594979,-1.299999368913352,1.6851390641354032,-1.3,-1.3,2.0
58.691,-1.260089049120074,-1.299999020691736,1.5952292585732013,-1.3,-1.3,2.0
58.7,-1.260089049120074,-1.299999020691736,1.5952292585732013,-1.3,-1.3,2.0
58.71,-1.260089049120074,-1.299999020691736,1.5952292585732013,-1.3,-1.3,2.0
58.721,-1.2601918942186863,-1.2999988439101373,1.5490759865630634,-1.3,-1.3,2.0
58.73,-1.2601918942186863,-1.2999988439101373,1.5490759865630634,-1.3,-1.3,2.0
58.74,-1.2601918942186863,-1.2999988439101373,1.5490759865630634,-1.3,-1.3,2.0
58.755,-1.2601918942186863,-1.2999988439101373,1.5490759865630634,-1.3,-1.3,2.0
58.761,-1.2601918942186863,-1.2999988439101373,1.5490759865630634,-1.3,-1.3,2.0
58.774,-1.2601918942186863,-1.2999988439101373,1.5490759865630634,-1.3,-1.3,2.0
58.78,-1.2601918942186863,-1.2999988439101373,1.5490759865630634,-1.3,-1.3,2.0
58.79,-1.2601918942186863,-1.2999988439101373,1.5490759865630634,-1.3,-1.3,2.0
58.8,-1.2601918942186863,-1.2999988439101373,1.5490759865630634,-1.3,-1.3,2.0
58.815,-1.2601918942186863,-1.2999988439101373,1.5490759865630634,-1.3,-1.3,2.0
58.82,-1.2602760802859212,-1.2999986657713243,1.502313739966629,-1.3,-1.3,2.0
58.834,-1.2602760802859212,-1.2999986657713243,1.502313739966629,-1.3,-1.3,2.0
58.844,-1.2602760802859212,-1.2999986657713243,1.502313739966629,-1.3,-1.3,2.0
58.85,-1.2602760802859212,-1.2999986657713243,1.502313739966629,-1.3,-1.3,2.0
58.86,-1.2602760802859212,-1.2999986657713243,1.502313739966629,-1.3,-1.3,2.0
58.875,-1.2602760802859212,-1.2999986657713243,1.502313739966629,-1.3,-1.3,2.0
58.88,-1.2602760802859212,-1.2999986657713243,1.502313739966629,-1.3,-1.3,2.0
58.894,-1.2602760802859212,-1.2999986657713243,1.502313739966629,-1.3,-1.3,2.0
58.9,-1.2602760802859212,-1.2999986657713243,1.502313739966629,-1.3,-1.3,2.0
58.912,-1.2602760802859212,-1.2999986657713243,1.502313739966629,-1.3,-1.3,2.0
58.922,-1.2603449926282473,-1.2999984865215368,1.4550530049910473,-1.3,-1.3,2.0
58.93,-1.2603449926282473,-1.2999984865215368,1.4550530049910473,-1.3,-1.3,2.0
58.94,-1.2603449926282473,-1.2999984865215368,1.4550530049910473,-1.3,-1.3,2.0
58.957,-1.2603449926282473,-1.2999984865215368,1.4550530049910473,-1.3,-1.3,2.0
58.96,-1.2603449926282473,-1.2999984865215368,1.4550530049910473,-1.3,-1.3,2.0
58.971,-1.2603449926282473,-1.2999984865215368,1.4550530049910473,-1.3,-1.3,2.0
58.98,-1.2603449926282473,-1.2999984865215368,1.4550530049910473,-1.3,-1.3,2.0
58.99,-1.2603449926282473,-1.2999984865215368,1.4550530049910473,-1.3,-1.3,2.0
59.003,-1.2603449926282473,-1.2999984865215368,1.4550530049910473,-1.3,-1.3,2.0
59.017,-1.2603449926282473,-1.2999984865215368,1.4550530049910473,-1.3,-1.3,2.0
59.024,-1.2604014023562686,-1.2999983063623388,1.4073842223403474,-1.3,-1.3,2.0
59.038,-1.2604014023562686,-1.2999983063623388,1.4073842223403474,-1.3,-1.3,2.0
59.051,-1.2604014023562686,-1.2999983063623388,1.4073842223403474,-1.3,-1.3,2.0
59.26,-1.2604853758161494,-1.2999979439457512,1.3111052106035177,-1.3,-1.3,2.0
59.272,-1.2604853758161494,-1.2999979439457512,1.3111052106035177,-1.3,-1.3,2.0
59.56,-1.2605623754853885,-1.2999973967595968,1.1650887690673035,-1.3,-1.3,2.0
59.585,-1.2605793463366655,-1.299997213731707,1.1161328202629055,-1.3,-1.3,2.0
59.93,-1.2606148917541329,-1.29999666353026,0.9192734368020271,-1.3,-1.3,2.0
59.941,-1.2606148917541329,-1.29999666353026,0.9192734368020271,-1.3,-1.3,2.0
59.958,-1.2606148917541329,-1.29999666353026,0.9192734368020271,-1.3,-1.3,2.0
59.96,-1.2606148917541329,-1.29999666353026,0.9192734368020271,-1.3,-1.3,2.0
59.974,-1.2606251734912612,-1.299996480015812,0.7226091754583,-1.3,-1.3,2.0
59.981,-1.2606251734912612,-1.299996480015812,0.7226091754583,-1.3,-1.3,2.0
59.994,-1.2606251734912612,-1.299996480015812,0.7226091754583,-1.3,-1.3,2.0
60.0,-1.2606251734912612,-1.299996480015812,0.7226091754583,-1.3,-1.3,2.0
60.02,-1.2606251734912612,-1.299996480015812,0.7226091754583,-1.3,-1.3,2.0
60.023,-1.2606251734912612,-1.299996480015812,0.7226091754583,-1.3,-1.3,2.0
60.32,-1.2606448116102784,-1.2999961298998517,0.07474146549757903,-1.3,-1.3,2.0
60.331,-1.2606448116102784,-1.2999961298998517,0.07474146549757903,-1.3,-1.3,2.0
60.341,-1.2606448116102784,-1.2999961298998517,0.07474146549757903,-1.3,-1.3,2.0
60.357,-1.2606448116102784,-1.2999961298998517,0.07474146549757903,-1.3,-1.3,2.0
60.36,-1.2606448116102784,-1.2999961298998517,0.07474146549757903,-1.3,-1.3,2.0
60.378,-1.2606448116102784,-1.299996130267158,0.07484145260903056,-1.3,-1.3,2.0
60.383,-1.2606448116102784,-1.299996130267158,0.07484145260903056,-1.3,-1.3,2.0
60.392,-1.2606448116102784,-1.299996130267158,0.07484145260903056,-1.3,-1.3,2.0
60.401,-1.2606448116102784,-1.299996130267158,0.07484145260903056,-1.3,-1.3,2.0
60.414,-1.2606448116102784,-1.299996130267158,0.07484145260903056,-1.3,-1.3,2.0
60.423,-1.2606448116102784,-1.299996130267158,0.07484145260903056,-1.3,-1.3,2.0
60.437,-1.2606448116102784,-1.299996130267158,0.07484145260903056,-1.3,-1.3,2.0
60.445,-1.2606448116102784,-1.299996130267158,0.07484145260903056,-1.3,-1.3,2.0
60.45,-1.2606448116102784,-1.299996130267158,0.07484145260903056,-1.3,-1.3,2.0
60.701,-1.2606448119797875,-1.2999961305000383,0.07498006332337688,-1.3,-1.3,2.0
60.714,-1.2606448119797875,-1.2999961305000383,0.07498006332337688,-1.3,-1.3,2.0
60.72,-1.2606448119797875,-1.2999961305000383,0.07498006332337688,-1.3,-1.3,2.0
60.739,-1.2606448119797875,-1.2999961305000383,0.07498006332337688,-1.3,-1.3,2.0
60.743,-1.2606448119797875,-1.2999961305000383,0.07498006332337688,-1.3,-1.3,2.0
60.754,-1.2606448119797875,-1.2999961305000383,0.07498006332337688,-1.3,-1.3,2.0
60.76,-1.2606448119797875,-1.2999961305000383,0.07498006332337688,-1.3,-1.3,2.0
60.77,-1.2606448120001834,-1.299996130503392,0.07498512034925976,-1.3,-1.3,2.0
60.78,-1.2606448120001834,-1.299996130503392,0.07498512034925976,-1.3,-1.3,2.0
60.793,-1.2606448120001834,-1.299996130503392,0.07498512034925976,-1.3,-1.3,2.0
60.802,-1.2606448120001834,-1.299996130503392,0.07498512034925976,-1.3,-1.3,2.0
60.815,-1.2606448120001834,-1.299996130503392,0.07498512034925976,-1.3,-1.3,2.0
60.82,-1.2606448120001834,-1.299996130503392,0.07498512034925976,-1.3,-1.3,2.0
60.832,-1.2606448120001834,-1.299996130503392,0.07498512034925976,-1.3,-1.3,2.0
60.846,-1.2606448120001834,-1.299996130503392,0.07498512034925976,-1.3,-1.3,2.0
60.857,-1.2606448120001834,-1.299996130503392,0.07498512034925976,-1.3,-1.3,2.0
60.86,-1.2606448120001834,-1.299996130503392,0.07498512034925976,-1.3,-1.3,2.0
60.87,-1.2606448120083247,-1.299996130504755,0.07498713896218878,-1.3,-1.3,2.0
60.88,-1.2606448120083247,-1.299996130504755,0.07498713896218878,-1.3,-1.3,2.0
60.895,-1.2606448120083247,-1.299996130504755,0.07498713896218878,-1.3,-1.3,2.0
60.904,-1.2606448120083247,-1.299996130504755,0.07498713896218878,-1.3,-1.3,2.0
60.91,-1.2606448120083247,-1.299996130504755,0.07498713896218878,-1.3,-1.3,2.0
60.92,-1.2606448120083247,-1.299996130504755,0.07498713896218878,-1.3,-1.3,2.0
60.931,-1.2606448120083247,-1.299996130504755,0.07498713896218878,-1.3,-1.3,2.0
60.943,-1.2606448120083247,-1.299996130504755,0.07498713896218878,-1.3,-1.3,2.0
60.953,-1.2606448120083247,-1.299996130504755,0.07498713896218878,-1.3,-1.3,2.0
61.271,-1.2606448120123597,-1.2999961305054988,0.0749881393687296,-1.3,-1.3,2.0
61.283,-1.2606448120123597,-1.2999961305054988,0.0749881393687296,-1.3,-1.3,2.0
61.304,-1.2606448120123597,-1.2999961305054988,0.0749881393687296,-1.3,-1.3,2.0
61.317,-1.2606448120123597,-1.2999961305054988,0.0749881393687296,-1.3,-1.3,2.0
61.329,-1.2606448120123597,-1.2999961305054988,0.0749881393687296,-1.3,-1.3,2.0
61.332,-1.2606448120123597,-1.2999961305054988,0.0749881393687296,-1.3,-1.3,2.0
61.341,-1.2606448120123597,-1.2999961305054988,0.0749881393687296,-1.3,-1.3,2.0
61.352,-1.2606448120123597,-1.2999961305054988,0.0749881393687296,-1.3,-1.3,2.0
61.36,-1.2606448120123597,-1.2999961305054988,0.0749881393687296,-1.3,-1.3,2.0
61.374,-1.2606448120123597,-1.2999961305054988,0.0749881393687296,-1.3,-1.3,2.0
61.386,-1.2606448120123597,-1.2999961305054988,0.0749881393687296,-1.3,-1.3,2.0
61.402,-1.2606448120123597,-1.2999961305054988,0.0749881393687296,-1.3,-1.3,2.0
61.411,-1.2606448120123597,-1.2999961305054988,0.0749881393687296,-1.3,-1.3,2.0
61.436,-1.2606448120123597,-1.2999961305054988,0.0749881393687296,-1.3,-1.3,2.0
61.444,-1.2606448120123597,-1.2999961305054988,0.0749881393687296,-1.3,-1.3,2.0
61.451,-1.2606448120123597,-1.2999961305054988,0.0749881393687296,-1.3,-1.3,2.0
61.736,-1.2606448120123597,-1.2999961305054988,0.0749881393687296,-1.3,-1.3,2.0
61.741,-1.2606448120123597,-1.2999961305054988,0.0749881393687296,-1.3,-1.3,2.0
61.759,-1.2606448120123597,-1.2999961305054988,0.0749881393687296,-1.3,-1.3,2.0
61.76,-1.2606448120123597,-1.2999961305054988,0.0749881393687296,-1.3,-1.3,2.0
61.775,-1.2606448120123597,-1.2999961305054988,0.0749881393687296,-1.3,-1.3,2.0
61.78,-1.2606448120123597,-1.2999961305054988,0.0749881393687296,-1.3,-1.3,2.0
61.795,-1.2606448120123597,-1.2999961305054988,0.0749881393687296,-1.3,-1.3,2.0
61.8,-1.2606448120123597,-1.2999961305054988,0.0749881393687296,-1.3,-1.3,2.0
61.826,-1.2606448120123597,-1.2999961305054988,0.0749881393687296,-1.3,-1.3,2.0
61.837,-1.2606448120123597,-1.2999961305054988,0.0749881393687296,-1.3,-1.3,2.0
61.842,-1.2606448120123597,-1.2999961305054988,0.0749881393687296,-1.3,-1.3,2.0
61.851,-1.2606448120123597,-1.2999961305054988,0.0749881393687296,-1.3,-1.3,2.0
61.86,-1.2606448120123597,-1.2999961305054988,0.0749881393687296,-1.3,-1.3,2.0
61.871,-1.2606448120123597,-1.2999961305054988,0.0749881393687296,-1.3,-1.3,2.0
61.887,-1.2606448120123597,-1.2999961305054988,0.0749881393687296,-1.3,-1.3,2.0
61.891,-1.2606448120123597,-1.2999961305054988,0.0749881393687296,-1.3,-1.3,2.0
61.902,-1.2606448120123597,-1.2999961305054988,0.0749881393687296,-1.3,-1.3,2.0
61.916,-1.2606448120123597,-1.2999961305054988,0.0749881393687296,-1.3,-1.3,2.0
61.934,-1.2606448120123597,-1.2999961305054988,0.0749881393687296,-1.3,-1.3,2.0
61.94,-1.2606448120123597,-1.2999961305054988,0.0749881393687296,-1.3,-1.3,2.0
61.954,-1.2606448120123597,-1.2999961305054988,0.0749881393687296,-1.3,-1.3,2.0
61.96,-1.2606448120123597,-1.2999961305054988,0.0749881393687296,-1.3,-1.3,2.0
61.986,-1.2606448120123597,-1.2999961305054988,0.0749881393687296,-1.3,-1.3,2.0
61.99,-1.2606448120123597,-1.2999961305054988,0.0749881393687296,-1.3,-1.3,2.0
62.0,-1.2606448120123597,-1.2999961305054988,0.0749881393687296,-1.3,-1.3,2.0
62.015,-1.2606448120123597,-1.2999961305054988,0.0749881393687296,-1.3,-1.3,2.0
62.025,-1.2606448120123597,-1.2999961305054988,0.0749881393687296,-1.3,-1.3,2.0
62.035,-1.2606448120123597,-1.2999961305054988,0.0749881393687296,-1.3,-1.3,2.0
62.051,-1.2606448120123597,-1.2999961305054988,0.0749881393687296,-1.3,-1.3,2.0
62.06,-1.2606448120123597,-1.2999961305054988,0.0749881393687296,-1.3,-1.3,2.0
62.089,-1.2606448120123597,-1.2999961305054988,0.0749881393687296,-1.3,-1.3,2.0
62.091,-1.2606448120123597,-1.2999961305054988,0.0749881393687296,-1.3,-1.3,2.0
62.1,-1.2606448120123597,-1.2999961305054988,0.0749881393687296,-1.3,-1.3,2.0
62.111,-1.2606448120123597,-1.2999961305054988,0.0749881393687296,-1.3,-1.3,2.0
62.121,-1.2606448120123597,-1.2999961305054988,0.0749881393687296,-1.3,-1.3,2.0
62.136,-1.2606448120123597,-1.2999961305054988,0.0749881393687296,-1.3,-1.3,2.0
62.144,-1.2606448120123597,-1.2999961305054988,0.0749881393687296,-1.3,-1.3,2.0
62.154,-1.2606448120123597,-1.2999961305054988,0.0749881393687296,-1.3,-1.3,2.0
62.16,-1.2606448120123597,-1.2999961305054988,0.0749881393687296,-1.3,-1.3,2.0
62.171,-1.2606448120123597,-1.2999961305054988,0.0749881393687296,-1.3,-1.3,2.0
62.18,-1.2606448120123597,-1.2999961305054988,0.0749881393687296,-1.3,-1.3,2.0
62.19,-1.2606448120123597,-1.2999961305054988,0.0749881393687296,-1.3,-1.3,2.0
62.205,-1.2606448120123597,-1.2999961305054988,0.0749881393687296,-1.3,-1.3,2.0
62.213,-1.2606448120123597,-1.2999961305054988,0.0749881393687296,-1.3,-1.3,2.0
62.22,-1.2606448120123597,-1.2999961305054988,0.0749881393687296,-1.3,-1.3,2.0
62.231,-1.2606448120123597,-1.2999961305054988,0.0749881393687296,-1.3,-1.3,2.0
62.241,-1.2606448120123597,-1.2999961305054988,0.0749881393687296,-1.3,-1.3,2.0
62.26,-1.2606448120123597,-1.2999961305054988,0.0749881393687296,-1.3,-1.3,2.0
62.26,-1.2606448120123597,-1.2999961305054988,0.0749881393687296,-1.3,-1.3,2.0
62.272,-1.2606448120123597,-1.2999961305054988,0.0749881393687296,-1.3,-1.3,2.0
62.28,-1.2606448120123597,-1.2999961305054988,0.0749881393687296,-1.3,-1.3,2.0
62.29,-1.2606448120123597,-1.2999961305054988,0.0749881393687296,-1.3,-1.3,2.0
62.301,-1.2606448120123597,-1.2999961305054988,0.0749881393687296,-1.3,-1.3,2.0
62.31,-1.2606448120123597,-1.2999961305054988,0.0749881393687296,-1.3,-1.3,2.0
62.325,-1.2606448120123597,-1.2999961305054988,0.0749881393687296,-1.3,-1.3,2.0
62.331,-1.2606448120123597,-1.2999961305054988,0.0749881393687296,-1.3,-1.3,2.0
62.343,-1.2606448120123597,-1.2999961305054988,0.0749881393687296,-1.3,-1.3,2.0
62.352,-1.2606448120123597,-1.2999961305054988,0.0749881393687296,-1.3,-1.3,2.0
62.64,-1.2606448120123597,-1.2999961305054988,0.0749881393687296,-1.3,-1.3,2.0
62.653,-1.2606448120123597,-1.2999961305054988,0.0749881393687296,-1.3,-1.3,2.0
62.66,-1.2606448120123597,-1.2999961305054988,0.0749881393687296,-1.3,-1.3,2.0
62.675,-1.2606448120123597,-1.2999961305054988,0.0749881393687296,-1.3,-1.3,2.0
62.698,-1.2606448120123597,-1.2999961305054988,0.0749881393687296,-1.3,-1.3,2.0
62.714,-1.2606448120123597,-1.2999961305054988,0.0749881393687296,-1.3,-1.3,2.0
62.723,-1.2606448120123597,-1.2999961305054988,0.0749881393687296,-1.3,-1.3,2.0
62.73,-1.2606448120123597,-1.2999961305054988,0.0749881393687296,-1.3,-1.3,2.0
62.749,-1.2606448120123597,-1.2999961305054988,0.0749881393687296,-1.3,-1.3,2.0
62.75,-1.2606448120123597,-1.2999961305054988,0.0749881393687296,-1.3,-1.3,2.0
62.76,-1.2606448120123597,-1.2999961305054988,0.0749881393687296,-1.3,-1.3,2.0
62.777,-1.2606448120123597,-1.2999961305054988,0.0749881393687296,-1.3,-1.3,2.0
62.78,-1.2606448120123597,-1.2999961305054988,0.0749881393687296,-1.3,-1.3,2.0
62.79,-1.2606448120123597,-1.2999961305054988,0.0749881393687296,-1.3,-1.3,2.0
62.803,-1.2606448120123597,-1.2999961305054988,0.0749881393687296,-1.3,-1.3,2.0
62.814,-1.2606448120123597,-1.2999961305054988,0.0749881393687296,-1.3,-1.3,2.0
62.823,-1.2606448120123597,-1.2999961305054988,0.0749881393687296,-1.3,-1.3,2.0
62.83,-1.2606448120123597,-1.2999961305054988,0.0749881393687296,-1.3,-1.3,2.0
62.85,-1.2606448120123597,-1.2999961305054988,0.0749881393687296,-1.3,-1.3,2.0
62.85,-1.2606448120123597,-1.2999961305054988,0.0749881393687296,-1.3,-1.3,2.0
63.111,-1.2606448120123597,-1.2999961305054988,0.0749881393687296,-1.3,-1.3,2.0
63.12,-1.2606448120123597,-1.2999961305054988,0.0749881393687296,-1.3,-1.3,2.0
63.13,-1.2606448120123597,-1.2999961305054988,0.0749881393687296,-1.3,-1.3,2.0
63.153,-1.2606448120123597,-1.2999961305054988,0.0749881393687296,-1.3,-1.3,2.0
63.16,-1.2606448120123597,-1.2999961305054988,0.0749881393687296,-1.3,-1.3,2.0
63.172,-1.2606448120123597,-1.2999961305054988,0.0749881393687296,-1.3,-1.3,2.0
63.194,-1.2606448120123597,-1.2999961305054988,0.0749881393687296,-1.3,-1.3,2.0
63.203,-1.2606448120123597,-1.2999961305054988,0.0749881393687296,-1.3,-1.3,2.0
63.21,-1.2606448120123597,-1.2999961305054988,0.0749881393687296,-1.3,-1.3,2.0
63.221,-1.2606448120123597,-1.2999961305054988,0.0749881393687296,-1.3,-1.3,2.0
63.236,-1.2606448120123597,-1.2999961305054988,0.0749881393687296,-1.3,-1.3,2.0
63.243,-1.2606448120123597,-1.2999961305054988,0.0749881393687296,-1.3,-1.3,2.0
63.26,-1.2606448120123597,-1.2999961305054988,0.0749881393687296,-1.3,-1.3,2.0
63.26,-1.2606448120123597,-1.2999961305054988,0.0749881393687296,-1.3,-1.3,2.0
63.285,-1.2606448120123597,-1.2999961305054988,0.0749881393687296,-1.3,-1.3,2.0
63.297,-1.2606448120123597,-1.2999961305054988,0.0749881393687296,-1.3,-1.3,2.0
63.304,-1.2606448120123597,-1.2999961305054988,0.0749881393687296,-1.3,-1.3,2.0
63.31,-1.2606448120123597,-1.2999961305054988,0.0749881393687296,-1.3,-1.3,2.0
63.324,-1.2606448120123597,-1.2999961305054988,0.0749881393687296,-1.3,-1.3,2.0
63.331,-1.2606448120123597,-1.2999961305054988,0.0749881393687296,-1.3,-1.3,2.0
63.342,-1.2606448120123597,-1.2999961305054988,0.0749881393687296,-1.3,-1.3,2.0
63.35,-1.2606448120123597,-1.2999961305054988,0.0749881393687296,-1.3,-1.3,2.0
63.534,-1.2606448120123597,-1.2999961305054988,0.0749881393687296,-1.3,-1.3,2.0
63.54,-1.2606448120123597,-1.2999961305054988,0.0749881393687296,-1.3,-1.3,2.0
63.55,-1.2606448120123597,-1.2999961305054988,0.0749881393687296,-1.3,-1.3,2.0
63.575,-1.2606448120123597,-1.2999961305054988,0.0749881393687296,-1.3,-1.3,2.0
63.583,-1.2606448120123597,-1.2999961305054988,0.0749881393687296,-1.3,-1.3,2.0
63.592,-1.2606448120123597,-1.2999961305054988,0.0749881393687296,-1.3,-1.3,2.0
63.6,-1.2606448120123597,-1.2999961305054988,0.0749881393687296,-1.3,-1.3,2.0
63.617,-1.2606448120123597,-1.2999961305054988,0.0749881393687296,-1.3,-1.3,2.0
63.62,-1.2606448120123597,-1.2999961305054988,0.0749881393687296,-1.3,-1.3,2.0
63.637,-1.2606448120123597,-1.2999961305054988,0.0749881393687296,-1.3,-1.3,2.0
63.647,-1.2606448120123597,-1.2999961305054988,0.0749881393687296,-1.3,-1.3,2.0
63.652,-1.2606448120123597,-1.2999961305054988,0.0749881393687296,-1.3,-1.3,2.0
63.86,-1.2606448120123597,-1.2999961305054988,0.0749881393687296,-1.3,-1.3,2.0
63.873,-1.2606448120123597,-1.2999961305054988,0.0749881393687296,-1.3,-1.3,2.0
63.88,-1.2606448120123597,-1.2999961305054988,0.0749881393687296,-1.3,-1.3,2.0
63.9,-1.2606448120123597,-1.2999961305054988,0.0749881393687296,-1.3,-1.3,2.0
63.9,-1.2606448120123597,-1.2999961305054988,0.0749881393687296,-1.3,-1.3,2.0
63.921,-1.2606448120123597,-1.2999961305054988,0.0749881393687296,-1.3,-1.3,2.0
63.93,-1.2606448120123597,-1.2999961305054988,0.0749881393687296,-1.3,-1.3,2.0
63.947,-1.2606448120123597,-1.2999961305054988,0.0749881393687296,-1.3,-1.3,2.0
63.953,-1.2606448120123597,-1.2999961305054988,0.0749881393687296,-1.3,-1.3,2.0
63.977,-1.2606448120123597,-1.2999961305054988,0.0749881393687296,-1.3,-1.3,2.0
63.98,-1.2606448120123597,-1.2999961305054988,0.0749881393687296,-1.3,-1.3,2.0
63.999,-1.2606448120123597,-1.2999961305054988,0.0749881393687296,-1.3,-1.3,2.0
64.006,-1.2606448120123597,-1.2999961305054988,0.0749881393687296,-1.3,-1.3,2.0
64.01,-1.2606448120123597,-1.2999961305054988,0.0749881393687296,-1.3,-1.3,2.0
64.023,-1.2606448120123597,-1.2999961305054988,0.0749881393687296,-1.3,-1.3,2.0
64.031,-1.2606448120123597,-1.2999961305054988,0.0749881393687296,-1.3,-1.3,2.0
64.044,-1.2606448120123597,-1.2999961305054988,0.0749881393687296,-1.3,-1.3,2.0
64.058,-1.2606448120123597,-1.2999961305054988,0.0749881393687296,-1.3,-1.3,2.0
64.06,-1.2606448120123597,-1.2999961305054988,0.0749881393687296,-1.3,-1.3,2.0
64.071,-1.2606448120123597,-1.2999961305054988,0.0749881393687296,-1.3,-1.3,2.0
64.08,-1.2606448120123597,-1.2999961305054988,0.0749881393687296,-1.3,-1.3,2.0
64.101,-1.2606448120123597,-1.2999961305054988,0.0749881393687296,-1.3,-1.3,2.0
64.11,-1.2606448120123597,-1.2999961305054988,0.0749881393687296,-1.3,-1.3,2.0
64.12,-1.2606448120123597,-1.2999961305054988,0.0749881393687296,-1.3,-1.3,2.0
64.134,-1.2606448120123597,-1.2999961305054988,0.0749881393687296,-1.3,-1.3,2.0
64.142,-1.2606448120123597,-1.2999961305054988,0.0749881393687296,-1.3,-1.3,2.0
64.393,-1.2606448120123597,-1.2999961305054988,0.0749881393687296,-1.3,-1.3,2.0
64.403,-1.2606448120123597,-1.2999961305054988,0.0749881393687296,-1.3,-1.3,2.0
64.76,-1.2606448120123597,-1.2999961305054988,0.0749881393687296,-1.3,-1.3,2.0
64.77,-1.2606448120123597,-1.2999961305054988,0.0749881393687296,-1.3,-1.3,2.0
64.794,-1.2606448120123597,-1.2999961305054988,0.0749881393687296,-1.3,-1.3,2.0
64.8,-1.2606448120123597,-1.2999961305054988,0.0749881393687296,-1.3,-1.3,2.0
64.814,-1.2606448120123597,-1.2999961305054988,0.0749881393687296,-1.3,-1.3,2.0
64.825,-1.2606448120123597,-1.2999961305054988,0.0749881393687296,-1.3,-1.3,2.0
64.83,-1.2606448120123597,-1.2999961305054988,0.0749881393687296,-1.3,-1.3,2.0
64.841,-1.2606448120123597,-1.2999961305054988,0.0749881393687296,-1.3,-1.3,2.0
64.856,-1.2606448120123597,-1.2999961305054988,0.0749881393687296,-1.3,-1.3,2.0
64.86,-1.2606448120123597,-1.2999961305054988,0.0749881393687296,-1.3,-1.3,2.0
64.87,-1.2606448120123597,-1.2999961305054988,0.0749881393687296,-1.3,-1.3,2.0
64.881,-1.2606448120123597,-1.2999961305054988,0.0749881393687296,-1.3,-1.3,2.0
64.9,-1.2606448120123597,-1.2999961305054988,0.0749881393687296,-1.3,-1.3,2.0
64.9,-1.2606448120123597,-1.2999961305054988,0.0749881393687296,-1.3,-1.3,2.0
64.912,-1.2606448120123597,-1.2999961305054988,0.0749881393687296,-1.3,-1.3,2.0
64.923,-1.2606448120123597,-1.2999961305054988,0.0749881393687296,-1.3,-1.3,2.0
64.933,-1.2606448120123597,-1.2999961305054988,0.0749881393687296,-1.3,-1.3,2.0
64.946,-1.2606448120123597,-1.2999961305054988,0.0749881393687296,-1.3,-1.3,2.0
65.14,-1.2606448120123597,-1.2999961305054988,0.0749881393687296,-1.3,-1.3,2.0
65.156,-1.2606448120123597,-1.2999961305054988,0.0749881393687296,-1.3,-1.3,2.0
65.16,-1.2606448120123597,-1.2999961305054988,0.0749881393687296,-1.3,-1.3,2.0
65.177,-1.2606448120123597,-1.2999961305054988,0.0749881393687296,-1.3,-1.3,2.0
65.181,-1.2606448120123597,-1.2999961305054988,0.0749881393687296,-1.3,-1.3,2.0
65.19,-1.2606448120123597,-1.2999961305054988,0.0749881393687296,-1.3,-1.3,2.0
65.202,-1.2606448120123597,-1.2999961305054988,0.0749881393687296,-1.3,-1.3,2.0
65.217,-1.2606448120123597,-1.2999961305054988,0.0749881393687296,-1.3,-1.3,2.0
65.223,-1.2606448120123597,-1.2999961305054988,0.0749881393687296,-1.3,-1.3,2.0
65.237,-1.2606448120123597,-1.2999961305054988,0.0749881393687296,-1.3,-1.3,2.0
65.247,-1.2606448120123597,-1.2999961305054988,0.0749881393687296,-1.3,-1.3,2.0
65.256,-1.2606448120123597,-1.2999961305054988,0.0749881393687296,-1.3,-1.3,2.0
65.46,-1.2606448120123597,-1.2999961305054988,0.0749881393687296,-1.3,-1.3,2.0
65.473,-1.2606448120123597,-1.2999961305054988,0.0749881393687296,-1.3,-1.3,2.0
65.81,-1.2606448120123597,-1.2999961305054988,0.0749881393687296,-1.3,-1.3,2.0
65.81,-1.2606448120123597,-1.2999961305054988,0.0749881393687296,-1.3,-1.3,2.0
66.124,-1.2606448120123597,-1.2999961305054988,0.0749881393687296,-1.3,-1.3,2.0
66.13,-1.2606448120123597,-1.2999961305054988,0.0749881393687296,-1.3,-1.3,2.0
66.508,-1.2606448120123597,-1.2999961305054988,0.0749881393687296,-1.3,-1.3,2.0
66.51,-1.2606448120123597,-1.2999961305054988,0.0749881393687296,-1.3,-1.3,2.0
66.882,-1.2606448120123597,-1.2999961305054988,0.0749881393687296,-1.3,-1.3,2.0
66.891,-1.2606448120123597,-1.2999961305054988,0.0749881393687296,-1.3,-1.3,2.0
66.9,-1.2606448120123597,-1.2999961305054988,0.0749881393687296,-1.3,-1.3,2.0
66.915,-1.2606448120123597,-1.2999961305054988,0.0749881393687296,-1.3,-1.3,2.0
66.928,-1.2606448120123597,-1.2999961305054988,0.0749881393687296,-1.3,-1.3,2.0
66.953,-1.2606448120123597,-1.2999961305054988,0.0749881393687296,-1.3,-1.3,2.0
66.96,-1.2606448120123597,-1.2999961305054988,0.0749881393687296,-1.3,-1.3,2.0
66.97,-1.2606448120123597,-1.2999961305054988,0.0749881393687296,-1.3,-1.3,2.0
66.99,-1.2606448120123597,-1.2999961305054988,0.0749881393687296,-1.3,-1.3,2.0
66.99,-1.2606448120123597,-1.2999961305054988,0.0749881393687296,-1.3,-1.3,2.0
67.001,-1.2606448120123597,-1.2999961305054988,0.0749881393687296,-1.3,-1.3,2.0
67.01,-1.2606448120123597,-1.2999961305054988,0.0749881393687296,-1.3,-1.3,2.0
67.028,-1.2606448120123597,-1.2999961305054988,0.0749881393687296,-1.3,-1.3,2.0
67.034,-1.2606448120123597,-1.2999961305054988,0.0749881393687296,-1.3,-1.3,2.0
67.04,-1.2606448120123597,-1.2999961305054988,0.0749881393687296,-1.3,-1.3,2.0
67.052,-1.2606448120123597,-1.2999961305054988,0.0749881393687296,-1.3,-1.3,2.0
67.28,-1.2606448120123597,-1.2999961305054988,0.0749881393687296,-1.3,-1.3,2.0
67.293,-1.2606448120123597,-1.2999961305054988,0.0749881393687296,-1.3,-1.3,2.0
67.302,-1.2606448120123597,-1.2999961305054988,0.0749881393687296,-1.3,-1.3,2.0
67.31,-1.2606448120123597,-1.2999961305054988,0.0749881393687296,-1.3,-1.3,2.0
67.321,-1.2606448120123597,-1.2999961305054988,0.0749881393687296,-1.3,-1.3,2.0
67.339,-1.2606448120123597,-1.2999961305054988,0.0749881393687296,-1.3,-1.3,2.0
67.34,-1.2606448120123597,-1.2999961305054988,0.0749881393687296,-1.3,-1.3,2.0
67.351,-1.2606448120123597,-1.2999961305054988,0.0749881393687296,-1.3,-1.3,2.0
67.36,-1.2606448120123597,-1.2999961305054988,0.0749881393687296,-1.3,-1.3,2.0
67.37,-1.2606448120123597,-1.2999961305054988,0.0749881393687296,-1.3,-1.3,2.0
67.383,-1.2606448120123597,-1.2999961305054988,0.0749881393687296,-1.3,-1.3,2.0
67.396,-1.2606448120123597,-1.2999961305054988,0.0749881393687296,-1.3,-1.3,2.0
67.409,-1.2606448120123597,-1.2999961305054988,0.0749881393687296,-1.3,-1.3,2.0
67.41,-1.2606448120123597,-1.2999961305054988,0.0749881393687296,-1.3,-1.3,2.0
67.421,-1.2606448120123597,-1.2999961305054988,0.0749881393687296,-1.3,-1.3,2.0
67.43,-1.2606448120123597,-1.2999961305054988,0.0749881393687296,-1.3,-1.3,2.0
67.441,-1.2606448120123597,-1.2999961305054988,0.0749881393687296,-1.3,-1.3,2.0
67.45,-1.2606448120123597,-1.2999961305054988,0.0749881393687296,-1.3,-1.3,2.0
67.736,-1.2606448120123597,-1.2999961305054988,0.0749881393687296,-1.3,-1.3,2.0
67.743,-1.2606448120123597,-1.2999961305054988,0.0749881393687296,-1.3,-1.3,2.0
67.756,-1.2606448120123597,-1.2999961305054988,0.0749881393687296,-1.3,-1.3,2.0
67.76,-1.2606448120123597,-1.2999961305054988,0.0749881393687296,-1.3,-1.3,2.0
67.774,-1.2606448120123597,-1.2999961305054988,0.0749881393687296,-1.3,-1.3,2.0
67.78,-1.2606448120123597,-1.2999961305054988,0.0749881393687296,-1.3,-1.3,2.0
67.795,-1.2606448120123597,-1.2999961305054988,0.0749881393687296,-1.3,-1.3,2.0
67.811,-1.2606448120123597,-1.2999961305054988,0.0749881393687296,-1.3,-1.3,2.0
67.822,-1.2606448120123597,-1.2999961305054988,0.0749881393687296,-1.3,-1.3,2.0
67.836,-1.2606448120123597,-1.2999961305054988,0.0749881393687296,-1.3,-1.3,2.0
67.848,-1.2606448120123597,-1.2999961305054988,0.0749881393687296,-1.3,-1.3,2.0
67.857,-1.2606448120123597,-1.2999961305054988,0.0749881393687296,-1.3,-1.3,2.0
68.146,-1.2606448120123597,-1.2999961305054988,0.0749881393687296,-1.3,-1.3,2.0
68.16,-1.2606448120123597,-1.2999961305054988,0.0749881393687296,-1.3,-1.3,2.0
68.16,-1.2606448120123597,-1.2999961305054988,0.0749881393687296,-1.3,-1.3,2.0
68.171,-1.2606448120123597,-1.2999961305054988,0.0749881393687296,-1.3,-1.3,2.0
68.183,-1.2606448120123597,-1.2999961305054988,0.0749881393687296,-1.3,-1.3,2.0
68.192,-1.2606448120123597,-1.2999961305054988,0.0749881393687296,-1.3,-1.3,2.0
68.2,-1.2606448120123597,-1.2999961305054988,0.0749881393687296,-1.3,-1.3,2.0
68.213,-1.2606448120123597,-1.2999961305054988,0.0749881393687296,-1.3,-1.3,2.0
68.221,-1.2606448120123597,-1.2999961305054988,0.0749881393687296,-1.3,-1.3,2.0
68.23,-1.2606448120123597,-1.2999961305054988,0.0749881393687296,-1.3,-1.3,2.0
68.246,-1.2606448120123597,-1.2999961305054988,0.0749881393687296,-1.3,-1.3,2.0
68.258,-1.2606448120123597,-1.2999961305054988,0.0749881393687296,-1.3,-1.3,2.0
68.46,-1.2606448120123597,-1.2999961305054988,0.0749881393687296,-1.3,-1.3,2.0
68.47,-1.2606448120123597,-1.2999961305054988,0.0749881393687296,-1.3,-1.3,2.0
68.795,-1.2606448120123597,-1.2999961305054988,0.0749881393687296,-1.3,-1.3,2.0
68.802,-1.2606448120123597,-1.2999961305054988,0.0749881393687296,-1.3,-1.3,2.0
69.17,-1.2606448120123597,-1.2999961305054988,0.0749881393687296,-1.3,-1.3,2.0
69.18,-1.2606448120123597,-1.2999961305054988,0.0749881393687296,-1.3,-1.3,2.0
69.491,-1.2606448120123597,-1.2999961305054988,0.0749881393687296,-1.3,-1.3,2.0
69.5,-1.2606448120123597,-1.2999961305054988,0.0749881393687296,-1.3,-1.3,2.0
69.817,-1.2606448120123597,-1.2999961305054988,0.0749881393687296,-1.3,-1.3,2.0
69.824,-1.2606448120123597,-1.2999961305054988,0.0749881393687296,-1.3,-1.3,2.0
69.836,-1.2606448120123597,-1.2999961305054988,0.0749881393687296,-1.3,-1.3,2.0
69.848,-1.2606448120123597,-1.2999961305054988,0.0749881393687296,-1.3,-1.3,2.0
69.854,-1.2606448120123597,-1.2999961305054988,0.0749881393687296,-1.3,-1.3,2.0
69.86,-1.2606448120123597,-1.2999961305054988,0.0749881393687296,-1.3,-1.3,2.0
69.874,-1.2606448120123597,-1.2999961305054988,0.0749881393687296,-1.3,-1.3,2.0
69.88,-1.2606448120123597,-1.2999961305054988,0.0749881393687296,-1.3,-1.3,2.0
69.897,-1.2606448120123597,-1.2999961305054988,0.0749881393687296,-1.3,-1.3,2.0
69.925,-1.2606448120123597,-1.2999961305054988,0.0749881393687296,-1.3,-1.3,2.0
69.937,-1.2606448120123597,-1.2999961305054988,0.0749881393687296,-1.3,-1.3,2.0
69.94,-1.2606448120123597,-1.2999961305054988,0.0749881393687296,-1.3,-1.3,2.0
69.955,-1.2606448120123597,-1.2999961305054988,0.0749881393687296,-1.3,-1.3,2.0
69.96,-1.2606448120123597,-1.2999961305054988,0.0749881393687296,-1.3,-1.3,2.0
69.971,-1.2606448120123597,-1.2999961305054988,0.0749881393687296,-1.3,-1.3,2.0
69.985,-1.2606448120123597,-1.2999961305054988,0.0749881393687296,-1.3,-1.3,2.0
69.994,-1.2606448120123597,-1.2999961305054988,0.0749881393687296,-1.3,-1.3,2.0
70.007,-1.2606448120123597,-1.2999961305054988,0.0749881393687296,-1.3,-1.3,2.0
70.012,-1.2606448120123597,-1.2999961305054988,0.0749881393687296,-1.3,-1.3,2.0
70.021,-1.2606448120123597,-1.2999961305054988,0.0749881393687296,-1.3,-1.3,2.0
70.034,-1.2606448120123597,-1.2999961305054988,0.0749881393687296,-1.3,-1.3,2.0
70.042,-1.2606448120123597,-1.2999961305054988,0.0749881393687296,-1.3,-1.3,2.0
70.05,-1.2606448120123597,-1.2999961305054988,0.0749881393687296,-1.3,-1.3,2.0
70.06,-1.2606448120123597,-1.2999961305054988,0.0749881393687296,-1.3,-1.3,2.0
70.081,-1.2606448120123597,-1.2999961305054988,0.0749881393687296,-1.3,-1.3,2.0
70.093,-1.2606448120123597,-1.2999961305054988,0.0749881393687296,-1.3,-1.3,2.0
70.111,-1.2606448120123597,-1.2999961305054988,0.0749881393687296,-1.3,-1.3,2.0
70.128,-1.2606448120123597,-1.2999961305054988,0.0749881393687296,-1.3,-1.3,2.0
70.137,-1.2606448120123597,-1.2999961305054988,0.0749881393687296,-1.3,-1.3,2.0
70.145,-1.2606448120123597,-1.2999961305054988,0.0749881393687296,-1.3,-1.3,2.0
70.152,-1.2606448120123597,-1.2999961305054988,0.0749881393687296,-1.3,-1.3,2.0
70.16,-1.2606448120123597,-1.2999961305054988,0.0749881393687296,-1.3,-1.3,2.0
70.171,-1.2606448120123597,-1.2999961305054988,0.0749881393687296,-1.3,-1.3,2.0
70.188,-1.2606448120123597,-1.2999961305054988,0.0749881393687296,-1.3,-1.3,2.0
70.195,-1.2606448120123597,-1.2999961305054988,0.0749881393687296,-1.3,-1.3,2.0
70.206,-1.2606448120123597,-1.2999961305054988,0.0749881393687296,-1.3,-1.3,2.0
70.212,-1.2606448120123597,-1.2999961305054988,0.0749881393687296,-1.3,-1.3,2.0
70.227,-1.2606448120123597,-1.2999961305054988,0.0749881393687296,-1.3,-1.3,2.0
70.234,-1.2606448120123597,-1.2999961305054988,0.0749881393687296,-1.3,-1.3,2.0
70.24,-1.2606448120123597,-1.2999961305054988,0.0749881393687296,-1.3,-1.3,2.0
70.255,-1.2606448120123597,-1.2999961305054988,0.0749881393687296,-1.3,-1.3,2.0
70.26,-1.2606448120123597,-1.2999961305054988,0.0749881393687296,-1.3,-1.3,2.0
70.271,-1.2606448120123597,-1.2999961305054988,0.0749881393687296,-1.3,-1.3,2.0
70.281,-1.2606448120123597,-1.2999961305054988,0.0749881393687296,-1.3,-1.3,2.0
70.295,-1.2606448120123597,-1.2999961305054988,0.0749881393687296,-1.3,-1.3,2.0
70.303,-1.2606448120123597,-1.2999961305054988,0.0749881393687296,-1.3,-1.3,2.0
70.314,-1.2606448120123597,-1.2999961305054988,0.0749881393687296,-1.3,-1.3,2.0
70.33,-1.2606448120123597,-1.2999961305054988,0.0749881393687296,-1.3,-1.3,2.0
70.33,-1.2606448120123597,-1.2999961305054988,0.0749881393687296,-1.3,-1.3,2.0
70.347,-1.2606448120123597,-1.2999961305054988,0.0749881393687296,-1.3,-1.3,2.0
70.35,-1.2606448120123597,-1.2999961305054988,0.0749881393687296,-1.3,-1.3,2.0
70.36,-1.2606448120123597,-1.2999961305054988,0.0749881393687296,-1.3,-1.3,2.0
70.37,-1.2606448120123597,-1.2999961305054988,0.0749881393687296,-1.3,-1.3,2.0
70.38,-1.2606448120123597,-1.2999961305054988,0.0749881393687296,-1.3,-1.3,2.0
70.393,-1.2606448120123597,-1.2999961305054988,0.0749881393687296,-1.3,-1.3,2.0
70.404,-1.2606448120123597,-1.2999961305054988,0.0749881393687296,-1.3,-1.3,2.0
70.41,-1.2606448120123597,-1.2999961305054988,0.0749881393687296,-1.3,-1.3,2.0
70.42,-1.2606448120123597,-1.2999961305054988,0.0749881393687296,-1.3,-1.3,2.0
70.431,-1.2606448120123597,-1.2999961305054988,0.0749881393687296,-1.3,-1.3,2.0
70.449,-1.2606448120123597,-1.2999961305054988,0.0749881393687296,-1.3,-1.3,2.0
70.453,-1.2606448120123597,-1.2999961305054988,0.0749881393687296,-1.3,-1.3,2.0
70.46,-1.2606448120123597,-1.2999961305054988,0.0749881393687296,-1.3,-1.3,2.0
70.48,-1.2606448120123597,-1.2999961305054988,0.0749881393687296,-1.3,-1.3,2.0
70.48,-1.2606448120123597,-1.2999961305054988,0.0749881393687296,-1.3,-1.3,2.0
70.49,-1.2606448120123597,-1.2999961305054988,0.0749881393687296,-1.3,-1.3,2.0
70.5,-1.2606448120123597,-1.2999961305054988,0.0749881393687296,-1.3,-1.3,2.0
70.512,-1.2606448120123597,-1.2999961305054988,0.0749881393687296,-1.3,-1.3,2.0
70.522,-1.2606448120123597,-1.2999961305054988,0.0749881393687296,-1.3,-1.3,2.0
70.53,-1.2606448120123597,-1.2999961305054988,0.0749881393687296,-1.3,-1.3,2.0
70.545,-1.2606448120123597,-1.2999961305054988,0.0749881393687296,-1.3,-1.3,2.0
70.553,-1.2606448120123597,-1.2999961305054988,0.0749881393687296,-1.3,-1.3,2.0
70.563,-1.2606448120123597,-1.2999961305054988,0.0749881393687296,-1.3,-1.3,2.0
70.572,-1.2606448120123597,-1.2999961305054988,0.0749881393687296,-1.3,-1.3,2.0
70.587,-1.2606448120123597,-1.2999961305054988,0.0749881393687296,-1.3,-1.3,2.0
70.604,-1.2606448120123597,-1.2999961305054988,0.0749881393687296,-1.3,-1.3,2.0
70.61,-1.2606448120123597,-1.2999961305054988,0.0749881393687296,-1.3,-1.3,2.0
70.621,-1.2606448120123597,-1.2999961305054988,0.0749881393687296,-1.3,-1.3,2.0
70.635,-1.2606448120123597,-1.2999961305054988,0.0749881393687296,-1.3,-1.3,2.0
70.64,-1.2606448120123597,-1.2999961305054988,0.0749881393687296,-1.3,-1.3,2.0
70.654,-1.2606448120123597,-1.2999961305054988,0.0749881393687296,-1.3,-1.3,2.0
70.913,-1.2606448120123597,-1.2999961305054988,0.0749881393687296,-1.3,-1.3,2.0
70.944,-1.2606448120123597,-1.2999961305054988,0.0749881393687296,-1.3,-1.3,2.0
70.953,-1.2606448120123597,-1.2999961305054988,0.0749881393687296,-1.3,-1.3,2.0
70.96,-1.2606448120123597,-1.2999961305054988,0.0749881393687296,-1.3,-1.3,2.0
70.972,-1.2606448120123597,-1.2999961305054988,0.0749881393687296,-1.3,-1.3,2.0
70.983,-1.2606448120123597,-1.2999961305054988,0.0749881393687296,-1.3,-1.3,2.0
70.996,-1.2606448120123597,-1.2999961305054988,0.0749881393687296,-1.3,-1.3,2.0
71.007,-1.2606448120123597,-1.2999961305054988,0.0749881393687296,-1.3,-1.3,2.0
71.01,-1.2606448120123597,-1.2999961305054988,0.0749881393687296,-1.3,-1.3,2.0
71.025,-1.2606448120123597,-1.2999961305054988,0.0749881393687296,-1.3,-1.3,2.0
71.047,-1.2606448120123597,-1.2999961305054988,0.0749881393687296,-1.3,-1.3,2.0
71.055,-1.2606448120123597,-1.2999961305054988,0.0749881393687296,-1.3,-1.3,2.0
71.06,-1.2606448120123597,-1.2999961305054988,0.0749881393687296,-1.3,-1.3,2.0
71.07,-1.2606448120123597,-1.2999961305054988,0.0749881393687296,-1.3,-1.3,2.0
71.08,-1.2606448120123597,-1.2999961305054988,0.0749881393687296,-1.3,-1.3,2.0
71.101,-1.2606448120123597,-1.2999961305054988,0.0749881393687296,-1.3,-1.3,2.0
71.11,-1.2606448120123597,-1.2999961305054988,0.0749881393687296,-1.3,-1.3,2.0
71.121,-1.2606448120123597,-1.2999961305054988,0.0749881393687296,-1.3,-1.3,2.0
71.13,-1.2606448120123597,-1.2999961305054988,0.0749881393687296,-1.3,-1.3,2.0
71.146,-1.2606448120123597,-1.2999961305054988,0.0749881393687296,-1.3,-1.3,2.0
71.156,-1.2606448120123597,-1.2999961305054988,0.0749881393687296,-1.3,-1.3,2.0
71.16,-1.2606448120123597,-1.2999961305054988,0.0749881393687296,-1.3,-1.3,2.0
71.17,-1.2606448120123597,-1.2999961305054988,0.0749881393687296,-1.3,-1.3,2.0
71.185,-1.2606448120123597,-1.2999961305054988,0.0749881393687296,-1.3,-1.3,2.0
71.204,-1.2606448120123597,-1.2999961305054988,0.0749881393687296,-1.3,-1.3,2.0
71.21,-1.2606448120123597,-1.2999961305054988,0.0749881393687296,-1.3,-1.3,2.0
71.22,-1.2606448120123597,-1.2999961305054988,0.0749881393687296,-1.3,-1.3,2.0
71.233,-1.2606448120123597,-1.2999961305054988,0.0749881393687296,-1.3,-1.3,2.0
71.246,-1.2606448120123597,-1.2999961305054988,0.0749881393687296,-1.3,-1.3,2.0
71.254,-1.2606448120123597,-1.2999961305054988,0.0749881393687296,-1.3,-1.3,2.0
71.546,-1.2606448120123597,-1.2999961305054988,0.0749881393687296,-1.3,-1.3,2.0
71.559,-1.2606448120123597,-1.2999961305054988,0.0749881393687296,-1.3,-1.3,2.0
71.56,-1.2606448120123597,-1.2999961305054988,0.0749881393687296,-1.3,-1.3,2.0
71.574,-1.2606448120123597,-1.2999961305054988,0.0749881393687296,-1.3,-1.3,2.0
71.588,-1.2606448120123597,-1.2999961305054988,0.0749881393687296,-1.3,-1.3,2.0
71.591,-1.2606448120123597,-1.2999961305054988,0.0749881393687296,-1.3,-1.3,2.0
71.6,-1.2606448120123597,-1.2999961305054988,0.0749881393687296,-1.3,-1.3,2.0
71.611,-1.2606448120123597,-1.2999961305054988,0.0749881393687296,-1.3,-1.3,2.0
71.62,-1.2606448120123597,-1.2999961305054988,0.0749881393687296,-1.3,-1.3,2.0
71.63,-1.2606448120123597,-1.2999961305054988,0.0749881393687296,-1.3,-1.3,2.0
71.651,-1.2606448120123597,-1.2999961305054988,0.0749881393687296,-1.3,-1.3,2.0
71.66,-1.2606448120123597,-1.2999961305054988,0.0749881393687296,-1.3,-1.3,2.0
71.67,-1.2606448120123597,-1.2999961305054988,0.0749881393687296,-1.3,-1.3,2.0
71.68,-1.2606448120123597,-1.2999961305054988,0.0749881393687296,-1.3,-1.3,2.0
71.69,-1.2606448120123597,-1.2999961305054988,0.0749881393687296,-1.3,-1.3,2.0
71.701,-1.2606448120123597,-1.2999961305054988,0.0749881393687296,-1.3,-1.3,2.0
71.713,-1.2606448120123597,-1.2999961305054988,0.0749881393687296,-1.3,-1.3,2.0
71.721,-1.2606448120123597,-1.2999961305054988,0.0749881393687296,-1.3,-1.3,2.0
71.73,-1.2606448120123597,-1.2999961305054988,0.0749881393687296,-1.3,-1.3,2.0
71.746,-1.2606448120123597,-1.2999961305054988,0.0749881393687296,-1.3,-1.3,2.0
71.982,-1.2606448120123597,-1.2999961305054988,0.0749881393687296,-1.3,-1.3,2.0
71.99,-1.2606448120123597,-1.2999961305054988,0.0749881393687296,-1.3,-1.3,2.0
72.0,-1.2606448120123597,-1.2999961305054988,0.0749881393687296,-1.3,-1.3,2.0
72.01,-1.2606448120123597,-1.2999961305054988,0.0749881393687296,-1.3,-1.3,2.0
72.02,-1.2606448120123597,-1.2999961305054988,0.0749881393687296,-1.3,-1.3,2.0
72.033,-1.2606448120123597,-1.2999961305054988,0.0749881393687296,-1.3,-1.3,2.0
72.04,-1.2606448120123597,-1.2999961305054988,0.0749881393687296,-1.3,-1.3,2.0
72.051,-1.2606448120123597,-1.2999961305054988,0.0749881393687296,-1.3,-1.3,2.0
72.06,-1.2606448120123597,-1.2999961305054988,0.0749881393687296,-1.3,-1.3,2.0
72.072,-1.2606448120123597,-1.2999961305054988,0.0749881393687296,-1.3,-1.3,2.0
72.08,-1.2606448120123597,-1.2999961305054988,0.0749881393687296,-1.3,-1.3,2.0
72.097,-1.2606448120123597,-1.2999961305054988,0.0749881393687296,-1.3,-1.3,2.0
72.104,-1.2606448120123597,-1.2999961305054988,0.0749881393687296,-1.3,-1.3,2.0
72.113,-1.2606448120123597,-1.2999961305054988,0.0749881393687296,-1.3,-1.3,2.0
72.122,-1.2606448120123597,-1.2999961305054988,0.0749881393687296,-1.3,-1.3,2.0
72.13,-1.2606448120123597,-1.2999961305054988,0.0749881393687296,-1.3,-1.3,2.0
72.142,-1.2606448120123597,-1.2999961305054988,0.0749881393687296,-1.3,-1.3,2.0
72.153,-1.2606448120123597,-1.2999961305054988,0.0749881393687296,-1.3,-1.3,2.0
72.16,-1.2606448120123597,-1.2999961305054988,0.0749881393687296,-1.3,-1.3,2.0
72.176,-1.2606448120123597,-1.2999961305054988,0.0749881393687296,-1.3,-1.3,2.0
72.18,-1.2606448120123597,-1.2999961305054988,0.0749881393687296,-1.3,-1.3,2.0
72.19,-1.2606448120123597,-1.2999961305054988,0.0749881393687296,-1.3,-1.3,2.0
72.208,-1.2606448120123597,-1.2999961305054988,0.0749881393687296,-1.3,-1.3,2.0
72.21,-1.2606448120123597,-1.2999961305054988,0.0749881393687296,-1.3,-1.3,2.0
72.226,-1.2606448120123597,-1.2999961305054988,0.0749881393687296,-1.3,-1.3,2.0
72.234,-1.2606448120123597,-1.2999961305054988,0.0749881393687296,-1.3,-1.3,2.0
72.244,-1.2606448120123597,-1.2999961305054988,0.0749881393687296,-1.3,-1.3,2.0
72.252,-1.2606448120123597,-1.2999961305054988,0.0749881393687296,-1.3,-1.3,2.0
72.846,-1.2606448120123597,-1.2999961305054988,0.0749881393687296,-1.3,-1.3,2.0
72.851,-1.2606448120123597,-1.2999961305054988,0.0749881393687296,-1.3,-1.3,2.0
73.231,-1.2606448120123597,-1.2999961305054988,0.0749881393687296,-1.3,-1.3,2.0
73.24,-1.2606448120123597,-1.2999961305054988,0.0749881393687296,-1.3,-1.3,2.0
73.65,-1.2606448120123597,-1.2999961305054988,0.0749881393687296,-1.3,-1.3,2.0
73.65,-1.2606448120123597,-1.2999961305054988,0.0749881393687296,-1.3,-1.3,2.0
74.016,-1.2606448120123597,-1.2999961305054988,0.0749881393687296,-1.3,-1.3,2.0
74.022,-1.2606448120123597,-1.2999961305054988,0.0749881393687296,-1.3,-1.3,2.0
74.415,-1.2606448120123597,-1.2999961305054988,0.0749881393687296,-1.3,-1.3,2.0
74.423,-1.2606448120123597,-1.2999961305054988,0.0749881393687296,-1.3,-1.3,2.0
74.43,-1.2606448120123597,-1.2999961305054988,0.0749881393687296,-1.3,-1.3,2.0
74.442,-1.2606448120123597,-1.2999961305054988,0.0749881393687296,-1.3,-1.3,2.0
74.455,-1.2606448120123597,-1.2999961305054988,0.0749881393687296,-1.3,-1.3,2.0
74.462,-1.2606448120123597,-1.2999961305054988,0.0749881393687296,-1.3,-1.3,2.0
74.479,-1.2606448120123597,-1.2999961305054988,0.0749881393687296,-1.3,-1.3,2.0
74.48,-1.2606448120123597,-1.2999961305054988,0.0749881393687296,-1.3,-1.3,2.0
74.513,-1.2606448120123597,-1.2999961305054988,0.0749881393687296,-1.3,-1.3,2.0
74.52,-1.2606448120123597,-1.2999961305054988,0.0749881393687296,-1.3,-1.3,2.0
74.536,-1.2606448120123597,-1.2999961305054988,0.0749881393687296,-1.3,-1.3,2.0
74.553,-1.2606448120123597,-1.2999961305054988,0.0749881393687296,-1.3,-1.3,2.0
75.114,-1.2606448120123597,-1.2999961305054988,0.0749881393687296,-1.3,-1.3,2.0
75.123,-1.2606448120123597,-1.2999961305054988,0.0749881393687296,-1.3,-1.3,2.0
75.436,-1.2606448120123597,-1.2999961305054988,0.0749881393687296,-1.3,-1.3,2.0
75.44,-1.2606448120123597,-1.2999961305054988,0.0749881393687296,-1.3,-1.3,2.0
75.76,-1.2606448120123597,-1.2999961305054988,0.0749881393687296,-1.3,-1.3,2.0
75.784,-1.2606448120123597,-1.2999961305054988,0.0749881393687296,-1.3,-1.3,2.0
75.796,-1.2606448120123597,-1.2999961305054988,0.0749881393687296,-1.3,-1.3,2.0
75.802,-1.2606448120123597,-1.2999961305054988,0.0749881393687296,-1.3,-1.3,2.0
75.811,-1.2606448120123597,-1.2999961305054988,0.0749881393687296,-1.3,-1.3,2.0
75.826,-1.2606448120123597,-1.2999961305054988,0.0749881393687296,-1.3,-1.3,2.0
75.833,-1.2606448120123597,-1.2999961305054988,0.0749881393687296,-1.3,-1.3,2.0
75.842,-1.2606448120123597,-1.2999961305054988,0.0749881393687296,-1.3,-1.3,2.0
75.859,-1.2606448120123597,-1.2999961305054988,0.0749881393687296,-1.3,-1.3,2.0
75.86,-1.2606448120123597,-1.2999961305054988,0.0749881393687296,-1.3,-1.3,2.0
75.873,-1.2606448120123597,-1.2999961305054988,0.0749881393687296,-1.3,-1.3,2.0
75.88,-1.2606448120123597,-1.2999961305054988,0.0749881393687296,-1.3,-1.3,2.0
75.894,-1.2606448120123597,-1.2999961305054988,0.0749881393687296,-1.3,-1.3,2.0
75.905,-1.2606448120123597,-1.2999961305054988,0.0749881393687296,-1.3,-1.3,2.0
75.915,-1.2606448120123597,-1.2999961305054988,0.0749881393687296,-1.3,-1.3,2.0
75.921,-1.2606448120123597,-1.2999961305054988,0.0749881393687296,-1.3,-1.3,2.0
75.93,-1.2606448120123597,-1.2999961305054988,0.0749881393687296,-1.3,-1.3,2.0
75.946,-1.2606448120123597,-1.2999961305054988,0.0749881393687296,-1.3,-1.3,2.0
75.96,-1.2606448120123597,-1.2999961305054988,0.0749881393687296,-1.3,-1.3,2.0
75.96,-1.2606448120123597,-1.2999961305054988,0.0749881393687296,-1.3,-1.3,2.0
75.971,-1.2606448120123597,-1.2999961305054988,0.0749881393687296,-1.3,-1.3,2.0
75.983,-1.2606448120123597,-1.2999961305054988,0.0749881393687296,-1.3,-1.3,2.0
75.993,-1.2606448120123597,-1.2999961305054988,0.0749881393687296,-1.3,-1.3,2.0
76.002,-1.2606448120123597,-1.2999961305054988,0.0749881393687296,-1.3,-1.3,2.0
76.023,-1.2606448120123597,-1.2999961305054988,0.0749881393687296,-1.3,-1.3,2.0
76.036,-1.2606448120123597,-1.2999961305054988,0.0749881393687296,-1.3,-1.3,2.0
76.04,-1.2606448120123597,-1.2999961305054988,0.0749881393687296,-1.3,-1.3,2.0
76.05,-1.2606448120123597,-1.2999961305054988,0.0749881393687296,-1.3,-1.3,2.0
76.311,-1.2606448120123597,-1.2999961305054988,0.0749881393687296,-1.3,-1.3,2.0
76.321,-1.2606448120123597,-1.2999961305054988,0.0749881393687296,-1.3,-1.3,2.0
76.334,-1.2606448120123597,-1.2999961305054988,0.0749881393687296,-1.3,-1.3,2.0
76.353,-1.2606448120123597,-1.2999961305054988,0.0749881393687296,-1.3,-1.3,2.0
76.364,-1.2606448120123597,-1.2999961305054988,0.0749881393687296,-1.3,-1.3,2.0
76.371,-1.2606448120123597,-1.2999961305054988,0.0749881393687296,-1.3,-1.3,2.0
76.383,-1.2606448120123597,-1.2999961305054988,0.0749881393687296,-1.3,-1.3,2.0
76.403,-1.2606448120123597,-1.2999961305054988,0.0749881393687296,-1.3,-1.3,2.0
76.41,-1.2606448120123597,-1.2999961305054988,0.0749881393687296,-1.3,-1.3,2.0
76.423,-1.2606448120123597,-1.2999961305054988,0.0749881393687296,-1.3,-1.3,2.0
76.446,-1.2606448120123597,-1.2999961305054988,0.0749881393687296,-1.3,-1.3,2.0
76.45,-1.2606448120123597,-1.2999961305054988,0.0749881393687296,-1.3,-1.3,2.0
76.691,-1.2606448120123597,-1.2999961305054988,0.0749881393687296,-1.3,-1.3,2.0
76.7,-1.2606448120123597,-1.2999961305054988,0.0749881393687296,-1.3,-1.3,2.0
76.718,-1.2606448120123597,-1.2999961305054988,0.0749881393687296,-1.3,-1.3,2.0
76.724,-1.2606448120123597,-1.2999961305054988,0.0749881393687296,-1.3,-1.3,2.0
76.733,-1.2606448120123597,-1.2999961305054988,0.0749881393687296,-1.3,-1.3,2.0
76.74,-1.2606448120123597,-1.2999961305054988,0.0749881393687296,-1.3,-1.3,2.0
76.754,-1.2606448120123597,-1.2999961305054988,0.0749881393687296,-1.3,-1.3,2.0
76.76,-1.2606448120123597,-1.2999961305054988,0.0749881393687296,-1.3,-1.3,2.0
76.774,-1.2606448120123597,-1.2999961305054988,0.0749881393687296,-1.3,-1.3,2.0
76.785,-1.2606448120123597,-1.2999961305054988,0.0749881393687296,-1.3,-1.3,2.0
76.797,-1.2606448120123597,-1.2999961305054988,0.0749881393687296,-1.3,-1.3,2.0
76.805,-1.2606448120123597,-1.2999961305054988,0.0749881393687296,-1.3,-1.3,2.0
76.81,-1.2606448120123597,-1.2999961305054988,0.0749881393687296,-1.3,-1.3,2.0
76.823,-1.2606448120123597,-1.2999961305054988,0.0749881393687296,-1.3,-1.3,2.0
76.83,-1.2606448120123597,-1.2999961305054988,0.0749881393687296,-1.3,-1.3,2.0
76.85,-1.2606448120123597,-1.2999961305054988,0.0749881393687296,-1.3,-1.3,2.0
76.85,-1.2606448120123597,-1.2999961305054988,0.0749881393687296,-1.3,-1.3,2.0
76.86,-1.2606448120123597,-1.2999961305054988,0.0749881393687296,-1.3,-1.3,2.0
76.87,-1.2606448120123597,-1.2999961305054988,0.0749881393687296,-1.3,-1.3,2.0
76.88,-1.2606448120123597,-1.2999961305054988,0.0749881393687296,-1.3,-1.3,2.0
76.89,-1.2606448120123597,-1.2999961305054988,0.0749881393687296,-1.3,-1.3,2.0
76.904,-1.2606448120123597,-1.2999961305054988,0.0749881393687296,-1.3,-1.3,2.0
76.91,-1.2606448120123597,-1.2999961305054988,0.0749881393687296,-1.3,-1.3,2.0
76.92,-1.2606448120123597,-1.2999961305054988,0.0749881393687296,-1.3,-1.3,2.0
76.951,-1.2606448120123597,-1.2999961305054988,0.0749881393687296,-1.3,-1.3,2.0
76.96,-1.2606448120123597,-1.2999961305054988,0.0749881393687296,-1.3,-1.3,2.0
76.97,-1.2606448120123597,-1.2999961305054988,0.0749881393687296,-1.3,-1.3,2.0
76.99,-1.2606448120123597,-1.2999961305054988,0.0749881393687296,-1.3,-1.3,2.0
76.99,-1.2606448120123597,-1.2999961305054988,0.0749881393687296,-1.3,-1.3,2.0
77.004,-1.2606448120123597,-1.2999961305054988,0.0749881393687296,-1.3,-1.3,2.0
77.01,-1.2606448120123597,-1.2999961305054988,0.0749881393687296,-1.3,-1.3,2.0
77.024,-1.2606448120123597,-1.2999961305054988,0.0749881393687296,-1.3,-1.3,2.0
77.045,-1.2606448120123597,-1.2999961305054988,0.0749881393687296,-1.3,-1.3,2.0
77.05,-1.2606448120123597,-1.2999961305054988,0.0749881393687296,-1.3,-1.3,2.0
77.313,-1.2606448120123597,-1.2999961305054988,0.0749881393687296,-1.3,-1.3,2.0
77.332,-1.2606448120123597,-1.2999961305054988,0.0749881393687296,-1.3,-1.3,2.0
77.34,-1.2606448120123597,-1.2999961305054988,0.0749881393687296,-1.3,-1.3,2.0
77.351,-1.2606448120123597,-1.2999961305054988,0.0749881393687296,-1.3,-1.3,2.0
77.36,-1.2606448120123597,-1.2999961305054988,0.0749881393687296,-1.3,-1.3,2.0
77.37,-1.2606448120123597,-1.2999961305054988,0.0749881393687296,-1.3,-1.3,2.0
77.38,-1.2606448120123597,-1.2999961305054988,0.0749881393687296,-1.3,-1.3,2.0
77.39,-1.2606448120123597,-1.2999961305054988,0.0749881393687296,-1.3,-1.3,2.0
77.4,-1.2606448120123597,-1.2999961305054988,0.0749881393687296,-1.3,-1.3,2.0
77.414,-1.2606448120123597,-1.2999961305054988,0.0749881393687296,-1.3,-1.3,2.0
77.421,-1.2606448120123597,-1.2999961305054988,0.0749881393687296,-1.3,-1.3,2.0
77.452,-1.2606448120123597,-1.2999961305054988,0.0749881393687296,-1.3,-1.3,2.0
77.73,-1.2606448120123597,-1.2999961305054988,0.0749881393687296,-1.3,-1.3,2.0
77.74,-1.2606448120123597,-1.2999961305054988,0.0749881393687296,-1.3,-1.3,2.0
77.753,-1.2606448120123597,-1.2999961305054988,0.0749881393687296,-1.3,-1.3,2.0
77.777,-1.2606448120123597,-1.2999961305054988,0.0749881393687296,-1.3,-1.3,2.0
77.784,-1.2606448120123597,-1.2999961305054988,0.0749881393687296,-1.3,-1.3,2.0
77.796,-1.2606448120123597,-1.2999961305054988,0.0749881393687296,-1.3,-1.3,2.0
77.811,-1.2606448120123597,-1.2999961305054988,0.0749881393687296,-1.3,-1.3,2.0
77.82,-1.2606448120123597,-1.2999961305054988,0.0749881393687296,-1.3,-1.3,2.0
77.83,-1.2606448120123597,-1.2999961305054988,0.0749881393687296,-1.3,-1.3,2.0
77.84,-1.2606448120123597,-1.2999961305054988,0.0749881393687296,-1.3,-1.3,2.0
77.851,-1.2606448120123597,-1.2999961305054988,0.0749881393687296,-1.3,-1.3,2.0
77.866,-1.2606448120123597,-1.2999961305054988,0.0749881393687296,-1.3,-1.3,2.0
77.872,-1.2606448120123597,-1.2999961305054988,0.0749881393687296,-1.3,-1.3,2.0
77.892,-1.2606448120123597,-1.2999961305054988,0.0749881393687296,-1.3,-1.3,2.0
77.903,-1.2606448120123597,-1.2999961305054988,0.0749881393687296,-1.3,-1.3,2.0
77.911,-1.2606448120123597,-1.2999961305054988,0.0749881393687296,-1.3,-1.3,2.0
77.921,-1.2606448120123597,-1.2999961305054988,0.0749881393687296,-1.3,-1.3,2.0
77.943,-1.2606448120123597,-1.2999961305054988,0.0749881393687296,-1.3,-1.3,2.0
77.958,-1.2606448120123597,-1.2999961305054988,0.0749881393687296,-1.3,-1.3,2.0
77.96,-1.2606448120123597,-1.2999961305054988,0.0749881393687296,-1.3,-1.3,2.0
77.973,-1.2606448120123597,-1.2999961305054988,0.0749881393687296,-1.3,-1.3,2.0
77.985,-1.2606448120123597,-1.2999961305054988,0.0749881393687296,-1.3,-1.3,2.0
77.994,-1.2606448120123597,-1.2999961305054988,0.0749881393687296,-1.3,-1.3,2.0
78.0,-1.2606448120123597,-1.2999961305054988,0.0749881393687296,-1.3,-1.3,2.0
78.017,-1.2606448120123597,-1.2999961305054988,0.0749881393687296,-1.3,-1.3,2.0
78.023,-1.2606448120123597,-1.2999961305054988,0.0749881393687296,-1.3,-1.3,2.0
78.03,-1.2606448120123597,-1.2999961305054988,0.0749881393687296,-1.3,-1.3,2.0
78.046,-1.2606448120123597,-1.2999961305054988,0.0749881393687296,-1.3,-1.3,2.0
78.294,-1.2606448120123597,-1.2999961305054988,0.0749881393687296,-1.3,-1.3,2.0
78.305,-1.2606448120123597,-1.2999961305054988,0.0749881393687296,-1.3,-1.3,2.0
78.313,-1.2606448120123597,-1.2999961305054988,0.0749881393687296,-1.3,-1.3,2.0
78.32,-1.2606448120123597,-1.2999961305054988,0.0749881393687296,-1.3,-1.3,2.0
78.337,-1.2606448120123597,-1.2999961305054988,0.0749881393687296,-1.3,-1.3,2.0
78.34,-1.2606448120123597,-1.2999961305054988,0.0749881393687296,-1.3,-1.3,2.0
78.352,-1.2606448120123597,-1.2999961305054988,0.0749881393687296,-1.3,-1.3,2.0
78.36,-1.2606448120123597,-1.2999961305054988,0.0749881393687296,-1.3,-1.3,2.0
78.376,-1.2606448120123597,-1.2999961305054988,0.0749881393687296,-1.3,-1.3,2.0
78.381,-1.2606448120123597,-1.2999961305054988,0.0749881393687296,-1.3,-1.3,2.0
78.393,-1.2606448120123597,-1.2999961305054988,0.0749881393687296,-1.3,-1.3,2.0
78.409,-1.2606448120123597,-1.2999961305054988,0.0749881393687296,-1.3,-1.3,2.0
78.41,-1.2606448120123597,-1.2999961305054988,0.0749881393687296,-1.3,-1.3,2.0
78.44,-1.2606448120123597,-1.2999961305054988,0.0749881393687296,-1.3,-1.3,2.0
78.44,-1.2606448120123597,-1.2999961305054988,0.0749881393687296,-1.3,-1.3,2.0
78.45,-1.2606448120123597,-1.2999961305054988,0.0749881393687296,-1.3,-1.3,2.0
78.46,-1.2606448120123597,-1.2999961305054988,0.0749881393687296,-1.3,-1.3,2.0
78.47,-1.2606448120123597,-1.2999961305054988,0.0749881393687296,-1.3,-1.3,2.0
78.488,-1.2606448120123597,-1.2999961305054988,0.0749881393687296,-1.3,-1.3,2.0
78.491,-1.2606448120123597,-1.2999961305054988,0.0749881393687296,-1.3,-1.3,2.0
78.501,-1.2606448120123597,-1.2999961305054988,0.0749881393687296,-1.3,-1.3,2.0
78.512,-1.2606448120123597,-1.2999961305054988,0.0749881393687296,-1.3,-1.3,2.0
78.525,-1.2606448120123597,-1.2999961305054988,0.0749881393687296,-1.3,-1.3,2.0
78.53,-1.2606448120123597,-1.2999961305054988,0.0749881393687296,-1.3,-1.3,2.0
78.54,-1.2606448120123597,-1.2999961305054988,0.0749881393687296,-1.3,-1.3,2.0
78.56,-1.2606448120123597,-1.2999961305054988,0.0749881393687296,-1.3,-1.3,2.0
78.843,-1.2606448120123597,-1.2999961305054988,0.0749881393687296,-1.3,-1.3,2.0
78.86,-1.2606448120123597,-1.2999961305054988,0.0749881393687296,-1.3,-1.3,2.0
79.16,-1.2606448120123597,-1.2999961305054988,0.0749881393687296,-1.3,-1.3,2.0
79.175,-1.2606448120123597,-1.2999961305054988,0.0749881393687296,-1.3,-1.3,2.0
79.46,-1.2606448120123597,-1.2999961305054988,0.0749881393687296,-1.3,-1.3,2.0
79.473,-1.2606448120123597,-1.2999961305054988,0.0749881393687296,-1.3,-1.3,2.0
79.48,-1.2606448120123597,-1.2999961305054988,0.0749881393687296,-1.3,-1.3,2.0
79.499,-1.2606448120123597,-1.2999961305054988,0.0749881393687296,-1.3,-1.3,2.0
79.5,-1.2606448120123597,-1.2999961305054988,0.0749881393687296,-1.3,-1.3,2.0
79.513,-1.2606448120123597,-1.2999961305054988,0.0749881393687296,-1.3,-1.3,2.0
79.521,-1.2606448120123597,-1.2999961305054988,0.0749881393687296,-1.3,-1.3,2.0
79.537,-1.2606448120123597,-1.2999961305054988,0.0749881393687296,-1.3,-1.3,2.0
79.551,-1.2606448120123597,-1.2999961305054988,0.0749881393687296,-1.3,-1.3,2.0
79.56,-1.2606448120123597,-1.2999961305054988,0.0749881393687296,-1.3,-1.3,2.0
79.572,-1.2606448120123597,-1.2999961305054988,0.0749881393687296,-1.3,-1.3,2.0
79.58,-1.2606448120123597,-1.2999961305054988,0.0749881393687296,-1.3,-1.3,2.0
79.591,-1.2606448120123597,-1.2999961305054988,0.0749881393687296,-1.3,-1.3,2.0
79.601,-1.2606448120123597,-1.2999961305054988,0.0749881393687296,-1.3,-1.3,2.0
79.611,-1.2606448120123597,-1.2999961305054988,0.0749881393687296,-1.3,-1.3,2.0
79.62,-1.2606448120123597,-1.2999961305054988,0.0749881393687296,-1.3,-1.3,2.0
79.633,-1.2606448120123597,-1.2999961305054988,0.0749881393687296,-1.3,-1.3,2.0
79.644,-1.2606448120123597,-1.2999961305054988,0.0749881393687296,-1.3,-1.3,2.0
79.655,-1.2606448120123597,-1.2999961305054988,0.0749881393687296,-1.3,-1.3,2.0
79.66,-1.2606448120123597,-1.2999961305054988,0.0749881393687296,-1.3,-1.3,2.0
79.692,-1.2606448120123597,-1.2999961305054988,0.0749881393687296,-1.3,-1.3,2.0
79.7,-1.2606448120123597,-1.2999961305054988,0.0749881393687296,-1.3,-1.3,2.0
79.725,-1.2606448120123597,-1.2999961305054988,0.0749881393687296,-1.3,-1.3,2.0
79.732,-1.2606448120123597,-1.2999961305054988,0.0749881393687296,-1.3,-1.3,2.0
79.74,-1.2606448120123597,-1.2999961305054988,0.0749881393687296,-1.3,-1.3,2.0
79.755,-1.2606448120123597,-1.2999961305054988,0.0749881393687296,-1.3,-1.3,2.0
80.139,-1.2606448120123597,-1.2999961305054988,0.0749881393687296,-1.3,-1.3,2.0
80.14,-1.2606448120123597,-1.2999961305054988,0.0749881393687296,-1.3,-1.3,2.0
80.152,-1.2606448120123597,-1.2999961305054988,0.0749881393687296,-1.3,-1.3,2.0
80.166,-1.2606448120123597,-1.2999961305054988,0.0749881393687296,-1.3,-1.3,2.0
80.17,-1.2606448120123597,-1.2999961305054988,0.0749881393687296,-1.3,-1.3,2.0
80.18,-1.2606448120123597,-1.2999961305054988,0.0749881393687296,-1.3,-1.3,2.0
80.191,-1.2606448120123597,-1.2999961305054988,0.0749881393687296,-1.3,-1.3,2.0
80.207,-1.2606448120123597,-1.2999961305054988,0.0749881393687296,-1.3,-1.3,2.0
80.219,-1.2606448120123597,-1.2999961305054988,0.0749881393687296,-1.3,-1.3,2.0
80.22,-1.2606448120123597,-1.2999961305054988,0.0749881393687296,-1.3,-1.3,2.0
80.235,-1.2606448120123597,-1.2999961305054988,0.0749881393687296,-1.3,-1.3,2.0
80.24,-1.2606448120123597,-1.2999961305054988,0.0749881393687296,-1.3,-1.3,2.0
80.543,-1.2606448120123597,-1.2999961305054988,0.0749881393687296,-1.3,-1.3,2.0
80.55,-1.2606448120123597,-1.2999961305054988,0.0749881393687296,-1.3,-1.3,2.0
80.56,-1.2606448120123597,-1.2999961305054988,0.0749881393687296,-1.3,-1.3,2.0
80.575,-1.2606448120123597,-1.2999961305054988,0.0749881393687296,-1.3,-1.3,2.0
80.59,-1.2606448120123597,-1.2999961305054988,0.0749881393687296,-1.3,-1.3,2.0
80.59,-1.2606448120123597,-1.2999961305054988,0.0749881393687296,-1.3,-1.3,2.0
80.601,-1.2606448120123597,-1.2999961305054988,0.0749881393687296,-1.3,-1.3,2.0
80.612,-1.2606448120123597,-1.2999961305054988,0.0749881393687296,-1.3,-1.3,2.0
80.621,-1.2606448120123597,-1.2999961305054988,0.0749881393687296,-1.3,-1.3,2.0
80.631,-1.2606448120123597,-1.2999961305054988,0.0749881393687296,-1.3,-1.3,2.0
80.645,-1.2606448120123597,-1.2999961305054988,0.0749881393687296,-1.3,-1.3,2.0
80.652,-1.2606448120123597,-1.2999961305054988,0.0749881393687296,-1.3,-1.3,2.0
80.975,-1.2606448120123597,-1.2999961305054988,0.0749881393687296,-1.3,-1.3,2.0
80.988,-1.2606448120123597,-1.2999961305054988,0.0749881393687296,-1.3,-1.3,2.0
80.99,-1.2606448120123597,-1.2999961305054988,0.0749881393687296,-1.3,-1.3,2.0
81.001,-1.2606448120123597,-1.2999961305054988,0.0749881393687296,-1.3,-1.3,2.0
81.02,-1.2606448120123597,-1.2999961305054988,0.0749881393687296,-1.3,-1.3,2.0
81.02,-1.2606448120123597,-1.2999961305054988,0.0749881393687296,-1.3,-1.3,2.0
81.034,-1.2606448120123597,-1.2999961305054988,0.0749881393687296,-1.3,-1.3,2.0
81.04,-1.2606448120123597,-1.2999961305054988,0.0749881393687296,-1.3,-1.3,2.0
81.055,-1.2606448120123597,-1.2999961305054988,0.0749881393687296,-1.3,-1.3,2.0
81.06,-1.2606448120123597,-1.2999961305054988,0.0749881393687296,-1.3,-1.3,2.0
81.073,-1.2606448120123597,-1.2999961305054988,0.0749881393687296,-1.3,-1.3,2.0
81.088,-1.2606448120123597,-1.2999961305054988,0.0749881393687296,-1.3,-1.3,2.0
81.096,-1.2606448120123597,-1.2999961305054988,0.0749881393687296,-1.3,-1.3,2.0
81.108,-1.2606448120123597,-1.2999961305054988,0.0749881393687296,-1.3,-1.3,2.0
81.11,-1.2606448120123597,-1.2999961305054988,0.0749881393687296,-1.3,-1.3,2.0
81.129,-1.2606448120123597,-1.2999961305054988,0.0749881393687296,-1.3,-1.3,2.0
81.133,-1.2606448120123597,-1.2999961305054988,0.0749881393687296,-1.3,-1.3,2.0
81.14,-1.2606448120123597,-1.2999961305054988,0.0749881393687296,-1.3,-1.3,2.0
81.15,-1.2606448120123597,-1.2999961305054988,0.0749881393687296,-1.3,-1.3,2.0
81.16,-1.2606448120123597,-1.2999961305054988,0.0749881393687296,-1.3,-1.3,2.0
81.17,-1.2606448120123597,-1.2999961305054988,0.0749881393687296,-1.3,-1.3,2.0
81.182,-1.2606448120123597,-1.2999961305054988,0.0749881393687296,-1.3,-1.3,2.0
81.194,-1.2606448120123597,-1.2999961305054988,0.0749881393687296,-1.3,-1.3,2.0
81.201,-1.2606448120123597,-1.2999961305054988,0.0749881393687296,-1.3,-1.3,2.0
81.212,-1.2606448120123597,-1.2999961305054988,0.0749881393687296,-1.3,-1.3,2.0
81.226,-1.2606448120123597,-1.2999961305054988,0.0749881393687296,-1.3,-1.3,2.0
81.238,-1.2606448120123597,-1.2999961305054988,0.0749881393687296,-1.3,-1.3,2.0
81.241,-1.2606448120123597,-1.2999961305054988,0.0749881393687296,-1.3,-1.3,2.0
81.25,-1.2606448120123597,-1.2999961305054988,0.0749881393687296,-1.3,-1.3,2.0
81.261,-1.2606448120123597,-1.2999961305054988,0.0749881393687296,-1.3,-1.3,2.0
81.273,-1.2606448120123597,-1.2999961305054988,0.0749881393687296,-1.3,-1.3,2.0
81.281,-1.2606448120123597,-1.2999961305054988,0.0749881393687296,-1.3,-1.3,2.0
81.293,-1.2606448120123597,-1.2999961305054988,0.0749881393687296,-1.3,-1.3,2.0
81.3,-1.2606448120123597,-1.2999961305054988,0.0749881393687296,-1.3,-1.3,2.0
81.311,-1.2606448120123597,-1.2999961305054988,0.0749881393687296,-1.3,-1.3,2.0
81.322,-1.2606448120123597,-1.2999961305054988,0.0749881393687296,-1.3,-1.3,2.0
81.333,-1.2606448120123597,-1.2999961305054988,0.0749881393687296,-1.3,-1.3,2.0
81.342,-1.2606448120123597,-1.2999961305054988,0.0749881393687296,-1.3,-1.3,2.0
81.356,-1.2606448120123597,-1.2999961305054988,0.0749881393687296,-1.3,-1.3,2.0
81.36,-1.2606448120123597,-1.2999961305054988,0.0749881393687296,-1.3,-1.3,2.0
81.37,-1.2606448120123597,-1.2999961305054988,0.0749881393687296,-1.3,-1.3,2.0
81.381,-1.2606448120123597,-1.2999961305054988,0.0749881393687296,-1.3,-1.3,2.0
81.405,-1.2606448120123597,-1.2999961305054988,0.0749881393687296,-1.3,-1.3,2.0
81.41,-1.2606448120123597,-1.2999961305054988,0.0749881393687296,-1.3,-1.3,2.0
81.426,-1.2606448120123597,-1.2999961305054988,0.0749881393687296,-1.3,-1.3,2.0
81.435,-1.2606448120123597,-1.2999961305054988,0.0749881393687296,-1.3,-1.3,2.0
81.44,-1.2606448120123597,-1.2999961305054988,0.0749881393687296,-1.3,-1.3,2.0
81.453,-1.2606448120123597,-1.2999961305054988,0.0749881393687296,-1.3,-1.3,2.0
81.7,-1.2606448120123597,-1.2999961305054988,0.0749881393687296,-1.3,-1.3,2.0
81.712,-1.2606448120123597,-1.2999961305054988,0.0749881393687296,-1.3,-1.3,2.0
81.729,-1.2606448120123597,-1.2999961305054988,0.0749881393687296,-1.3,-1.3,2.0
81.732,-1.2606448120123597,-1.2999961305054988,0.0749881393687296,-1.3,-1.3,2.0
81.752,-1.2606448120123597,-1.2999961305054988,0.0749881393687296,-1.3,-1.3,2.0
81.76,-1.2606448120123597,-1.2999961305054988,0.0749881393687296,-1.3,-1.3,2.0
81.772,-1.2606448120123597,-1.2999961305054988,0.0749881393687296,-1.3,-1.3,2.0
81.78,-1.2606448120123597,-1.2999961305054988,0.0749881393687296,-1.3,-1.3,2.0
81.79,-1.2606448120123597,-1.2999961305054988,0.0749881393687296,-1.3,-1.3,2.0
81.8,-1.2606448120123597,-1.2999961305054988,0.0749881393687296,-1.3,-1.3,2.0
81.81,-1.2606448120123597,-1.2999961305054988,0.0749881393687296,-1.3,-1.3,2.0
81.825,-1.2606448120123597,-1.2999961305054988,0.0749881393687296,-1.3,-1.3,2.0
81.83,-1.2606448120123597,-1.2999961305054988,0.0749881393687296,-1.3,-1.3,2.0
81.841,-1.2606448120123597,-1.2999961305054988,0.0749881393687296,-1.3,-1.3,2.0
81.858,-1.2606448120123597,-1.2999961305054988,0.0749881393687296,-1.3,-1.3,2.0
81.86,-1.2606448120123597,-1.2999961305054988,0.0749881393687296,-1.3,-1.3,2.0
81.874,-1.2606448120123597,-1.2999961305054988,0.0749881393687296,-1.3,-1.3,2.0
81.88,-1.2606448120123597,-1.2999961305054988,0.0749881393687296,-1.3,-1.3,2.0
81.89,-1.2606448120123597,-1.2999961305054988,0.0749881393687296,-1.3,-1.3,2.0
81.9,-1.2606448120123597,-1.2999961305054988,0.0749881393687296,-1.3,-1.3,2.0
81.913,-1.2606448120123597,-1.2999961305054988,0.0749881393687296,-1.3,-1.3,2.0
81.921,-1.2606448120123597,-1.2999961305054988,0.0749881393687296,-1.3,-1.3,2.0
81.937,-1.2606448120123597,-1.2999961305054988,0.0749881393687296,-1.3,-1.3,2.0
81.941,-1.2606448120123597,-1.2999961305054988,0.0749881393687296,-1.3,-1.3,2.0
82.19,-1.2606448120123597,-1.2999961305054988,0.0749881393687296,-1.3,-1.3,2.0
82.2,-1.2606448120123597,-1.2999961305054988,0.0749881393687296,-1.3,-1.3,2.0
82.214,-1.2606448120123597,-1.2999961305054988,0.0749881393687296,-1.3,-1.3,2.0
82.221,-1.2606448120123597,-1.2999961305054988,0.0749881393687296,-1.3,-1.3,2.0
82.23,-1.2606448120123597,-1.2999961305054988,0.0749881393687296,-1.3,-1.3,2.0
82.243,-1.2606448120123597,-1.2999961305054988,0.0749881393687296,-1.3,-1.3,2.0
82.251,-1.2606448120123597,-1.2999961305054988,0.0749881393687296,-1.3,-1.3,2.0
82.26,-1.2606448120123597,-1.2999961305054988,0.0749881393687296,-1.3,-1.3,2.0
82.278,-1.2606448120123597,-1.2999961305054988,0.0749881393687296,-1.3,-1.3,2.0
82.28,-1.2606448120123597,-1.2999961305054988,0.0749881393687296,-1.3,-1.3,2.0
82.29,-1.2606448120123597,-1.2999961305054988,0.0749881393687296,-1.3,-1.3,2.0
82.3,-1.2606448120123597,-1.2999961305054988,0.0749881393687296,-1.3,-1.3,2.0
82.311,-1.2606448120123597,-1.2999961305054988,0.0749881393687296,-1.3,-1.3,2.0
82.32,-1.2606448120123597,-1.2999961305054988,0.0749881393687296,-1.3,-1.3,2.0
82.332,-1.2606448120123597,-1.2999961305054988,0.0749881393687296,-1.3,-1.3,2.0
82.342,-1.2606448120123597,-1.2999961305054988,0.0749881393687296,-1.3,-1.3,2.0
82.63,-1.2606448120123597,-1.2999961305054988,0.0749881393687296,-1.3,-1.3,2.0
82.642,-1.2606448120123597,-1.2999961305054988,0.0749881393687296,-1.3,-1.3,2.0
82.651,-1.2606448120123597,-1.2999961305054988,0.0749881393687296,-1.3,-1.3,2.0
82.66,-1.2606448120123597,-1.2999961305054988,0.0749881393687296,-1.3,-1.3,2.0
82.671,-1.2606448120123597,-1.2999961305054988,0.0749881393687296,-1.3,-1.3,2.0
82.688,-1.2606448120123597,-1.2999961305054988,0.0749881393687296,-1.3,-1.3,2.0
82.69,-1.2606448120123597,-1.2999961305054988,0.0749881393687296,-1.3,-1.3,2.0
82.7,-1.2606448120123597,-1.2999961305054988,0.0749881393687296,-1.3,-1.3,2.0
82.71,-1.2606448120123597,-1.2999961305054988,0.0749881393687296,-1.3,-1.3,2.0
82.72,-1.2606448120123597,-1.2999961305054988,0.0749881393687296,-1.3,-1.3,2.0
82.738,-1.2606448120123597,-1.2999961305054988,0.0749881393687296,-1.3,-1.3,2.0
82.746,-1.2606448120123597,-1.2999961305054988,0.0749881393687296,-1.3,-1.3,2.0
82.757,-1.2606448120123597,-1.2999961305054988,0.0749881393687296,-1.3,-1.3,2.0
82.76,-1.2606448120123597,-1.2999961305054988,0.0749881393687296,-1.3,-1.3,2.0
82.77,-1.2606448120123597,-1.2999961305054988,0.0749881393687296,-1.3,-1.3,2.0
82.78,-1.2606448120123597,-1.2999961305054988,0.0749881393687296,-1.3,-1.3,2.0
82.79,-1.2606448120123597,-1.2999961305054988,0.0749881393687296,-1.3,-1.3,2.0
82.806,-1.2606448120123597,-1.2999961305054988,0.0749881393687296,-1.3,-1.3,2.0
82.812,-1.2606448120123597,-1.2999961305054988,0.0749881393687296,-1.3,-1.3,2.0
82.82,-1.2606448120123597,-1.2999961305054988,0.0749881393687296,-1.3,-1.3,2.0
82.831,-1.2606448120123597,-1.2999961305054988,0.0749881393687296,-1.3,-1.3,2.0
82.84,-1.2606448120123597,-1.2999961305054988,0.0749881393687296,-1.3,-1.3,2.0
82.853,-1.2606448120123597,-1.2999961305054988,0.0749881393687296,-1.3,-1.3,2.0
82.86,-1.2606448120123597,-1.2999961305054988,0.0749881393687296,-1.3,-1.3,2.0
82.87,-1.2606448120123597,-1.2999961305054988,0.0749881393687296,-1.3,-1.3,2.0
82.887,-1.2606448120123597,-1.2999961305054988,0.0749881393687296,-1.3,-1.3,2.0
82.89,-1.2606448120123597,-1.2999961305054988,0.0749881393687296,-1.3,-1.3,2.0
82.9,-1.2606448120123597,-1.2999961305054988,0.0749881393687296,-1.3,-1.3,2.0
82.916,-1.2606448120123597,-1.2999961305054988,0.0749881393687296,-1.3,-1.3,2.0
82.921,-1.2606448120123597,-1.2999961305054988,0.0749881393687296,-1.3,-1.3,2.0
82.931,-1.2606448120123597,-1.2999961305054988,0.0749881393687296,-1.3,-1.3,2.0
82.953,-1.2606448120123597,-1.2999961305054988,0.0749881393687296,-1.3,-1.3,2.0
83.194,-1.2606448120123597,-1.2999961305054988,0.0749881393687296,-1.3,-1.3,2.0
83.202,-1.2606448120123597,-1.2999961305054988,0.0749881393687296,-1.3,-1.3,2.0
83.219,-1.2606448120123597,-1.2999961305054988,0.0749881393687296,-1.3,-1.3,2.0
83.22,-1.2606448120123597,-1.2999961305054988,0.0749881393687296,-1.3,-1.3,2.0
83.257,-1.2606448120123597,-1.2999961305054988,0.0749881393687296,-1.3,-1.3,2.0
83.26,-1.2606448120123597,-1.2999961305054988,0.0749881393687296,-1.3,-1.3,2.0
83.272,-1.2606448120123597,-1.2999961305054988,0.0749881393687296,-1.3,-1.3,2.0
83.282,-1.2606448120123597,-1.2999961305054988,0.0749881393687296,-1.3,-1.3,2.0
83.291,-1.2606448120123597,-1.2999961305054988,0.0749881393687296,-1.3,-1.3,2.0
83.3,-1.2606448120123597,-1.2999961305054988,0.0749881393687296,-1.3,-1.3,2.0
83.317,-1.2606448120123597,-1.2999961305054988,0.0749881393687296,-1.3,-1.3,2.0
83.32,-1.2606448120123597,-1.2999961305054988,0.0749881393687296,-1.3,-1.3,2.0
83.33,-1.2606448120123597,-1.2999961305054988,0.0749881393687296,-1.3,-1.3,2.0
83.34,-1.2606448120123597,-1.2999961305054988,0.0749881393687296,-1.3,-1.3,2.0
83.355,-1.2606448120123597,-1.2999961305054988,0.0749881393687296,-1.3,-1.3,2.0
83.36,-1.2606448120123597,-1.2999961305054988,0.0749881393687296,-1.3,-1.3,2.0
83.653,-1.2606448120123597,-1.2999961305054988,0.0749881393687296,-1.3,-1.3,2.0
83.66,-1.2606448120123597,-1.2999961305054988,0.0749881393687296,-1.3,-1.3,2.0
83.678,-1.2606448120123597,-1.2999961305054988,0.0749881393687296,-1.3,-1.3,2.0
83.688,-1.2606448120123597,-1.2999961305054988,0.0749881393687296,-1.3,-1.3,2.0
83.692,-1.2606448120123597,-1.2999961305054988,0.0749881393687296,-1.3,-1.3,2.0
83.713,-1.2606448120123597,-1.2999961305054988,0.0749881393687296,-1.3,-1.3,2.0
83.726,-1.2606448120123597,-1.2999961305054988,0.0749881393687296,-1.3,-1.3,2.0
83.746,-1.2606448120123597,-1.2999961305054988,0.0749881393687296,-1.3,-1.3,2.0
83.756,-1.2606448120123597,-1.2999961305054988,0.0749881393687296,-1.3,-1.3,2.0
83.76,-1.2606448120123597,-1.2999961305054988,0.0749881393687296,-1.3,-1.3,2.0
83.77,-1.2606448120123597,-1.2999961305054988,0.0749881393687296,-1.3,-1.3,2.0
83.781,-1.2606448120123597,-1.2999961305054988,0.0749881393687296,-1.3,-1.3,2.0
83.799,-1.2606448120123597,-1.2999961305054988,0.0749881393687296,-1.3,-1.3,2.0
83.804,-1.2606448120123597,-1.2999961305054988,0.0749881393687296,-1.3,-1.3,2.0
83.813,-1.2606448120123597,-1.2999961305054988,0.0749881393687296,-1.3,-1.3,2.0
83.824,-1.2606448120123597,-1.2999961305054988,0.0749881393687296,-1.3,-1.3,2.0
83.848,-1.2606448120123597,-1.2999961305054988,0.0749881393687296,-1.3,-1.3,2.0
83.85,-1.2606448120123597,-1.2999961305054988,0.0749881393687296,-1.3,-1.3,2.0
83.86,-1.2606448120123597,-1.2999961305054988,0.0749881393687296,-1.3,-1.3,2.0
83.87,-1.2606448120123597,-1.2999961305054988,0.0749881393687296,-1.3,-1.3,2.0
83.888,-1.2606448120123597,-1.2999961305054988,0.0749881393687296,-1.3,-1.3,2.0
83.89,-1.2606448120123597,-1.2999961305054988,0.0749881393687296,-1.3,-1.3,2.0
83.909,-1.2606448120123597,-1.2999961305054988,0.0749881393687296,-1.3,-1.3,2.0
83.911,-1.2606448120123597,-1.2999961305054988,0.0749881393687296,-1.3,-1.3,2.0
83.924,-1.2606448120123597,-1.2999961305054988,0.0749881393687296,-1.3,-1.3,2.0
83.937,-1.2606448120123597,-1.2999961305054988,0.0749881393687296,-1.3,-1.3,2.0
83.94,-1.2606448120123597,-1.2999961305054988,0.0749881393687296,-1.3,-1.3,2.0
83.95,-1.2606448120123597,-1.2999961305054988,0.0749881393687296,-1.3,-1.3,2.0
84.228,-1.2606448120123597,-1.2999961305054988,0.0749881393687296,-1.3,-1.3,2.0
84.231,-1.2606448120123597,-1.2999961305054988,0.0749881393687296,-1.3,-1.3,2.0
84.243,-1.2606448120123597,-1.2999961305054988,0.0749881393687296,-1.3,-1.3,2.0
84.254,-1.2606448120123597,-1.2999961305054988,0.0749881393687296,-1.3,-1.3,2.0
84.263,-1.2606448120123597,-1.2999961305054988,0.0749881393687296,-1.3,-1.3,2.0
84.271,-1.2606448120123597,-1.2999961305054988,0.0749881393687296,-1.3,-1.3,2.0
84.28,-1.2606448120123597,-1.2999961305054988,0.0749881393687296,-1.3,-1.3,2.0
84.291,-1.2606448120123597,-1.2999961305054988,0.0749881393687296,-1.3,-1.3,2.0
84.301,-1.2606448120123597,-1.2999961305054988,0.0749881393687296,-1.3,-1.3,2.0
84.31,-1.2606448120123597,-1.2999961305054988,0.0749881393687296,-1.3,-1.3,2.0
84.326,-1.2606448120123597,-1.2999961305054988,0.0749881393687296,-1.3,-1.3,2.0
84.335,-1.2606448120123597,-1.2999961305054988,0.0749881393687296,-1.3,-1.3,2.0
84.34,-1.2606448120123597,-1.2999961305054988,0.0749881393687296,-1.3,-1.3,2.0
84.358,-1.2606448120123597,-1.2999961305054988,0.0749881393687296,-1.3,-1.3,2.0
84.363,-1.2606448120123597,-1.2999961305054988,0.0749881393687296,-1.3,-1.3,2.0
84.373,-1.2606448120123597,-1.2999961305054988,0.0749881393687296,-1.3,-1.3,2.0
84.38,-1.2606448120123597,-1.2999961305054988,0.0749881393687296,-1.3,-1.3,2.0
84.396,-1.2606448120123597,-1.2999961305054988,0.0749881393687296,-1.3,-1.3,2.0
84.401,-1.2606448120123597,-1.2999961305054988,0.0749881393687296,-1.3,-1.3,2.0
84.411,-1.2606448120123597,-1.2999961305054988,0.0749881393687296,-1.3,-1.3,2.0
84.42,-1.2606448120123597,-1.2999961305054988,0.0749881393687296,-1.3,-1.3,2.0
84.439,-1.2606448120123597,-1.2999961305054988,0.0749881393687296,-1.3,-1.3,2.0
84.442,-1.2606448120123597,-1.2999961305054988,0.0749881393687296,-1.3,-1.3,2.0
84.45,-1.2606448120123597,-1.2999961305054988,0.0749881393687296,-1.3,-1.3,2.0
84.718,-1.2606448120123597,-1.2999961305054988,0.0749881393687296,-1.3,-1.3,2.0
84.725,-1.2606448120123597,-1.2999961305054988,0.0749881393687296,-1.3,-1.3,2.0
85.056,-1.2606448120123597,-1.2999961305054988,0.0749881393687296,-1.3,-1.3,2.0
85.06,-1.2606448120123597,-1.2999961305054988,0.0749881393687296,-1.3,-1.3,2.0
85.39,-1.2606448120123597,-1.2999961305054988,0.0749881393687296,-1.3,-1.3,2.0
85.402,-1.2606448120123597,-1.2999961305054988,0.0749881393687296,-1.3,-1.3,2.0
85.76,-1.2606448120123597,-1.2999961305054988,0.0749881393687296,-1.3,-1.3,2.0
85.76,-1.2606448120123597,-1.2999961305054988,0.0749881393687296,-1.3,-1.3,2.0
86.08,-1.2606448120123597,-1.2999961305054988,0.0749881393687296,-1.3,-1.3,2.0
86.091,-1.2606448120123597,-1.2999961305054988,0.0749881393687296,-1.3,-1.3,2.0
86.513,-1.2606448120123597,-1.2999961305054988,0.0749881393687296,-1.3,-1.3,2.0
86.52,-1.2606448120123597,-1.2999961305054988,0.0749881393687296,-1.3,-1.3,2.0
86.534,-1.2606448120123597,-1.2999961305054988,0.0749881393687296,-1.3,-1.3,2.0
86.54,-1.2606448120123597,-1.2999961305054988,0.0749881393687296,-1.3,-1.3,2.0
86.553,-1.2606448120123597,-1.2999961305054988,0.0749881393687296,-1.3,-1.3,2.0
86.56,-1.2606448120123597,-1.2999961305054988,0.0749881393687296,-1.3,-1.3,2.0
86.573,-1.2606448120123597,-1.2999961305054988,0.0749881393687296,-1.3,-1.3,2.0
86.581,-1.2606448120123597,-1.2999961305054988,0.0749881393687296,-1.3,-1.3,2.0
86.59,-1.2606448120123597,-1.2999961305054988,0.0749881393687296,-1.3,-1.3,2.0
86.601,-1.2606448120123597,-1.2999961305054988,0.0749881393687296,-1.3,-1.3,2.0
86.61,-1.2606448120123597,-1.2999961305054988,0.0749881393687296,-1.3,-1.3,2.0
86.623,-1.2606448120123597,-1.2999961305054988,0.0749881393687296,-1.3,-1.3,2.0
86.632,-1.2606448120123597,-1.2999961305054988,0.0749881393687296,-1.3,-1.3,2.0
86.648,-1.2606448120123597,-1.2999961305054988,0.0749881393687296,-1.3,-1.3,2.0
86.659,-1.2606448120123597,-1.2999961305054988,0.0749881393687296,-1.3,-1.3,2.0
86.66,-1.2606448120123597,-1.2999961305054988,0.0749881393687296,-1.3,-1.3,2.0
86.67,-1.2606448120123597,-1.2999961305054988,0.0749881393687296,-1.3,-1.3,2.0
86.686,-1.2606448120123597,-1.2999961305054988,0.0749881393687296,-1.3,-1.3,2.0
86.696,-1.2606448120123597,-1.2999961305054988,0.0749881393687296,-1.3,-1.3,2.0
86.706,-1.2606448120123597,-1.2999961305054988,0.0749881393687296,-1.3,-1.3,2.0
86.713,-1.2606448120123597,-1.2999961305054988,0.0749881393687296,-1.3,-1.3,2.0
86.72,-1.2606448120123597,-1.2999961305054988,0.0749881393687296,-1.3,-1.3,2.0
86.736,-1.2606448120123597,-1.2999961305054988,0.0749881393687296,-1.3,-1.3,2.0
86.74,-1.2606448120123597,-1.2999961305054988,0.0749881393687296,-1.3,-1.3,2.0
86.755,-1.2606448120123597,-1.2999961305054988,0.0749881393687296,-1.3,-1.3,2.0
86.76,-1.2606448120123597,-1.2999961305054988,0.0749881393687296,-1.3,-1.3,2.0
86.771,-1.2606448120123597,-1.2999961305054988,0.0749881393687296,-1.3,-1.3,2.0
86.78,-1.2606448120123597,-1.2999961305054988,0.0749881393687296,-1.3,-1.3,2.0
86.792,-1.2606448120123597,-1.2999961305054988,0.0749881393687296,-1.3,-1.3,2.0
86.809,-1.2606448120123597,-1.2999961305054988,0.0749881393687296,-1.3,-1.3,2.0
86.811,-1.2606448120123597,-1.2999961305054988,0.0749881393687296,-1.3,-1.3,2.0
86.821,-1.2606448120123597,-1.2999961305054988,0.0749881393687296,-1.3,-1.3,2.0
86.833,-1.2606448120123597,-1.2999961305054988,0.0749881393687296,-1.3,-1.3,2.0
86.849,-1.2606448120123597,-1.2999961305054988,0.0749881393687296,-1.3,-1.3,2.0
86.85,-1.2606448120123597,-1.2999961305054988,0.0749881393687296,-1.3,-1.3,2.0
86.86,-1.2606448120123597,-1.2999961305054988,0.0749881393687296,-1.3,-1.3,2.0
87.135,-1.2606448120123597,-1.2999961305054988,0.0749881393687296,-1.3,-1.3,2.0
87.14,-1.2606448120123597,-1.2999961305054988,0.0749881393687296,-1.3,-1.3,2.0
87.156,-1.2606448120123597,-1.2999961305054988,0.0749881393687296,-1.3,-1.3,2.0
87.167,-1.2606448120123597,-1.2999961305054988,0.0749881393687296,-1.3,-1.3,2.0
87.17,-1.2606448120123597,-1.2999961305054988,0.0749881393687296,-1.3,-1.3,2.0
87.185,-1.2606448120123597,-1.2999961305054988,0.0749881393687296,-1.3,-1.3,2.0
87.211,-1.2606448120123597,-1.2999961305054988,0.0749881393687296,-1.3,-1.3,2.0
87.228,-1.2606448120123597,-1.2999961305054988,0.0749881393687296,-1.3,-1.3,2.0
87.232,-1.2606448120123597,-1.2999961305054988,0.0749881393687296,-1.3,-1.3,2.0
87.242,-1.2606448120123597,-1.2999961305054988,0.0749881393687296,-1.3,-1.3,2.0
87.25,-1.2606448120123597,-1.2999961305054988,0.0749881393687296,-1.3,-1.3,2.0
87.26,-1.2606448120123597,-1.2999961305054988,0.0749881393687296,-1.3,-1.3,2.0
87.288,-1.2606448120123597,-1.2999961305054988,0.0749881393687296,-1.3,-1.3,2.0
87.295,-1.2606448120123597,-1.2999961305054988,0.0749881393687296,-1.3,-1.3,2.0
87.3,-1.2606448120123597,-1.2999961305054988,0.0749881393687296,-1.3,-1.3,2.0
87.313,-1.2606448120123597,-1.2999961305054988,0.0749881393687296,-1.3,-1.3,2.0
87.321,-1.2606448120123597,-1.2999961305054988,0.0749881393687296,-1.3,-1.3,2.0
87.347,-1.2606448120123597,-1.2999961305054988,0.0749881393687296,-1.3,-1.3,2.0
87.358,-1.2606448120123597,-1.2999961305054988,0.0749881393687296,-1.3,-1.3,2.0
87.36,-1.2606448120123597,-1.2999961305054988,0.0749881393687296,-1.3,-1.3,2.0
87.373,-1.2606448120123597,-1.2999961305054988,0.0749881393687296,-1.3,-1.3,2.0
87.38,-1.2606448120123597,-1.2999961305054988,0.0749881393687296,-1.3,-1.3,2.0
87.393,-1.2606448120123597,-1.2999961305054988,0.0749881393687296,-1.3,-1.3,2.0
87.402,-1.2606448120123597,-1.2999961305054988,0.0749881393687296,-1.3,-1.3,2.0
87.41,-1.2606448120123597,-1.2999961305054988,0.0749881393687296,-1.3,-1.3,2.0
87.427,-1.2606448120123597,-1.2999961305054988,0.0749881393687296,-1.3,-1.3,2.0
87.432,-1.2606448120123597,-1.2999961305054988,0.0749881393687296,-1.3,-1.3,2.0
87.44,-1.2606448120123597,-1.2999961305054988,0.0749881393687296,-1.3,-1.3,2.0
87.45,-1.2606448120123597,-1.2999961305054988,0.0749881393687296,-1.3,-1.3,2.0
87.46,-1.2606448120123597,-1.2999961305054988,0.0749881393687296,-1.3,-1.3,2.0
87.47,-1.2606448120123597,-1.2999961305054988,0.0749881393687296,-1.3,-1.3,2.0
87.48,-1.2606448120123597,-1.2999961305054988,0.0749881393687296,-1.3,-1.3,2.0
87.491,-1.2606448120123597,-1.2999961305054988,0.0749881393687296,-1.3,-1.3,2.0
87.505,-1.2606448120123597,-1.2999961305054988,0.0749881393687296,-1.3,-1.3,2.0
87.515,-1.2606448120123597,-1.2999961305054988,0.0749881393687296,-1.3,-1.3,2.0
87.528,-1.2606448120123597,-1.2999961305054988,0.0749881393687296,-1.3,-1.3,2.0
87.531,-1.2606448120123597,-1.2999961305054988,0.0749881393687296,-1.3,-1.3,2.0
87.54,-1.2606448120123597,-1.2999961305054988,0.0749881393687296,-1.3,-1.3,2.0
87.553,-1.2606448120123597,-1.2999961305054988,0.0749881393687296,-1.3,-1.3,2.0
87.563,-1.2606448120123597,-1.2999961305054988,0.0749881393687296,-1.3,-1.3,2.0
87.576,-1.2606448120123597,-1.2999961305054988,0.0749881393687296,-1.3,-1.3,2.0
87.58,-1.2606448120123597,-1.2999961305054988,0.0749881393687296,-1.3,-1.3,2.0
87.59,-1.2606448120123597,-1.2999961305054988,0.0749881393687296,-1.3,-1.3,2.0
87.61,-1.2606448120123597,-1.2999961305054988,0.0749881393687296,-1.3,-1.3,2.0
87.61,-1.2606448120123597,-1.2999961305054988,0.0749881393687296,-1.3,-1.3,2.0
87.62,-1.2606448120123597,-1.2999961305054988,0.0749881393687296,-1.3,-1.3,2.0
87.63,-1.2606448120123597,-1.2999961305054988,0.0749881393687296,-1.3,-1.3,2.0
87.646,-1.2606448120123597,-1.2999961305054988,0.0749881393687296,-1.3,-1.3,2.0
87.65,-1.2606448120123597,-1.2999961305054988,0.0749881393687296,-1.3,-1.3,2.0
87.66,-1.2606448120123597,-1.2999961305054988,0.0749881393687296,-1.3,-1.3,2.0
87.67,-1.2606448120123597,-1.2999961305054988,0.0749881393687296,-1.3,-1.3,2.0
87.68,-1.2606448120123597,-1.2999961305054988,0.0749881393687296,-1.3,-1.3,2.0
87.69,-1.2606448120123597,-1.2999961305054988,0.0749881393687296,-1.3,-1.3,2.0
87.707,-1.2606448120123597,-1.2999961305054988,0.0749881393687296,-1.3,-1.3,2.0
87.719,-1.2606448120123597,-1.2999961305054988,0.0749881393687296,-1.3,-1.3,2.0
87.72,-1.2606448120123597,-1.2999961305054988,0.0749881393687296,-1.3,-1.3,2.0
87.732,-1.2606448120123597,-1.2999961305054988,0.0749881393687296,-1.3,-1.3,2.0
87.741,-1.2606448120123597,-1.2999961305054988,0.0749881393687296,-1.3,-1.3,2.0
87.752,-1.2606448120123597,-1.2999961305054988,0.0749881393687296,-1.3,-1.3,2.0
87.776,-1.2606448120123597,-1.2999961305054988,0.0749881393687296,-1.3,-1.3,2.0
87.78,-1.2606448120123597,-1.2999961305054988,0.0749881393687296,-1.3,-1.3,2.0
87.792,-1.2606448120123597,-1.2999961305054988,0.0749881393687296,-1.3,-1.3,2.0
87.805,-1.2606448120123597,-1.2999961305054988,0.0749881393687296,-1.3,-1.3,2.0
87.81,-1.2606448120123597,-1.2999961305054988,0.0749881393687296,-1.3,-1.3,2.0
87.827,-1.2606448120123597,-1.2999961305054988,0.0749881393687296,-1.3,-1.3,2.0
87.838,-1.2606448120123597,-1.2999961305054988,0.0749881393687296,-1.3,-1.3,2.0
87.84,-1.2606448120123597,-1.2999961305054988,0.0749881393687296,-1.3,-1.3,2.0
87.85,-1.2606448120123597,-1.2999961305054988,0.0749881393687296,-1.3,-1.3,2.0
88.11,-1.2606448120123597,-1.2999961305054988,0.0749881393687296,-1.3,-1.3,2.0
88.123,-1.2606448120123597,-1.2999961305054988,0.0749881393687296,-1.3,-1.3,2.0
88.497,-1.2606448120123597,-1.2999961305054988,0.0749881393687296,-1.3,-1.3,2.0
88.502,-1.2606448120123597,-1.2999961305054988,0.0749881393687296,-1.3,-1.3,2.0
88.851,-1.2606448120123597,-1.2999961305054988,0.0749881393687296,-1.3,-1.3,2.0
88.86,-1.2606448120123597,-1.2999961305054988,0.0749881393687296,-1.3,-1.3,2.0
89.203,-1.2606448120123597,-1.2999961305054988,0.0749881393687296,-1.3,-1.3,2.0
89.21,-1.2606448120123597,-1.2999961305054988,0.0749881393687296,-1.3,-1.3,2.0
89.56,-1.2606448120123597,-1.2999961305054988,0.0749881393687296,-1.3,-1.3,2.0
89.571,-1.2606448120123597,-1.2999961305054988,0.0749881393687296,-1.3,-1.3,2.0
89.938,-1.2606448120123597,-1.2999961305054988,0.0749881393687296,-1.3,-1.3,2.0
89.94,-1.2606448120123597,-1.2999961305054988,0.0749881393687296,-1.3,-1.3,2.0
90.29,-1.2606448120123597,-1.2999961305054988,0.0749881393687296,-1.3,-1.3,2.0
90.3,-1.2606448120123597,-1.2999961305054988,0.0749881393687296,-1.3,-1.3,2.0
90.683,-1.2606448120123597,-1.2999961305054988,0.0749881393687296,-1.3,-1.3,2.0
90.696,-1.2606448120123597,-1.2999961305054988,0.0749881393687296,-1.3,-1.3,2.0
90.96,-1.2606448120123597,-1.2999961305054988,0.0749881393687296,-1.3,-1.3,2.0
90.974,-1.2606448120123597,-1.2999961305054988,0.0749881393687296,-1.3,-1.3,2.0
91.35,-1.2606448120123597,-1.2999961305054988,0.0749881393687296,-1.3,-1.3,2.0
91.36,-1.2606448120123597,-1.2999961305054988,0.0749881393687296,-1.3,-1.3,2.0
91.623,-1.2606448120123597,-1.2999961305054988,0.0749881393687296,-1.3,-1.3,2.0
91.637,-1.2606448120123597,-1.2999961305054988,0.0749881393687296,-1.3,-1.3,2.0
91.947,-1.2606448120123597,-1.2999961305054988,0.0749881393687296,-1.3,-1.3,2.0
91.95,-1.2606448120123597,-1.2999961305054988,0.0749881393687296,-1.3,-1.3,2.0
91.96,-1.2606448120123597,-1.2999961305054988,0.0749881393687296,-1.3,-1.3,2.0
91.974,-1.2606448120123597,-1.2999961305054988,0.0749881393687296,-1.3,-1.3,2.0
91.981,-1.2606448120123597,-1.2999961305054988,0.0749881393687296,-1.3,-1.3,2.0
91.992,-1.2606448120123597,-1.2999961305054988,0.0749881393687296,-1.3,-1.3,2.0
92.001,-1.2606448120123597,-1.2999961305054988,0.0749881393687296,-1.3,-1.3,2.0
92.019,-1.2606448120123597,-1.2999961305054988,0.0749881393687296,-1.3,-1.3,2.0
92.035,-1.2606448120123597,-1.2999961305054988,0.0749881393687296,-1.3,-1.3,2.0
92.041,-1.2606448120123597,-1.2999961305054988,0.0749881393687296,-1.3,-1.3,2.0
92.052,-1.2606448120123597,-1.2999961305054988,0.0749881393687296,-1.3,-1.3,2.0
92.06,-1.2606448120123597,-1.2999961305054988,0.0749881393687296,-1.3,-1.3,2.0
92.072,-1.2606448120123597,-1.2999961305054988,0.0749881393687296,-1.3,-1.3,2.0
92.08,-1.2606448120123597,-1.2999961305054988,0.0749881393687296,-1.3,-1.3,2.0
92.09,-1.2606448120123597,-1.2999961305054988,0.0749881393687296,-1.3,-1.3,2.0
92.115,-1.2606448120123597,-1.2999961305054988,0.0749881393687296,-1.3,-1.3,2.0
92.124,-1.2606448120123597,-1.2999961305054988,0.0749881393687296,-1.3,-1.3,2.0
92.13,-1.2606448120123597,-1.2999961305054988,0.0749881393687296,-1.3,-1.3,2.0
92.142,-1.2606448120123597,-1.2999961305054988,0.0749881393687296,-1.3,-1.3,2.0
92.151,-1.2606448120123597,-1.2999961305054988,0.0749881393687296,-1.3,-1.3,2.0
92.345,-1.2606448120123597,-1.2999961305054988,0.0749881393687296,-1.3,-1.3,2.0
92.35,-1.2606448120123597,-1.2999961305054988,0.0749881393687296,-1.3,-1.3,2.0
92.36,-1.2606448120123597,-1.2999961305054988,0.0749881393687296,-1.3,-1.3,2.0
92.382,-1.2606448120123597,-1.2999961305054988,0.0749881393687296,-1.3,-1.3,2.0
92.396,-1.2606448120123597,-1.2999961305054988,0.0749881393687296,-1.3,-1.3,2.0
92.4,-1.2606448120123597,-1.2999961305054988,0.0749881393687296,-1.3,-1.3,2.0
92.433,-1.2606448120123597,-1.2999961305054988,0.0749881393687296,-1.3,-1.3,2.0
92.446,-1.2606448120123597,-1.2999961305054988,0.0749881393687296,-1.3,-1.3,2.0
92.46,-1.2606448120123597,-1.2999961305054988,0.0749881393687296,-1.3,-1.3,2.0
92.46,-1.2606448120123597,-1.2999961305054988,0.0749881393687296,-1.3,-1.3,2.0
92.475,-1.2606448120123597,-1.2999961305054988,0.0749881393687296,-1.3,-1.3,2.0
92.48,-1.2606448120123597,-1.2999961305054988,0.0749881393687296,-1.3,-1.3,2.0
92.49,-1.2606448120123597,-1.2999961305054988,0.0749881393687296,-1.3,-1.3,2.0
92.503,-1.2606448120123597,-1.2999961305054988,0.0749881393687296,-1.3,-1.3,2.0
92.517,-1.2606448120123597,-1.2999961305054988,0.0749881393687296,-1.3,-1.3,2.0
92.527,-1.2606448120123597,-1.2999961305054988,0.0749881393687296,-1.3,-1.3,2.0
92.533,-1.2606448120123597,-1.2999961305054988,0.0749881393687296,-1.3,-1.3,2.0
92.545,-1.2606448120123597,-1.2999961305054988,0.0749881393687296,-1.3,-1.3,2.0
92.791,-1.2606448120123597,-1.2999961305054988,0.0749881393687296,-1.3,-1.3,2.0
92.818,-1.2606448120123597,-1.2999961305054988,0.0749881393687296,-1.3,-1.3,2.0
92.829,-1.2606448120123597,-1.2999961305054988,0.0749881393687296,-1.3,-1.3,2.0
92.831,-1.2606448120123597,-1.2999961305054988,0.0749881393687296,-1.3,-1.3,2.0
92.84,-1.2606448120123597,-1.2999961305054988,0.0749881393687296,-1.3,-1.3,2.0
92.853,-1.2606448120123597,-1.2999961305054988,0.0749881393687296,-1.3,-1.3,2.0
92.86,-1.2606448120123597,-1.2999961305054988,0.0749881393687296,-1.3,-1.3,2.0
92.871,-1.2606448120123597,-1.2999961305054988,0.0749881393687296,-1.3,-1.3,2.0
92.88,-1.2606448120123597,-1.2999961305054988,0.0749881393687296,-1.3,-1.3,2.0
92.893,-1.2606448120123597,-1.2999961305054988,0.0749881393687296,-1.3,-1.3,2.0
92.9,-1.2606448120123597,-1.2999961305054988,0.0749881393687296,-1.3,-1.3,2.0
92.91,-1.2606448120123597,-1.2999961305054988,0.0749881393687296,-1.3,-1.3,2.0
92.92,-1.2606448120123597,-1.2999961305054988,0.0749881393687296,-1.3,-1.3,2.0
92.931,-1.2606448120123597,-1.2999961305054988,0.0749881393687296,-1.3,-1.3,2.0
92.944,-1.2606448120123597,-1.2999961305054988,0.0749881393687296,-1.3,-1.3,2.0
92.95,-1.2606448120123597,-1.2999961305054988,0.0749881393687296,-1.3,-1.3,2.0
93.17,-1.2606448120123597,-1.2999961305054988,0.0749881393687296,-1.3,-1.3,2.0
93.197,-1.2606448120123597,-1.2999961305054988,0.0749881393687296,-1.3,-1.3,2.0
93.561,-1.2606448120123597,-1.2999961305054988,0.0749881393687296,-1.3,-1.3,2.0
93.581,-1.2606448120123597,-1.2999961305054988,0.0749881393687296,-1.3,-1.3,2.0
93.877,-1.2606448120123597,-1.2999961305054988,0.0749881393687296,-1.3,-1.3,2.0
93.883,-1.2606448120123597,-1.2999961305054988,0.0749881393687296,-1.3,-1.3,2.0
94.257,-1.2606448120123597,-1.2999961305054988,0.0749881393687296,-1.3,-1.3,2.0
94.269,-1.2606448120123597,-1.2999961305054988,0.0749881393687296,-1.3,-1.3,2.0
94.271,-1.2606448120123597,-1.2999961305054988,0.0749881393687296,-1.3,-1.3,2.0
94.28,-1.2606448120123597,-1.2999961305054988,0.0749881393687296,-1.3,-1.3,2.0
94.29,-1.2606448120123597,-1.2999961305054988,0.0749881393687296,-1.3,-1.3,2.0
94.302,-1.2606448120123597,-1.2999961305054988,0.0749881393687296,-1.3,-1.3,2.0
94.31,-1.2606448120123597,-1.2999961305054988,0.0749881393687296,-1.3,-1.3,2.0
94.321,-1.2606448120123597,-1.2999961305054988,0.0749881393687296,-1.3,-1.3,2.0
94.335,-1.2606448120123597,-1.2999961305054988,0.0749881393687296,-1.3,-1.3,2.0
94.34,-1.2606448120123597,-1.2999961305054988,0.0749881393687296,-1.3,-1.3,2.0
94.912,-1.2606448120123597,-1.2999961305054988,0.0749881393687296,-1.3,-1.3,2.0
94.92,-1.2606448120123597,-1.2999961305054988,0.0749881393687296,-1.3,-1.3,2.0
95.26,-1.2606448120123597,-1.2999961305054988,0.0749881393687296,-1.3,-1.3,2.0
95.292,-1.2606448120123597,-1.2999961305054988,0.0749881393687296,-1.3,-1.3,2.0
95.3,-1.2606448120123597,-1.2999961305054988,0.0749881393687296,-1.3,-1.3,2.0
95.315,-1.2606448120123597,-1.2999961305054988,0.0749881393687296,-1.3,-1.3,2.0
95.325,-1.2606448120123597,-1.2999961305054988,0.0749881393687296,-1.3,-1.3,2.0
95.33,-1.2606448120123597,-1.2999961305054988,0.0749881393687296,-1.3,-1.3,2.0
95.34,-1.2606448120123597,-1.2999961305054988,0.0749881393687296,-1.3,-1.3,2.0
95.352,-1.2606448120123597,-1.2999961305054988,0.0749881393687296,-1.3,-1.3,2.0
95.36,-1.2606448120123597,-1.2999961305054988,0.0749881393687296,-1.3,-1.3,2.0
95.377,-1.2606448120123597,-1.2999961305054988,0.0749881393687296,-1.3,-1.3,2.0
95.381,-1.2606448120123597,-1.2999961305054988,0.0749881393687296,-1.3,-1.3,2.0
95.39,-1.2606448120123597,-1.2999961305054988,0.0749881393687296,-1.3,-1.3,2.0
95.404,-1.2606448120123597,-1.2999961305054988,0.0749881393687296,-1.3,-1.3,2.0
95.419,-1.2606448120123597,-1.2999961305054988,0.0749881393687296,-1.3,-1.3,2.0
95.42,-1.2606448120123597,-1.2999961305054988,0.0749881393687296,-1.3,-1.3,2.0
95.432,-1.2606448120123597,-1.2999961305054988,0.0749881393687296,-1.3,-1.3,2.0
95.44,-1.2606448120123597,-1.2999961305054988,0.0749881393687296,-1.3,-1.3,2.0
95.45,-1.2606448120123597,-1.2999961305054988,0.0749881393687296,-1.3,-1.3,2.0
95.7,-1.2606448120123597,-1.2999961305054988,0.0749881393687296,-1.3,-1.3,2.0
95.712,-1.2606448120123597,-1.2999961305054988,0.0749881393687296,-1.3,-1.3,2.0
95.721,-1.2606448120123597,-1.2999961305054988,0.0749881393687296,-1.3,-1.3,2.0
95.731,-1.2606448120123597,-1.2999961305054988,0.0749881393687296,-1.3,-1.3,2.0
95.748,-1.2606448120123597,-1.2999961305054988,0.0749881393687296,-1.3,-1.3,2.0
95.759,-1.2606448120123597,-1.2999961305054988,0.0749881393687296,-1.3,-1.3,2.0
95.76,-1.2606448120123597,-1.2999961305054988,0.0749881393687296,-1.3,-1.3,2.0
95.77,-1.2606448120123597,-1.2999961305054988,0.0749881393687296,-1.3,-1.3,2.0
95.788,-1.2606448120123597,-1.2999961305054988,0.0749881393687296,-1.3,-1.3,2.0
95.79,-1.2606448120123597,-1.2999961305054988,0.0749881393687296,-1.3,-1.3,2.0
95.804,-1.2606448120123597,-1.2999961305054988,0.0749881393687296,-1.3,-1.3,2.0
95.819,-1.2606448120123597,-1.2999961305054988,0.0749881393687296,-1.3,-1.3,2.0
95.824,-1.2606448120123597,-1.2999961305054988,0.0749881393687296,-1.3,-1.3,2.0
95.836,-1.2606448120123597,-1.2999961305054988,0.0749881393687296,-1.3,-1.3,2.0
95.841,-1.2606448120123597,-1.2999961305054988,0.0749881393687296,-1.3,-1.3,2.0
95.853,-1.2606448120123597,-1.2999961305054988,0.0749881393687296,-1.3,-1.3,2.0
96.09,-1.2606448120123597,-1.2999961305054988,0.0749881393687296,-1.3,-1.3,2.0
96.109,-1.2606448120123597,-1.2999961305054988,0.0749881393687296,-1.3,-1.3,2.0
96.111,-1.2606448120123597,-1.2999961305054988,0.0749881393687296,-1.3,-1.3,2.0
96.12,-1.2606448120123597,-1.2999961305054988,0.0749881393687296,-1.3,-1.3,2.0
96.13,-1.2606448120123597,-1.2999961305054988,0.0749881393687296,-1.3,-1.3,2.0
96.142,-1.2606448120123597,-1.2999961305054988,0.0749881393687296,-1.3,-1.3,2.0
96.15,-1.2606448120123597,-1.2999961305054988,0.0749881393687296,-1.3,-1.3,2.0
96.16,-1.2606448120123597,-1.2999961305054988,0.0749881393687296,-1.3,-1.3,2.0
96.173,-1.2606448120123597,-1.2999961305054988,0.0749881393687296,-1.3,-1.3,2.0
96.192,-1.2606448120123597,-1.2999961305054988,0.0749881393687296,-1.3,-1.3,2.0
96.2,-1.2606448120123597,-1.2999961305054988,0.0749881393687296,-1.3,-1.3,2.0
96.21,-1.2606448120123597,-1.2999961305054988,0.0749881393687296,-1.3,-1.3,2.0
96.22,-1.2606448120123597,-1.2999961305054988,0.0749881393687296,-1.3,-1.3,2.0
96.235,-1.2606448120123597,-1.2999961305054988,0.0749881393687296,-1.3,-1.3,2.0
96.241,-1.2606448120123597,-1.2999961305054988,0.0749881393687296,-1.3,-1.3,2.0
96.253,-1.2606448120123597,-1.2999961305054988,0.0749881393687296,-1.3,-1.3,2.0
96.26,-1.2606448120123597,-1.2999961305054988,0.0749881393687296,-1.3,-1.3,2.0
96.285,-1.2606448120123597,-1.2999961305054988,0.0749881393687296,-1.3,-1.3,2.0
96.294,-1.2606448120123597,-1.2999961305054988,0.0749881393687296,-1.3,-1.3,2.0
96.307,-1.2606448120123597,-1.2999961305054988,0.0749881393687296,-1.3,-1.3,2.0
96.313,-1.2606448120123597,-1.2999961305054988,0.0749881393687296,-1.3,-1.3,2.0
96.322,-1.2606448120123597,-1.2999961305054988,0.0749881393687296,-1.3,-1.3,2.0
96.334,-1.2606448120123597,-1.2999961305054988,0.0749881393687296,-1.3,-1.3,2.0
96.34,-1.2606448120123597,-1.2999961305054988,0.0749881393687296,-1.3,-1.3,2.0
96.353,-1.2606448120123597,-1.2999961305054988,0.0749881393687296,-1.3,-1.3,2.0
96.36,-1.2606448120123597,-1.2999961305054988,0.0749881393687296,-1.3,-1.3,2.0
96.375,-1.2606448120123597,-1.2999961305054988,0.0749881393687296,-1.3,-1.3,2.0
96.384,-1.2606448120123597,-1.2999961305054988,0.0749881393687296,-1.3,-1.3,2.0
96.39,-1.2606448120123597,-1.2999961305054988,0.0749881393687296,-1.3,-1.3,2.0
96.4,-1.2606448120123597,-1.2999961305054988,0.0749881393687296,-1.3,-1.3,2.0
96.418,-1.2606448120123597,-1.2999961305054988,0.0749881393687296,-1.3,-1.3,2.0
96.42,-1.2606448120123597,-1.2999961305054988,0.0749881393687296,-1.3,-1.3,2.0
96.43,-1.2606448120123597,-1.2999961305054988,0.0749881393687296,-1.3,-1.3,2.0
96.448,-1.2606448120123597,-1.2999961305054988,0.0749881393687296,-1.3,-1.3,2.0
96.45,-1.2606448120123597,-1.2999961305054988,0.0749881393687296,-1.3,-1.3,2.0
96.46,-1.2606448120123597,-1.2999961305054988,0.0749881393687296,-1.3,-1.3,2.0
96.478,-1.2606448120123597,-1.2999961305054988,0.0749881393687296,-1.3,-1.3,2.0
96.481,-1.2606448120123597,-1.2999961305054988,0.0749881393687296,-1.3,-1.3,2.0
96.492,-1.2606448120123597,-1.2999961305054988,0.0749881393687296,-1.3,-1.3,2.0
96.5,-1.2606448120123597,-1.2999961305054988,0.0749881393687296,-1.3,-1.3,2.0
96.513,-1.2606448120123597,-1.2999961305054988,0.0749881393687296,-1.3,-1.3,2.0
96.52,-1.2606448120123597,-1.2999961305054988,0.0749881393687296,-1.3,-1.3,2.0
96.542,-1.2606448120123597,-1.2999961305054988,0.0749881393687296,-1.3,-1.3,2.0
96.556,-1.2606448120123597,-1.2999961305054988,0.0749881393687296,-1.3,-1.3,2.0
96.772,-1.2606448120123597,-1.2999961305054988,0.0749881393687296,-1.3,-1.3,2.0
96.78,-1.2606448120123597,-1.2999961305054988,0.0749881393687296,-1.3,-1.3,2.0
97.11,-1.2606448120123597,-1.2999961305054988,0.0749881393687296,-1.3,-1.3,2.0
97.11,-1.2606448120123597,-1.2999961305054988,0.0749881393687296,-1.3,-1.3,2.0
97.47,-1.2606448120123597,-1.2999961305054988,0.0749881393687296,-1.3,-1.3,2.0
97.49,-1.2606448120123597,-1.2999961305054988,0.0749881393687296,-1.3,-1.3,2.0
97.81,-1.2606448120123597,-1.2999961305054988,0.0749881393687296,-1.3,-1.3,2.0
97.826,-1.2606448120123597,-1.2999961305054988,0.0749881393687296,-1.3,-1.3,2.0
98.131,-1.2606448120123597,-1.2999961305054988,0.0749881393687296,-1.3,-1.3,2.0
98.14,-1.2606448120123597,-1.2999961305054988,0.0749881393687296,-1.3,-1.3,2.0
98.484,-1.2606448120123597,-1.2999961305054988,0.0749881393687296,-1.3,-1.3,2.0
98.49,-1.2606448120123597,-1.2999961305054988,0.0749881393687296,-1.3,-1.3,2.0
98.5,-1.2606448120123597,-1.2999961305054988,0.0749881393687296,-1.3,-1.3,2.0
98.52,-1.2606448120123597,-1.2999961305054988,0.0749881393687296,-1.3,-1.3,2.0
98.52,-1.2606448120123597,-1.2999961305054988,0.0749881393687296,-1.3,-1.3,2.0
98.533,-1.2606448120123597,-1.2999961305054988,0.0749881393687296,-1.3,-1.3,2.0
98.551,-1.2606448120123597,-1.2999961305054988,0.0749881393687296,-1.3,-1.3,2.0
98.56,-1.2606448120123597,-1.2999961305054988,0.0749881393687296,-1.3,-1.3,2.0
98.577,-1.2606448120123597,-1.2999961305054988,0.0749881393687296,-1.3,-1.3,2.0
98.581,-1.2606448120123597,-1.2999961305054988,0.0749881393687296,-1.3,-1.3,2.0
98.592,-1.2606448120123597,-1.2999961305054988,0.0749881393687296,-1.3,-1.3,2.0
98.6,-1.2606448120123597,-1.2999961305054988,0.0749881393687296,-1.3,-1.3,2.0
98.611,-1.2606448120123597,-1.2999961305054988,0.0749881393687296,-1.3,-1.3,2.0
98.629,-1.2606448120123597,-1.2999961305054988,0.0749881393687296,-1.3,-1.3,2.0
98.63,-1.2606448120123597,-1.2999961305054988,0.0749881393687296,-1.3,-1.3,2.0
98.643,-1.2606448120123597,-1.2999961305054988,0.0749881393687296,-1.3,-1.3,2.0
98.86,-1.2606448120123597,-1.2999961305054988,0.0749881393687296,-1.3,-1.3,2.0
98.87,-1.2606448120123597,-1.2999961305054988,0.0749881393687296,-1.3,-1.3,2.0
99.2,-1.2606448120123597,-1.2999961305054988,0.0749881393687296,-1.3,-1.3,2.0
99.213,-1.2606448120123597,-1.2999961305054988,0.0749881393687296,-1.3,-1.3,2.0
99.543,-1.2606448120123597,-1.2999961305054988,0.0749881393687296,-1.3,-1.3,2.0
99.555,-1.2606448120123597,-1.2999961305054988,0.0749881393687296,-1.3,-1.3,2.0
99.872,-1.2606448120123597,-1.2999961305054988,0.0749881393687296,-1.3,-1.3,2.0
99.88,-1.2606448120123597,-1.2999961305054988,0.0749881393687296,-1.3,-1.3,2.0
100.17,-1.2606448120123597,-1.2999961305054988,0.0749881393687296,-1.3,-1.3,2.0
100.181,-1.2606448120123597,-1.2999961305054988,0.0749881393687296,-1.3,-1.3,2.0
100.561,-1.2606448120123597,-1.2999961305054988,0.0749881393687296,-1.3,-1.3,2.0
100.576,-1.2606448120123597,-1.2999961305054988,0.0749881393687296,-1.3,-1.3,2.0
100.959,-1.2606448120123597,-1.2999961305054988,0.0749881393687296,-1.3,-1.3,2.0
100.963,-1.2606448120123597,-1.2999961305054988,0.0749881393687296,-1.3,-1.3,2.0
101.27,-1.2606448120123597,-1.2999961305054988,0.0749881393687296,-1.3,-1.3,2.0
101.281,-1.2606448120123597,-1.2999961305054988,0.0749881393687296,-1.3,-1.3,2.0
101.614,-1.2606448120123597,-1.2999961305054988,0.0749881393687296,-1.3,-1.3,2.0
101.626,-1.2606448120123597,-1.2999961305054988,0.0749881393687296,-1.3,-1.3,2.0
101.94,-1.2606448120123597,-1.2999961305054988,0.0749881393687296,-1.3,-1.3,2.0
101.96,-1.2606448120123597,-1.2999961305054988,0.0749881393687296,-1.3,-1.3,2.0
102.26,-1.2606448120123597,-1.2999961305054988,0.0749881393687296,-1.3,-1.3,2.0
102.273,-1.2606448120123597,-1.2999961305054988,0.0749881393687296,-1.3,-1.3,2.0
102.582,-1.2606448120123597,-1.2999961305054988,0.0749881393687296,-1.3,-1.3,2.0
102.592,-1.2606448120123597,-1.2999961305054988,0.0749881393687296,-1.3,-1.3,2.0
102.6,-1.2606448120123597,-1.2999961305054988,0.0749881393687296,-1.3,-1.3,2.0
102.612,-1.2606448120123597,-1.2999961305054988,0.0749881393687296,-1.3,-1.3,2.0
102.624,-1.2606448120123597,-1.2999961305054988,0.0749881393687296,-1.3,-1.3,2.0
102.63,-1.2606448120123597,-1.2999961305054988,0.0749881393687296,-1.3,-1.3,2.0
102.64,-1.2606448120123597,-1.2999961305054988,0.0749881393687296,-1.3,-1.3,2.0
102.651,-1.2606448120123597,-1.2999961305054988,0.0749881393687296,-1.3,-1.3,2.0
102.66,-1.2606448120123597,-1.2999961305054988,0.0749881393687296,-1.3,-1.3,2.0
102.673,-1.2606448120123597,-1.2999961305054988,0.0749881393687296,-1.3,-1.3,2.0
102.68,-1.2606448120123597,-1.2999961305054988,0.0749881393687296,-1.3,-1.3,2.0
102.694,-1.2606448120123597,-1.2999961305054988,0.0749881393687296,-1.3,-1.3,2.0
102.717,-1.2606448120123597,-1.2999961305054988,0.0749881393687296,-1.3,-1.3,2.0
102.722,-1.2606448120123597,-1.2999961305054988,0.0749881393687296,-1.3,-1.3,2.0
102.734,-1.2606448120123597,-1.2999961305054988,0.0749881393687296,-1.3,-1.3,2.0
102.744,-1.2606448120123597,-1.2999961305054988,0.0749881393687296,-1.3,-1.3,2.0
103.036,-1.2606448120123597,-1.2999961305054988,0.0749881393687296,-1.3,-1.3,2.0
103.057,-1.2606448120123597,-1.2999961305054988,0.0749881393687296,-1.3,-1.3,2.0
103.411,-1.2606448120123597,-1.2999961305054988,0.0749881393687296,-1.3,-1.3,2.0
103.424,-1.2606448120123597,-1.2999961305054988,0.0749881393687296,-1.3,-1.3,2.0
103.755,-1.2606448120123597,-1.2999961305054988,0.0749881393687296,-1.3,-1.3,2.0
103.776,-1.2606448120123597,-1.2999961305054988,0.0749881393687296,-1.3,-1.3,2.0
104.162,-1.2606448120123597,-1.2999961305054988,0.0749881393687296,-1.3,-1.3,2.0
104.17,-1.2606448120123597,-1.2999961305054988,0.0749881393687296,-1.3,-1.3,2.0
104.455,-1.2606448120123597,-1.2999961305054988,0.0749881393687296,-1.3,-1.3,2.0
104.46,-1.2606448120123597,-1.2999961305054988,0.0749881393687296,-1.3,-1.3,2.0
104.844,-1.2606448120123597,-1.2999961305054988,0.0749881393687296,-1.3,-1.3,2.0
104.856,-1.2606448120123597,-1.2999961305054988,0.0749881393687296,-1.3,-1.3,2.0
105.151,-1.2606448120123597,-1.2999961305054988,0.0749881393687296,-1.3,-1.3,2.0
105.16,-1.2606448120123597,-1.2999961305054988,0.0749881393687296,-1.3,-1.3,2.0
105.484,-1.2606448120123597,-1.2999961305054988,0.0749881393687296,-1.3,-1.3,2.0
105.49,-1.2606448120123597,-1.2999961305054988,0.0749881393687296,-1.3,-1.3,2.0
105.76,-1.2606448120123597,-1.2999961305054988,0.0749881393687296,-1.3,-1.3,2.0
105.774,-1.2606448120123597,-1.2999961305054988,0.0749881393687296,-1.3,-1.3,2.0
106.05,-1.2606448120123597,-1.2999961305054988,0.0749881393687296,-1.3,-1.3,2.0
106.06,-1.2606448120123597,-1.2999961305054988,0.0749881393687296,-1.3,-1.3,2.0
106.42,-1.2606448120123597,-1.2999961305054988,0.0749881393687296,-1.3,-1.3,2.0
106.431,-1.2606448120123597,-1.2999961305054988,0.0749881393687296,-1.3,-1.3,2.0
106.741,-1.2606448120123597,-1.2999961305054988,0.0749881393687296,-1.3,-1.3,2.0
106.755,-1.2606448120123597,-1.2999961305054988,0.0749881393687296,-1.3,-1.3,2.0
106.76,-1.2606448120123597,-1.2999961305054988,0.0749881393687296,-1.3,-1.3,2.0
106.783,-1.2606448120123597,-1.2999961305054988,0.0749881393687296,-1.3,-1.3,2.0
106.795,-1.2606448120123597,-1.2999961305054988,0.0749881393687296,-1.3,-1.3,2.0
106.803,-1.2606448120123597,-1.2999961305054988,0.0749881393687296,-1.3,-1.3,2.0
106.818,-1.2606448120123597,-1.2999961305054988,0.0749881393687296,-1.3,-1.3,2.0
106.822,-1.2606448120123597,-1.2999961305054988,0.0749881393687296,-1.3,-1.3,2.0
106.833,-1.2606448120123597,-1.2999961305054988,0.0749881393687296,-1.3,-1.3,2.0
106.84,-1.2606448120123597,-1.2999961305054988,0.0749881393687296,-1.3,-1.3,2.0
106.858,-1.2606448120123597,-1.2999961305054988,0.0749881393687296,-1.3,-1.3,2.0
106.868,-1.2606448120123597,-1.2999961305054988,0.0749881393687296,-1.3,-1.3,2.0
106.873,-1.2606448120123597,-1.2999961305054988,0.0749881393687296,-1.3,-1.3,2.0
106.88,-1.2606448120123597,-1.2999961305054988,0.0749881393687296,-1.3,-1.3,2.0
106.896,-1.2606448120123597,-1.2999961305054988,0.0749881393687296,-1.3,-1.3,2.0
106.902,-1.2606448120123597,-1.2999961305054988,0.0749881393687296,-1.3,-1.3,2.0
106.91,-1.2606448120123597,-1.2999961305054988,0.0749881393687296,-1.3,-1.3,2.0
106.923,-1.2606448120123597,-1.2999961305054988,0.0749881393687296,-1.3,-1.3,2.0
106.935,-1.2606448120123597,-1.2999961305054988,0.0749881393687296,-1.3,-1.3,2.0
106.94,-1.2606448120123597,-1.2999961305054988,0.0749881393687296,-1.3,-1.3,2.0
106.951,-1.2606448120123597,-1.2999961305054988,0.0749881393687296,-1.3,-1.3,2.0
106.962,-1.2606448120123597,-1.2999961305054988,0.0749881393687296,-1.3,-1.3,2.0
106.971,-1.2606448120123597,-1.2999961305054988,0.0749881393687296,-1.3,-1.3,2.0
106.98,-1.2606448120123597,-1.2999961305054988,0.0749881393687296,-1.3,-1.3,2.0
106.992,-1.2606448120123597,-1.2999961305054988,0.0749881393687296,-1.3,-1.3,2.0
107.005,-1.2606448120123597,-1.2999961305054988,0.0749881393687296,-1.3,-1.3,2.0
107.02,-1.2606448120123597,-1.2999961305054988,0.0749881393687296,-1.3,-1.3,2.0
107.023,-1.2606448120123597,-1.2999961305054988,0.0749881393687296,-1.3,-1.3,2.0
107.032,-1.2606448120123597,-1.2999961305054988,0.0749881393687296,-1.3,-1.3,2.0
107.041,-1.2606448120123597,-1.2999961305054988,0.0749881393687296,-1.3,-1.3,2.0
107.058,-1.2606448120123597,-1.2999961305054988,0.0749881393687296,-1.3,-1.3,2.0
107.06,-1.2606448120123597,-1.2999961305054988,0.0749881393687296,-1.3,-1.3,2.0
107.07,-1.2606448120123597,-1.2999961305054988,0.0749881393687296,-1.3,-1.3,2.0
107.08,-1.2606448120123597,-1.2999961305054988,0.0749881393687296,-1.3,-1.3,2.0
107.095,-1.2606448120123597,-1.2999961305054988,0.0749881393687296,-1.3,-1.3,2.0
107.102,-1.2606448120123597,-1.2999961305054988,0.0749881393687296,-1.3,-1.3,2.0
107.111,-1.2606448120123597,-1.2999961305054988,0.0749881393687296,-1.3,-1.3,2.0
107.134,-1.2606448120123597,-1.2999961305054988,0.0749881393687296,-1.3,-1.3,2.0
107.15,-1.2606448120123597,-1.2999961305054988,0.0749881393687296,-1.3,-1.3,2.0
107.153,-1.2606448120123597,-1.2999961305054988,0.0749881393687296,-1.3,-1.3,2.0
107.16,-1.2606448120123597,-1.2999961305054988,0.0749881393687296,-1.3,-1.3,2.0
107.171,-1.2606448120123597,-1.2999961305054988,0.0749881393687296,-1.3,-1.3,2.0
107.183,-1.2606448120123597,-1.2999961305054988,0.0749881393687296,-1.3,-1.3,2.0
107.192,-1.2606448120123597,-1.2999961305054988,0.0749881393687296,-1.3,-1.3,2.0
107.2,-1.2606448120123597,-1.2999961305054988,0.0749881393687296,-1.3,-1.3,2.0
107.21,-1.2606448120123597,-1.2999961305054988,0.0749881393687296,-1.3,-1.3,2.0
107.227,-1.2606448120123597,-1.2999961305054988,0.0749881393687296,-1.3,-1.3,2.0
107.24,-1.2606448120123597,-1.2999961305054988,0.0749881393687296,-1.3,-1.3,2.0
107.24,-1.2606448120123597,-1.2999961305054988,0.0749881393687296,-1.3,-1.3,2.0
107.25,-1.2606448120123597,-1.2999961305054988,0.0749881393687296,-1.3,-1.3,2.0
107.846,-1.2606448120123597,-1.2999961305054988,0.0749881393687296,-1.3,-1.3,2.0
107.857,-1.2606448120123597,-1.2999961305054988,0.0749881393687296,-1.3,-1.3,2.0
108.121,-1.2606448120123597,-1.2999961305054988,0.0749881393687296,-1.3,-1.3,2.0
108.138,-1.2606448120123597,-1.2999961305054988,0.0749881393687296,-1.3,-1.3,2.0
108.154,-1.2606448120123597,-1.2999961305054988,0.0749881393687296,-1.3,-1.3,2.0
108.16,-1.2606448120123597,-1.2999961305054988,0.0749881393687296,-1.3,-1.3,2.0
108.183,-1.2606448120123597,-1.2999961305054988,0.0749881393687296,-1.3,-1.3,2.0
108.206,-1.2606448120123597,-1.2999961305054988,0.0749881393687296,-1.3,-1.3,2.0
108.217,-1.2606448120123597,-1.2999961305054988,0.0749881393687296,-1.3,-1.3,2.0
108.222,-1.2606448120123597,-1.2999961305054988,0.0749881393687296,-1.3,-1.3,2.0
108.23,-1.2606448120123597,-1.2999961305054988,0.0749881393687296,-1.3,-1.3,2.0
108.241,-1.2606448120123597,-1.2999961305054988,0.0749881393687296,-1.3,-1.3,2.0
108.253,-1.2606448120123597,-1.2999961305054988,0.0749881393687296,-1.3,-1.3,2.0
108.26,-1.2606448120123597,-1.2999961305054988,0.0749881393687296,-1.3,-1.3,2.0
108.441,-1.2606448120123597,-1.2999961305054988,0.0749881393687296,-1.3,-1.3,2.0
108.453,-1.2606448120123597,-1.2999961305054988,0.0749881393687296,-1.3,-1.3,2.0
108.46,-1.2606448120123597,-1.2999961305054988,0.0749881393687296,-1.3,-1.3,2.0
108.47,-1.2606448120123597,-1.2999961305054988,0.0749881393687296,-1.3,-1.3,2.0
108.48,-1.2606448120123597,-1.2999961305054988,0.0749881393687296,-1.3,-1.3,2.0
108.491,-1.2606448120123597,-1.2999961305054988,0.0749881393687296,-1.3,-1.3,2.0
108.501,-1.2606448120123597,-1.2999961305054988,0.0749881393687296,-1.3,-1.3,2.0
108.514,-1.2606448120123597,-1.2999961305054988,0.0749881393687296,-1.3,-1.3,2.0
108.523,-1.2606448120123597,-1.2999961305054988,0.0749881393687296,-1.3,-1.3,2.0
108.537,-1.2606448120123597,-1.2999961305054988,0.0749881393687296,-1.3,-1.3,2.0
108.544,-1.2606448120123597,-1.2999961305054988,0.0749881393687296,-1.3,-1.3,2.0
108.558,-1.2606448120123597,-1.2999961305054988,0.0749881393687296,-1.3,-1.3,2.0
108.821,-1.2606448120123597,-1.2999961305054988,0.0749881393687296,-1.3,-1.3,2.0
108.832,-1.2606448120123597,-1.2999961305054988,0.0749881393687296,-1.3,-1.3,2.0
108.84,-1.2606448120123597,-1.2999961305054988,0.0749881393687296,-1.3,-1.3,2.0
108.854,-1.2606448120123597,-1.2999961305054988,0.0749881393687296,-1.3,-1.3,2.0
108.86,-1.2606448120123597,-1.2999961305054988,0.0749881393687296,-1.3,-1.3,2.0
108.873,-1.2606448120123597,-1.2999961305054988,0.0749881393687296,-1.3,-1.3,2.0
108.88,-1.2606448120123597,-1.2999961305054988,0.0749881393687296,-1.3,-1.3,2.0
108.892,-1.2606448120123597,-1.2999961305054988,0.0749881393687296,-1.3,-1.3,2.0
108.901,-1.2606448120123597,-1.2999961305054988,0.0749881393687296,-1.3,-1.3,2.0
108.911,-1.2606448120123597,-1.2999961305054988,0.0749881393687296,-1.3,-1.3,2.0
108.927,-1.2606448120123597,-1.2999961305054988,0.0749881393687296,-1.3,-1.3,2.0
108.93,-1.2606448120123597,-1.2999961305054988,0.0749881393687296,-1.3,-1.3,2.0
108.944,-1.2606448120123597,-1.2999961305054988,0.0749881393687296,-1.3,-1.3,2.0
108.96,-1.2606448120123597,-1.2999961305054988,0.0749881393687296,-1.3,-1.3,2.0
109.185,-1.2606448120123597,-1.2999961305054988,0.0749881393687296,-1.3,-1.3,2.0
109.2,-1.2606448120123597,-1.2999961305054988,0.0749881393687296,-1.3,-1.3,2.0
109.52,-1.2606448120123597,-1.2999961305054988,0.0749881393687296,-1.3,-1.3,2.0
109.52,-1.2606448120123597,-1.2999961305054988,0.0749881393687296,-1.3,-1.3,2.0
109.781,-1.2606448120123597,-1.2999961305054988,0.0749881393687296,-1.3,-1.3,2.0
109.792,-1.2606448120123597,-1.2999961305054988,0.0749881393687296,-1.3,-1.3,2.0
110.16,-1.2606448120123597,-1.2999961305054988,0.0749881393687296,-1.3,-1.3,2.0
110.16,-1.2606448120123597,-1.2999961305054988,0.0749881393687296,-1.3,-1.3,2.0
110.558,-1.2606448120123597,-1.2999961305054988,0.0749881393687296,-1.3,-1.3,2.0
110.56,-1.2606448120123597,-1.2999961305054988,0.0749881393687296,-1.3,-1.3,2.0
110.575,-1.2606448120123597,-1.2999961305054988,0.0749881393687296,-1.3,-1.3,2.0
110.58,-1.2606448120123597,-1.2999961305054988,0.0749881393687296,-1.3,-1.3,2.0
110.59,-1.2606448120123597,-1.2999961305054988,0.0749881393687296,-1.3,-1.3,2.0
110.6,-1.2606448120123597,-1.2999961305054988,0.0749881393687296,-1.3,-1.3,2.0
110.61,-1.2606448120123597,-1.2999961305054988,0.0749881393687296,-1.3,-1.3,2.0
110.62,-1.2606448120123597,-1.2999961305054988,0.0749881393687296,-1.3,-1.3,2.0
110.636,-1.2606448120123597,-1.2999961305054988,0.0749881393687296,-1.3,-1.3,2.0
110.642,-1.2606448120123597,-1.2999961305054988,0.0749881393687296,-1.3,-1.3,2.0
110.651,-1.2606448120123597,-1.2999961305054988,0.0749881393687296,-1.3,-1.3,2.0
110.66,-1.2606448120123597,-1.2999961305054988,0.0749881393687296,-1.3,-1.3,2.0
110.672,-1.2606448120123597,-1.2999961305054988,0.0749881393687296,-1.3,-1.3,2.0
110.682,-1.2606448120123597,-1.2999961305054988,0.0749881393687296,-1.3,-1.3,2.0
110.69,-1.2606448120123597,-1.2999961305054988,0.0749881393687296,-1.3,-1.3,2.0
110.701,-1.2606448120123597,-1.2999961305054988,0.0749881393687296,-1.3,-1.3,2.0
110.71,-1.2606448120123597,-1.2999961305054988,0.0749881393687296,-1.3,-1.3,2.0
110.72,-1.2606448120123597,-1.2999961305054988,0.0749881393687296,-1.3,-1.3,2.0
110.73,-1.2606448120123597,-1.2999961305054988,0.0749881393687296,-1.3,-1.3,2.0
110.747,-1.2606448120123597,-1.2999961305054988,0.0749881393687296,-1.3,-1.3,2.0
110.75,-1.2606448120123597,-1.2999961305054988,0.0749881393687296,-1.3,-1.3,2.0
110.76,-1.2606448120123597,-1.2999961305054988,0.0749881393687296,-1.3,-1.3,2.0
110.77,-1.2606448120123597,-1.2999961305054988,0.0749881393687296,-1.3,-1.3,2.0
110.784,-1.2606448120123597,-1.2999961305054988,0.0749881393687296,-1.3,-1.3,2.0
110.791,-1.2606448120123597,-1.2999961305054988,0.0749881393687296,-1.3,-1.3,2.0
110.802,-1.2606448120123597,-1.2999961305054988,0.0749881393687296,-1.3,-1.3,2.0
110.811,-1.2606448120123597,-1.2999961305054988,0.0749881393687296,-1.3,-1.3,2.0
110.822,-1.2606448120123597,-1.2999961305054988,0.0749881393687296,-1.3,-1.3,2.0
110.836,-1.2606448120123597,-1.2999961305054988,0.0749881393687296,-1.3,-1.3,2.0
110.842,-1.2606448120123597,-1.2999961305054988,0.0749881393687296,-1.3,-1.3,2.0
110.852,-1.2606448120123597,-1.2999961305054988,0.0749881393687296,-1.3,-1.3,2.0
110.861,-1.2606448120123597,-1.2999961305054988,0.0749881393687296,-1.3,-1.3,2.0
110.871,-1.2606448120123597,-1.2999961305054988,0.0749881393687296,-1.3,-1.3,2.0
110.884,-1.2606448120123597,-1.2999961305054988,0.0749881393687296,-1.3,-1.3,2.0
110.89,-1.2606448120123597,-1.2999961305054988,0.0749881393687296,-1.3,-1.3,2.0
110.904,-1.2606448120123597,-1.2999961305054988,0.0749881393687296,-1.3,-1.3,2.0
110.916,-1.2606448120123597,-1.2999961305054988,0.0749881393687296,-1.3,-1.3,2.0
110.92,-1.2606448120123597,-1.2999961305054988,0.0749881393687296,-1.3,-1.3,2.0
110.93,-1.2606448120123597,-1.2999961305054988,0.0749881393687296,-1.3,-1.3,2.0
110.941,-1.2606448120123597,-1.2999961305054988,0.0749881393687296,-1.3,-1.3,2.0
111.19,-1.2606448120123597,-1.2999961305054988,0.0749881393687296,-1.3,-1.3,2.0
111.201,-1.2606448120123597,-1.2999961305054988,0.0749881393687296,-1.3,-1.3,2.0
111.5,-1.2606448120123597,-1.2999961305054988,0.0749881393687296,-1.3,-1.3,2.0
111.516,-1.2606448120123597,-1.2999961305054988,0.0749881393687296,-1.3,-1.3,2.0
111.831,-1.2606448120123597,-1.2999961305054988,0.0749881393687296,-1.3,-1.3,2.0
111.847,-1.2606448120123597,-1.2999961305054988,0.0749881393687296,-1.3,-1.3,2.0
112.16,-1.2606448120123597,-1.2999961305054988,0.0749881393687296,-1.3,-1.3,2.0
112.173,-1.2606448120123597,-1.2999961305054988,0.0749881393687296,-1.3,-1.3,2.0
112.183,-1.2606448120123597,-1.2999961305054988,0.0749881393687296,-1.3,-1.3,2.0
112.19,-1.2606448120123597,-1.2999961305054988,0.0749881393687296,-1.3,-1.3,2.0
112.212,-1.2606448120123597,-1.2999961305054988,0.0749881393687296,-1.3,-1.3,2.0
112.226,-1.2606448120123597,-1.2999961305054988,0.0749881393687296,-1.3,-1.3,2.0
112.236,-1.2606448120123597,-1.2999961305054988,0.0749881393687296,-1.3,-1.3,2.0
112.24,-1.2606448120123597,-1.2999961305054988,0.0749881393687296,-1.3,-1.3,2.0
112.255,-1.2606448120123597,-1.2999961305054988,0.0749881393687296,-1.3,-1.3,2.0
112.26,-1.2606448120123597,-1.2999961305054988,0.0749881393687296,-1.3,-1.3,2.0
112.278,-1.2606448120123597,-1.2999961305054988,0.0749881393687296,-1.3,-1.3,2.0
112.281,-1.2606448120123597,-1.2999961305054988,0.0749881393687296,-1.3,-1.3,2.0
112.291,-1.2606448120123597,-1.2999961305054988,0.0749881393687296,-1.3,-1.3,2.0
112.302,-1.2606448120123597,-1.2999961305054988,0.0749881393687296,-1.3,-1.3,2.0
112.31,-1.2606448120123597,-1.2999961305054988,0.0749881393687296,-1.3,-1.3,2.0
112.32,-1.2606448120123597,-1.2999961305054988,0.0749881393687296,-1.3,-1.3,2.0
112.333,-1.2606448120123597,-1.2999961305054988,0.0749881393687296,-1.3,-1.3,2.0
112.347,-1.2606448120123597,-1.2999961305054988,0.0749881393687296,-1.3,-1.3,2.0
112.35,-1.2606448120123597,-1.2999961305054988,0.0749881393687296,-1.3,-1.3,2.0
112.36,-1.2606448120123597,-1.2999961305054988,0.0749881393687296,-1.3,-1.3,2.0
112.37,-1.2606448120123597,-1.2999961305054988,0.0749881393687296,-1.3,-1.3,2.0
112.381,-1.2606448120123597,-1.2999961305054988,0.0749881393687296,-1.3,-1.3,2.0
112.39,-1.2606448120123597,-1.2999961305054988,0.0749881393687296,-1.3,-1.3,2.0
112.405,-1.2606448120123597,-1.2999961305054988,0.0749881393687296,-1.3,-1.3,2.0
112.412,-1.2606448120123597,-1.2999961305054988,0.0749881393687296,-1.3,-1.3,2.0
112.424,-1.2606448120123597,-1.2999961305054988,0.0749881393687296,-1.3,-1.3,2.0
112.436,-1.2606448120123597,-1.2999961305054988,0.0749881393687296,-1.3,-1.3,2.0
112.44,-1.2606448120123597,-1.2999961305054988,0.0749881393687296,-1.3,-1.3,2.0
112.451,-1.2606448120123597,-1.2999961305054988,0.0749881393687296,-1.3,-1.3,2.0
112.46,-1.2606448120123597,-1.2999961305054988,0.0749881393687296,-1.3,-1.3,2.0
112.471,-1.2606448120123597,-1.2999961305054988,0.0749881393687296,-1.3,-1.3,2.0
112.48,-1.2606448120123597,-1.2999961305054988,0.0749881393687296,-1.3,-1.3,2.0
112.492,-1.2606448120123597,-1.2999961305054988,0.0749881393687296,-1.3,-1.3,2.0
112.501,-1.2606448120123597,-1.2999961305054988,0.0749881393687296,-1.3,-1.3,2.0
112.512,-1.2606448120123597,-1.2999961305054988,0.0749881393687296,-1.3,-1.3,2.0
112.527,-1.2606448120123597,-1.2999961305054988,0.0749881393687296,-1.3,-1.3,2.0
112.534,-1.2606448120123597,-1.2999961305054988,0.0749881393687296,-1.3,-1.3,2.0
112.54,-1.2606448120123597,-1.2999961305054988,0.0749881393687296,-1.3,-1.3,2.0
112.55,-1.2606448120123597,-1.2999961305054988,0.0749881393687296,-1.3,-1.3,2.0
112.56,-1.2606448120123597,-1.2999961305054988,0.0749881393687296,-1.3,-1.3,2.0
112.86,-1.2606448120123597,-1.2999961305054988,0.0749881393687296,-1.3,-1.3,2.0
112.877,-1.2606448120123597,-1.2999961305054988,0.0749881393687296,-1.3,-1.3,2.0
112.88,-1.2606448120123597,-1.2999961305054988,0.0749881393687296,-1.3,-1.3,2.0
112.89,-1.2606448120123597,-1.2999961305054988,0.0749881393687296,-1.3,-1.3,2.0
113.271,-1.2606448120123597,-1.2999961305054988,0.0749881393687296,-1.3,-1.3,2.0
113.28,-1.2606448120123597,-1.2999961305054988,0.0749881393687296,-1.3,-1.3,2.0
113.608,-1.2606448120123597,-1.2999961305054988,0.0749881393687296,-1.3,-1.3,2.0
113.613,-1.2606448120123597,-1.2999961305054988,0.0749881393687296,-1.3,-1.3,2.0
113.96,-1.2606448120123597,-1.2999961305054988,0.0749881393687296,-1.3,-1.3,2.0
113.971,-1.2606448120123597,-1.2999961305054988,0.0749881393687296,-1.3,-1.3,2.0
114.28,-1.2606448120123597,-1.2999961305054988,0.0749881393687296,-1.3,-1.3,2.0
114.301,-1.2606448120123597,-1.2999961305054988,0.0749881393687296,-1.3,-1.3,2.0
114.61,-1.2606448120123597,-1.2999961305054988,0.0749881393687296,-1.3,-1.3,2.0
114.626,-1.2606448120123597,-1.2999961305054988,0.0749881393687296,-1.3,-1.3,2.0
114.942,-1.2606448120123597,-1.2999961305054988,0.0749881393687296,-1.3,-1.3,2.0
114.96,-1.2606448120123597,-1.2999961305054988,0.0749881393687296,-1.3,-1.3,2.0
114.96,-1.2606448120123597,-1.2999961305054988,0.0749881393687296,-1.3,-1.3,2.0
114.97,-1.2606448120123597,-1.2999961305054988,0.0749881393687296,-1.3,-1.3,2.0
114.985,-1.2606448120123597,-1.2999961305054988,0.0749881393687296,-1.3,-1.3,2.0
114.99,-1.2606448120123597,-1.2999961305054988,0.0749881393687296,-1.3,-1.3,2.0
115.0,-1.2606448120123597,-1.2999961305054988,0.0749881393687296,-1.3,-1.3,2.0
115.013,-1.2606448120123597,-1.2999961305054988,0.0749881393687296,-1.3,-1.3,2.0
115.023,-1.2606448120123597,-1.2999961305054988,0.0749881393687296,-1.3,-1.3,2.0
115.03,-1.2606448120123597,-1.2999961305054988,0.0749881393687296,-1.3,-1.3,2.0
115.04,-1.2606448120123597,-1.2999961305054988,0.0749881393687296,-1.3,-1.3,2.0
115.053,-1.2606448120123597,-1.2999961305054988,0.0749881393687296,-1.3,-1.3,2.0
115.26,-1.2606448120123597,-1.2999961305054988,0.0749881393687296,-1.3,-1.3,2.0
115.26,-1.2606448120123597,-1.2999961305054988,0.0749881393687296,-1.3,-1.3,2.0
115.638,-1.2606448120123597,-1.2999961305054988,0.0749881393687296,-1.3,-1.3,2.0
115.647,-1.2606448120123597,-1.2999961305054988,0.0749881393687296,-1.3,-1.3,2.0
115.99,-1.2606448120123597,-1.2999961305054988,0.0749881393687296,-1.3,-1.3,2.0
116.002,-1.2606448120123597,-1.2999961305054988,0.0749881393687296,-1.3,-1.3,2.0
116.38,-1.2606448120123597,-1.2999961305054988,0.0749881393687296,-1.3,-1.3,2.0
116.39,-1.2606448120123597,-1.2999961305054988,0.0749881393687296,-1.3,-1.3,2.0
116.69,-1.2606448120123597,-1.2999961305054988,0.0749881393687296,-1.3,-1.3,2.0
116.711,-1.2606448120123597,-1.2999961305054988,0.0749881393687296,-1.3,-1.3,2.0
117.071,-1.2606448120123597,-1.2999961305054988,0.0749881393687296,-1.3,-1.3,2.0
117.085,-1.2606448120123597,-1.2999961305054988,0.0749881393687296,-1.3,-1.3,2.0
117.406,-1.2606448120123597,-1.2999961305054988,0.0749881393687296,-1.3,-1.3,2.0
117.417,-1.2606448120123597,-1.2999961305054988,0.0749881393687296,-1.3,-1.3,2.0
117.775,-1.2606448120123597,-1.2999961305054988,0.0749881393687296,-1.3,-1.3,2.0
117.78,-1.2606448120123597,-1.2999961305054988,0.0749881393687296,-1.3,-1.3,2.0
118.1,-1.2606448120123597,-1.2999961305054988,0.0749881393687296,-1.3,-1.3,2.0
118.11,-1.2606448120123597,-1.2999961305054988,0.0749881393687296,-1.3,-1.3,2.0
118.44,-1.2606448120123597,-1.2999961305054988,0.0749881393687296,-1.3,-1.3,2.0
118.458,-1.2606448120123597,-1.2999961305054988,0.0749881393687296,-1.3,-1.3,2.0
118.77,-1.2606448120123597,-1.2999961305054988,0.0749881393687296,-1.3,-1.3,2.0
118.78,-1.2606448120123597,-1.2999961305054988,0.0749881393687296,-1.3,-1.3,2.0
119.112,-1.2606448120123597,-1.2999961305054988,0.0749881393687296,-1.3,-1.3,2.0
119.125,-1.2606448120123597,-1.2999961305054988,0.0749881393687296,-1.3,-1.3,2.0
119.46,-1.2606448120123597,-1.2999961305054988,0.0749881393687296,-1.3,-1.3,2.0
119.47,-1.2606448120123597,-1.2999961305054988,0.0749881393687296,-1.3,-1.3,2.0
119.791,-1.2606448120123597,-1.2999961305054988,0.0749881393687296,-1.3,-1.3,2.0
119.801,-1.2606448120123597,-1.2999961305054988,0.0749881393687296,-1.3,-1.3,2.0
120.193,-1.2606448120123597,-1.2999961305054988,0.0749881393687296,-1.3,-1.3,2.0
120.201,-1.2606448120123597,-1.2999961305054988,0.0749881393687296,-1.3,-1.3,2.0
120.608,-1.2606448120123597,-1.2999961305054988,0.0749881393687296,-1.3,-1.3,2.0
120.616,-1.2606448120123597,-1.2999961305054988,0.0749881393687296,-1.3,-1.3,2.0
120.951,-1.2606448120123597,-1.2999961305054988,0.0749881393687296,-1.3,-1.3,2.0
120.963,-1.2606448120123597,-1.2999961305054988,0.0749881393687296,-1.3,-1.3,2.0
121.27,-1.2606448120123597,-1.2999961305054988,0.0749881393687296,-1.3,-1.3,2.0
121.281,-1.2606448120123597,-1.2999961305054988,0.0749881393687296,-1.3,-1.3,2.0
121.604,-1.2606448120123597,-1.2999961305054988,0.0749881393687296,-1.3,-1.3,2.0
121.612,-1.2606448120123597,-1.2999961305054988,0.0749881393687296,-1.3,-1.3,2.0
121.94,-1.2606448120123597,-1.2999961305054988,0.0749881393687296,-1.3,-1.3,2.0
121.96,-1.2606448120123597,-1.2999961305054988,0.0749881393687296,-1.3,-1.3,2.0
122.26,-1.2606448120123597,-1.2999961305054988,0.0749881393687296,-1.3,-1.3,2.0
122.27,-1.2606448120123597,-1.2999961305054988,0.0749881393687296,-1.3,-1.3,2.0
122.636,-1.2606448120123597,-1.2999961305054988,0.0749881393687296,-1.3,-1.3,2.0
122.648,-1.2606448120123597,-1.2999961305054988,0.0749881393687296,-1.3,-1.3,2.0
122.994,-1.2606448120123597,-1.2999961305054988,0.0749881393687296,-1.3,-1.3,2.0
123.001,-1.2606448120123597,-1.2999961305054988,0.0749881393687296,-1.3,-1.3,2.0
123.36,-1.2606448120123597,-1.2999961305054988,0.0749881393687296,-1.3,-1.3,2.0
123.37,-1.2606448120123597,-1.2999961305054988,0.0749881393687296,-1.3,-1.3,2.0
123.384,-1.2606448120123597,-1.2999961305054988,0.0749881393687296,-1.3,-1.3,2.0
123.398,-1.2606448120123597,-1.2999961305054988,0.0749881393687296,-1.3,-1.3,2.0
123.4,-1.2606448120123597,-1.2999961305054988,0.0749881393687296,-1.3,-1.3,2.0
123.412,-1.2606448120123597,-1.2999961305054988,0.0749881393687296,-1.3,-1.3,2.0
123.42,-1.2606448120123597,-1.2999961305054988,0.0749881393687296,-1.3,-1.3,2.0
123.447,-1.2606448120123597,-1.2999961305054988,0.0749881393687296,-1.3,-1.3,2.0
123.453,-1.2606448120123597,-1.2999961305054988,0.0749881393687296,-1.3,-1.3,2.0
123.464,-1.2606448120123597,-1.2999961305054988,0.0749881393687296,-1.3,-1.3,2.0
123.478,-1.2606448120123597,-1.2999961305054988,0.0749881393687296,-1.3,-1.3,2.0
123.482,-1.2606448120123597,-1.2999961305054988,0.0749881393687296,-1.3,-1.3,2.0
123.49,-1.2606448120123597,-1.2999961305054988,0.0749881393687296,-1.3,-1.3,2.0
123.5,-1.2606448120123597,-1.2999961305054988,0.0749881393687296,-1.3,-1.3,2.0
123.517,-1.2606448120123597,-1.2999961305054988,0.0749881393687296,-1.3,-1.3,2.0
123.525,-1.2606448120123597,-1.2999961305054988,0.0749881393687296,-1.3,-1.3,2.0
123.532,-1.2606448120123597,-1.2999961305054988,0.0749881393687296,-1.3,-1.3,2.0
123.546,-1.2606448120123597,-1.2999961305054988,0.0749881393687296,-1.3,-1.3,2.0
123.891,-1.2606448120123597,-1.2999961305054988,0.0749881393687296,-1.3,-1.3,2.0
123.9,-1.2606448120123597,-1.2999961305054988,0.0749881393687296,-1.3,-1.3,2.0
123.911,-1.2606448120123597,-1.2999961305054988,0.0749881393687296,-1.3,-1.3,2.0
123.922,-1.2606448120123597,-1.2999961305054988,0.0749881393687296,-1.3,-1.3,2.0
123.93,-1.2606448120123597,-1.2999961305054988,0.0749881393687296,-1.3,-1.3,2.0
123.944,-1.2606448120123597,-1.2999961305054988,0.0749881393687296,-1.3,-1.3,2.0
123.951,-1.2606448120123597,-1.2999961305054988,0.0749881393687296,-1.3,-1.3,2.0
123.962,-1.2606448120123597,-1.2999961305054988,0.0749881393687296,-1.3,-1.3,2.0
123.971,-1.2606448120123597,-1.2999961305054988,0.0749881393687296,-1.3,-1.3,2.0
123.982,-1.2606448120123597,-1.2999961305054988,0.0749881393687296,-1.3,-1.3,2.0
123.995,-1.2606448120123597,-1.2999961305054988,0.0749881393687296,-1.3,-1.3,2.0
124.01,-1.2606448120123597,-1.2999961305054988,0.0749881393687296,-1.3,-1.3,2.0
124.012,-1.2606448120123597,-1.2999961305054988,0.0749881393687296,-1.3,-1.3,2.0
124.027,-1.2606448120123597,-1.2999961305054988,0.0749881393687296,-1.3,-1.3,2.0
124.039,-1.2606448120123597,-1.2999961305054988,0.0749881393687296,-1.3,-1.3,2.0
124.04,-1.2606448120123597,-1.2999961305054988,0.0749881393687296,-1.3,-1.3,2.0
124.313,-1.2606448120123597,-1.2999961305054988,0.0749881393687296,-1.3,-1.3,2.0
124.32,-1.2606448120123597,-1.2999961305054988,0.0749881393687296,-1.3,-1.3,2.0
124.337,-1.2606448120123597,-1.2999961305054988,0.0749881393687296,-1.3,-1.3,2.0
124.346,-1.2606448120123597,-1.2999961305054988,0.0749881393687296,-1.3,-1.3,2.0
124.35,-1.2606448120123597,-1.2999961305054988,0.0749881393687296,-1.3,-1.3,2.0
124.36,-1.2606448120123597,-1.2999961305054988,0.0749881393687296,-1.3,-1.3,2.0
124.37,-1.2606448120123597,-1.2999961305054988,0.0749881393687296,-1.3,-1.3,2.0
124.381,-1.2606448120123597,-1.2999961305054988,0.0749881393687296,-1.3,-1.3,2.0
124.391,-1.2606448120123597,-1.2999961305054988,0.0749881393687296,-1.3,-1.3,2.0
124.4,-1.2606448120123597,-1.2999961305054988,0.0749881393687296,-1.3,-1.3,2.0
124.412,-1.2606448120123597,-1.2999961305054988,0.0749881393687296,-1.3,-1.3,2.0
124.422,-1.2606448120123597,-1.2999961305054988,0.0749881393687296,-1.3,-1.3,2.0
124.431,-1.2606448120123597,-1.2999961305054988,0.0749881393687296,-1.3,-1.3,2.0
124.44,-1.2606448120123597,-1.2999961305054988,0.0749881393687296,-1.3,-1.3,2.0
124.45,-1.2606448120123597,-1.2999961305054988,0.0749881393687296,-1.3,-1.3,2.0
124.46,-1.2606448120123597,-1.2999961305054988,0.0749881393687296,-1.3,-1.3,2.0
124.47,-1.2606448120123597,-1.2999961305054988,0.0749881393687296,-1.3,-1.3,2.0
124.49,-1.2606448120123597,-1.2999961305054988,0.0749881393687296,-1.3,-1.3,2.0
124.49,-1.2606448120123597,-1.2999961305054988,0.0749881393687296,-1.3,-1.3,2.0
124.5,-1.2606448120123597,-1.2999961305054988,0.0749881393687296,-1.3,-1.3,2.0
124.512,-1.2606448120123597,-1.2999961305054988,0.0749881393687296,-1.3,-1.3,2.0
124.526,-1.2606448120123597,-1.2999961305054988,0.0749881393687296,-1.3,-1.3,2.0
124.538,-1.2606448120123597,-1.2999961305054988,0.0749881393687296,-1.3,-1.3,2.0
124.544,-1.2606448120123597,-1.2999961305054988,0.0749881393687296,-1.3,-1.3,2.0
124.772,-1.2606448120123597,-1.2999961305054988,0.0749881393687296,-1.3,-1.3,2.0
124.787,-1.2606448120123597,-1.2999961305054988,0.0749881393687296,-1.3,-1.3,2.0
125.081,-1.2606448120123597,-1.2999961305054988,0.0749881393687296,-1.3,-1.3,2.0
125.092,-1.2606448120123597,-1.2999961305054988,0.0749881393687296,-1.3,-1.3,2.0
125.42,-1.2606448120123597,-1.2999961305054988,0.0749881393687296,-1.3,-1.3,2.0
125.432,-1.2606448120123597,-1.2999961305054988,0.0749881393687296,-1.3,-1.3,2.0
125.754,-1.2606448120123597,-1.2999961305054988,0.0749881393687296,-1.3,-1.3,2.0
125.76,-1.2606448120123597,-1.2999961305054988,0.0749881393687296,-1.3,-1.3,2.0
126.19,-1.2606448120123597,-1.2999961305054988,0.0749881393687296,-1.3,-1.3,2.0
126.207,-1.2606448120123597,-1.2999961305054988,0.0749881393687296,-1.3,-1.3,2.0
126.579,-1.2606448120123597,-1.2999961305054988,0.0749881393687296,-1.3,-1.3,2.0
126.58,-1.2606448120123597,-1.2999961305054988,0.0749881393687296,-1.3,-1.3,2.0
126.59,-1.2606448120123597,-1.2999961305054988,0.0749881393687296,-1.3,-1.3,2.0
126.605,-1.2606448120123597,-1.2999961305054988,0.0749881393687296,-1.3,-1.3,2.0
126.61,-1.2606448120123597,-1.2999961305054988,0.0749881393687296,-1.3,-1.3,2.0
126.621,-1.2606448120123597,-1.2999961305054988,0.0749881393687296,-1.3,-1.3,2.0
126.631,-1.2606448120123597,-1.2999961305054988,0.0749881393687296,-1.3,-1.3,2.0
126.648,-1.2606448120123597,-1.2999961305054988,0.0749881393687296,-1.3,-1.3,2.0
126.65,-1.2606448120123597,-1.2999961305054988,0.0749881393687296,-1.3,-1.3,2.0
126.66,-1.2606448120123597,-1.2999961305054988,0.0749881393687296,-1.3,-1.3,2.0
126.677,-1.2606448120123597,-1.2999961305054988,0.0749881393687296,-1.3,-1.3,2.0
126.681,-1.2606448120123597,-1.2999961305054988,0.0749881393687296,-1.3,-1.3,2.0
126.69,-1.2606448120123597,-1.2999961305054988,0.0749881393687296,-1.3,-1.3,2.0
126.702,-1.2606448120123597,-1.2999961305054988,0.0749881393687296,-1.3,-1.3,2.0
126.71,-1.2606448120123597,-1.2999961305054988,0.0749881393687296,-1.3,-1.3,2.0
126.725,-1.2606448120123597,-1.2999961305054988,0.0749881393687296,-1.3,-1.3,2.0
126.735,-1.2606448120123597,-1.2999961305054988,0.0749881393687296,-1.3,-1.3,2.0
126.746,-1.2606448120123597,-1.2999961305054988,0.0749881393687296,-1.3,-1.3,2.0
126.75,-1.2606448120123597,-1.2999961305054988,0.0749881393687296,-1.3,-1.3,2.0
126.76,-1.2606448120123597,-1.2999961305054988,0.0749881393687296,-1.3,-1.3,2.0
126.771,-1.2606448120123597,-1.2999961305054988,0.0749881393687296,-1.3,-1.3,2.0
126.786,-1.2606448120123597,-1.2999961305054988,0.0749881393687296,-1.3,-1.3,2.0
126.794,-1.2606448120123597,-1.2999961305054988,0.0749881393687296,-1.3,-1.3,2.0
126.803,-1.2606448120123597,-1.2999961305054988,0.0749881393687296,-1.3,-1.3,2.0
126.819,-1.2606448120123597,-1.2999961305054988,0.0749881393687296,-1.3,-1.3,2.0
126.82,-1.2606448120123597,-1.2999961305054988,0.0749881393687296,-1.3,-1.3,2.0
126.832,-1.2606448120123597,-1.2999961305054988,0.0749881393687296,-1.3,-1.3,2.0
126.84,-1.2606448120123597,-1.2999961305054988,0.0749881393687296,-1.3,-1.3,2.0
126.856,-1.2606448120123597,-1.2999961305054988,0.0749881393687296,-1.3,-1.3,2.0
126.86,-1.2606448120123597,-1.2999961305054988,0.0749881393687296,-1.3,-1.3,2.0
126.874,-1.2606448120123597,-1.2999961305054988,0.0749881393687296,-1.3,-1.3,2.0
126.885,-1.2606448120123597,-1.2999961305054988,0.0749881393687296,-1.3,-1.3,2.0
126.894,-1.2606448120123597,-1.2999961305054988,0.0749881393687296,-1.3,-1.3,2.0
126.9,-1.2606448120123597,-1.2999961305054988,0.0749881393687296,-1.3,-1.3,2.0
126.91,-1.2606448120123597,-1.2999961305054988,0.0749881393687296,-1.3,-1.3,2.0
126.927,-1.2606448120123597,-1.2999961305054988,0.0749881393687296,-1.3,-1.3,2.0
126.933,-1.2606448120123597,-1.2999961305054988,0.0749881393687296,-1.3,-1.3,2.0
126.948,-1.2606448120123597,-1.2999961305054988,0.0749881393687296,-1.3,-1.3,2.0
126.953,-1.2606448120123597,-1.2999961305054988,0.0749881393687296,-1.3,-1.3,2.0
126.96,-1.2606448120123597,-1.2999961305054988,0.0749881393687296,-1.3,-1.3,2.0
126.974,-1.2606448120123597,-1.2999961305054988,0.0749881393687296,-1.3,-1.3,2.0
126.98,-1.2606448120123597,-1.2999961305054988,0.0749881393687296,-1.3,-1.3,2.0
126.994,-1.2606448120123597,-1.2999961305054988,0.0749881393687296,-1.3,-1.3,2.0
127.001,-1.2606448120123597,-1.2999961305054988,0.0749881393687296,-1.3,-1.3,2.0
127.018,-1.2606448120123597,-1.2999961305054988,0.0749881393687296,-1.3,-1.3,2.0
127.02,-1.2606448120123597,-1.2999961305054988,0.0749881393687296,-1.3,-1.3,2.0
127.03,-1.2606448120123597,-1.2999961305054988,0.0749881393687296,-1.3,-1.3,2.0
127.04,-1.2606448120123597,-1.2999961305054988,0.0749881393687296,-1.3,-1.3,2.0
127.05,-1.2606448120123597,-1.2999961305054988,0.0749881393687296,-1.3,-1.3,2.0
127.06,-1.2606448120123597,-1.2999961305054988,0.0749881393687296,-1.3,-1.3,2.0
127.07,-1.2606448120123597,-1.2999961305054988,0.0749881393687296,-1.3,-1.3,2.0
127.085,-1.2606448120123597,-1.2999961305054988,0.0749881393687296,-1.3,-1.3,2.0
127.093,-1.2606448120123597,-1.2999961305054988,0.0749881393687296,-1.3,-1.3,2.0
127.101,-1.2606448120123597,-1.2999961305054988,0.0749881393687296,-1.3,-1.3,2.0
127.11,-1.2606448120123597,-1.2999961305054988,0.0749881393687296,-1.3,-1.3,2.0
127.131,-1.2606448120123597,-1.2999961305054988,0.0749881393687296,-1.3,-1.3,2.0
127.141,-1.2606448120123597,-1.2999961305054988,0.0749881393687296,-1.3,-1.3,2.0
127.152,-1.2606448120123597,-1.2999961305054988,0.0749881393687296,-1.3,-1.3,2.0
127.421,-1.2606448120123597,-1.2999961305054988,0.0749881393687296,-1.3,-1.3,2.0
127.436,-1.2606448120123597,-1.2999961305054988,0.0749881393687296,-1.3,-1.3,2.0
127.44,-1.2606448120123597,-1.2999961305054988,0.0749881393687296,-1.3,-1.3,2.0
127.453,-1.2606448120123597,-1.2999961305054988,0.0749881393687296,-1.3,-1.3,2.0
127.46,-1.2606448120123597,-1.2999961305054988,0.0749881393687296,-1.3,-1.3,2.0
127.475,-1.2606448120123597,-1.2999961305054988,0.0749881393687296,-1.3,-1.3,2.0
127.484,-1.2606448120123597,-1.2999961305054988,0.0749881393687296,-1.3,-1.3,2.0
127.494,-1.2606448120123597,-1.2999961305054988,0.0749881393687296,-1.3,-1.3,2.0
127.5,-1.2606448120123597,-1.2999961305054988,0.0749881393687296,-1.3,-1.3,2.0
127.516,-1.2606448120123597,-1.2999961305054988,0.0749881393687296,-1.3,-1.3,2.0
127.52,-1.2606448120123597,-1.2999961305054988,0.0749881393687296,-1.3,-1.3,2.0
127.534,-1.2606448120123597,-1.2999961305054988,0.0749881393687296,-1.3,-1.3,2.0
127.54,-1.2606448120123597,-1.2999961305054988,0.0749881393687296,-1.3,-1.3,2.0
127.553,-1.2606448120123597,-1.2999961305054988,0.0749881393687296,-1.3,-1.3,2.0
127.562,-1.2606448120123597,-1.2999961305054988,0.0749881393687296,-1.3,-1.3,2.0
127.57,-1.2606448120123597,-1.2999961305054988,0.0749881393687296,-1.3,-1.3,2.0
127.58,-1.2606448120123597,-1.2999961305054988,0.0749881393687296,-1.3,-1.3,2.0
127.592,-1.2606448120123597,-1.2999961305054988,0.0749881393687296,-1.3,-1.3,2.0
127.606,-1.2606448120123597,-1.2999961305054988,0.0749881393687296,-1.3,-1.3,2.0
127.615,-1.2606448120123597,-1.2999961305054988,0.0749881393687296,-1.3,-1.3,2.0
127.627,-1.2606448120123597,-1.2999961305054988,0.0749881393687296,-1.3,-1.3,2.0
127.636,-1.2606448120123597,-1.2999961305054988,0.0749881393687296,-1.3,-1.3,2.0
127.64,-1.2606448120123597,-1.2999961305054988,0.0749881393687296,-1.3,-1.3,2.0
127.652,-1.2606448120123597,-1.2999961305054988,0.0749881393687296,-1.3,-1.3,2.0
127.973,-1.2606448120123597,-1.2999961305054988,0.0749881393687296,-1.3,-1.3,2.0
127.98,-1.2606448120123597,-1.2999961305054988,0.0749881393687296,-1.3,-1.3,2.0
128.306,-1.2606448120123597,-1.2999961305054988,0.0749881393687296,-1.3,-1.3,2.0
128.312,-1.2606448120123597,-1.2999961305054988,0.0749881393687296,-1.3,-1.3,2.0
128.657,-1.2606448120123597,-1.2999961305054988,0.0749881393687296,-1.3,-1.3,2.0
128.66,-1.2606448120123597,-1.2999961305054988,0.0749881393687296,-1.3,-1.3,2.0
128.982,-1.2606448120123597,-1.2999961305054988,0.0749881393687296,-1.3,-1.3,2.0
128.99,-1.2606448120123597,-1.2999961305054988,0.0749881393687296,-1.3,-1.3,2.0
129.0,-1.2606448120123597,-1.2999961305054988,0.0749881393687296,-1.3,-1.3,2.0
129.023,-1.2606448120123597,-1.2999961305054988,0.0749881393687296,-1.3,-1.3,2.0
129.033,-1.2606448120123597,-1.2999961305054988,0.0749881393687296,-1.3,-1.3,2.0
129.045,-1.2606448120123597,-1.2999961305054988,0.0749881393687296,-1.3,-1.3,2.0
129.053,-1.2606448120123597,-1.2999961305054988,0.0749881393687296,-1.3,-1.3,2.0
129.06,-1.2606448120123597,-1.2999961305054988,0.0749881393687296,-1.3,-1.3,2.0
129.085,-1.2606448120123597,-1.2999961305054988,0.0749881393687296,-1.3,-1.3,2.0
129.102,-1.2606448120123597,-1.2999961305054988,0.0749881393687296,-1.3,-1.3,2.0
129.111,-1.2606448120123597,-1.2999961305054988,0.0749881393687296,-1.3,-1.3,2.0
129.124,-1.2606448120123597,-1.2999961305054988,0.0749881393687296,-1.3,-1.3,2.0
129.137,-1.2606448120123597,-1.2999961305054988,0.0749881393687296,-1.3,-1.3,2.0
129.152,-1.2606448120123597,-1.2999961305054988,0.0749881393687296,-1.3,-1.3,2.0
129.39,-1.2606448120123597,-1.2999961305054988,0.0749881393687296,-1.3,-1.3,2.0
129.404,-1.2606448120123597,-1.2999961305054988,0.0749881393687296,-1.3,-1.3,2.0
129.416,-1.2606448120123597,-1.2999961305054988,0.0749881393687296,-1.3,-1.3,2.0
129.425,-1.2606448120123597,-1.2999961305054988,0.0749881393687296,-1.3,-1.3,2.0
129.437,-1.2606448120123597,-1.2999961305054988,0.0749881393687296,-1.3,-1.3,2.0
129.441,-1.2606448120123597,-1.2999961305054988,0.0749881393687296,-1.3,-1.3,2.0
129.457,-1.2606448120123597,-1.2999961305054988,0.0749881393687296,-1.3,-1.3,2.0
129.461,-1.2606448120123597,-1.2999961305054988,0.0749881393687296,-1.3,-1.3,2.0
129.471,-1.2606448120123597,-1.2999961305054988,0.0749881393687296,-1.3,-1.3,2.0
129.481,-1.2606448120123597,-1.2999961305054988,0.0749881393687296,-1.3,-1.3,2.0
129.497,-1.2606448120123597,-1.2999961305054988,0.0749881393687296,-1.3,-1.3,2.0
129.507,-1.2606448120123597,-1.2999961305054988,0.0749881393687296,-1.3,-1.3,2.0
129.513,-1.2606448120123597,-1.2999961305054988,0.0749881393687296,-1.3,-1.3,2.0
129.524,-1.2606448120123597,-1.2999961305054988,0.0749881393687296,-1.3,-1.3,2.0
129.534,-1.2606448120123597,-1.2999961305054988,0.0749881393687296,-1.3,-1.3,2.0
129.552,-1.2606448120123597,-1.2999961305054988,0.0749881393687296,-1.3,-1.3,2.0
129.8,-1.2606448120123597,-1.2999961305054988,0.0749881393687296,-1.3,-1.3,2.0
129.815,-1.2606448120123597,-1.2999961305054988,0.0749881393687296,-1.3,-1.3,2.0
130.171,-1.2606448120123597,-1.2999961305054988,0.0749881393687296,-1.3,-1.3,2.0
130.188,-1.2606448120123597,-1.2999961305054988,0.0749881393687296,-1.3,-1.3,2.0
130.577,-1.2606448120123597,-1.2999961305054988,0.0749881393687296,-1.3,-1.3,2.0
130.583,-1.2606448120123597,-1.2999961305054988,0.0749881393687296,-1.3,-1.3,2.0
130.946,-1.2606448120123597,-1.2999961305054988,0.0749881393687296,-1.3,-1.3,2.0
130.956,-1.2606448120123597,-1.2999961305054988,0.0749881393687296,-1.3,-1.3,2.0
130.96,-1.2606448120123597,-1.2999961305054988,0.0749881393687296,-1.3,-1.3,2.0
130.974,-1.2606448120123597,-1.2999961305054988,0.0749881393687296,-1.3,-1.3,2.0
130.981,-1.2606448120123597,-1.2999961305054988,0.0749881393687296,-1.3,-1.3,2.0
130.999,-1.2606448120123597,-1.2999961305054988,0.0749881393687296,-1.3,-1.3,2.0
131.002,-1.2606448120123597,-1.2999961305054988,0.0749881393687296,-1.3,-1.3,2.0
131.011,-1.2606448120123597,-1.2999961305054988,0.0749881393687296,-1.3,-1.3,2.0
131.025,-1.2606448120123597,-1.2999961305054988,0.0749881393687296,-1.3,-1.3,2.0
131.046,-1.2606448120123597,-1.2999961305054988,0.0749881393687296,-1.3,-1.3,2.0
131.05,-1.2606448120123597,-1.2999961305054988,0.0749881393687296,-1.3,-1.3,2.0
131.06,-1.2606448120123597,-1.2999961305054988,0.0749881393687296,-1.3,-1.3,2.0
131.072,-1.2606448120123597,-1.2999961305054988,0.0749881393687296,-1.3,-1.3,2.0
131.08,-1.2606448120123597,-1.2999961305054988,0.0749881393687296,-1.3,-1.3,2.0
131.091,-1.2606448120123597,-1.2999961305054988,0.0749881393687296,-1.3,-1.3,2.0
131.1,-1.2606448120123597,-1.2999961305054988,0.0749881393687296,-1.3,-1.3,2.0
131.11,-1.2606448120123597,-1.2999961305054988,0.0749881393687296,-1.3,-1.3,2.0
131.122,-1.2606448120123597,-1.2999961305054988,0.0749881393687296,-1.3,-1.3,2.0
131.13,-1.2606448120123597,-1.2999961305054988,0.0749881393687296,-1.3,-1.3,2.0
131.144,-1.2606448120123597,-1.2999961305054988,0.0749881393687296,-1.3,-1.3,2.0
131.153,-1.2606448120123597,-1.2999961305054988,0.0749881393687296,-1.3,-1.3,2.0
131.16,-1.2606448120123597,-1.2999961305054988,0.0749881393687296,-1.3,-1.3,2.0
131.171,-1.2606448120123597,-1.2999961305054988,0.0749881393687296,-1.3,-1.3,2.0
131.182,-1.2606448120123597,-1.2999961305054988,0.0749881393687296,-1.3,-1.3,2.0
131.19,-1.2606448120123597,-1.2999961305054988,0.0749881393687296,-1.3,-1.3,2.0
131.205,-1.2606448120123597,-1.2999961305054988,0.0749881393687296,-1.3,-1.3,2.0
131.216,-1.2606448120123597,-1.2999961305054988,0.0749881393687296,-1.3,-1.3,2.0
131.222,-1.2606448120123597,-1.2999961305054988,0.0749881393687296,-1.3,-1.3,2.0
131.231,-1.2606448120123597,-1.2999961305054988,0.0749881393687296,-1.3,-1.3,2.0
131.248,-1.2606448120123597,-1.2999961305054988,0.0749881393687296,-1.3,-1.3,2.0
131.25,-1.2606448120123597,-1.2999961305054988,0.0749881393687296,-1.3,-1.3,2.0
131.26,-1.2606448120123597,-1.2999961305054988,0.0749881393687296,-1.3,-1.3,2.0
131.294,-1.2606448120123597,-1.2999961305054988,0.0749881393687296,-1.3,-1.3,2.0
131.3,-1.2606448120123597,-1.2999961305054988,0.0749881393687296,-1.3,-1.3,2.0
131.312,-1.2606448120123597,-1.2999961305054988,0.0749881393687296,-1.3,-1.3,2.0
131.335,-1.2606448120123597,-1.2999961305054988,0.0749881393687296,-1.3,-1.3,2.0
131.352,-1.2606448120123597,-1.2999961305054988,0.0749881393687296,-1.3,-1.3,2.0
131.36,-1.2606448120123597,-1.2999961305054988,0.0749881393687296,-1.3,-1.3,2.0
131.37,-1.2606448120123597,-1.2999961305054988,0.0749881393687296,-1.3,-1.3,2.0
131.388,-1.2606448120123597,-1.2999961305054988,0.0749881393687296,-1.3,-1.3,2.0
131.39,-1.2606448120123597,-1.2999961305054988,0.0749881393687296,-1.3,-1.3,2.0
131.402,-1.2606448120123597,-1.2999961305054988,0.0749881393687296,-1.3,-1.3,2.0
131.414,-1.2606448120123597,-1.2999961305054988,0.0749881393687296,-1.3,-1.3,2.0
131.421,-1.2606448120123597,-1.2999961305054988,0.0749881393687296,-1.3,-1.3,2.0
131.433,-1.2606448120123597,-1.2999961305054988,0.0749881393687296,-1.3,-1.3,2.0
131.445,-1.2606448120123597,-1.2999961305054988,0.0749881393687296,-1.3,-1.3,2.0
131.451,-1.2606448120123597,-1.2999961305054988,0.0749881393687296,-1.3,-1.3,2.0
131.46,-1.2606448120123597,-1.2999961305054988,0.0749881393687296,-1.3,-1.3,2.0
131.47,-1.2606448120123597,-1.2999961305054988,0.0749881393687296,-1.3,-1.3,2.0
131.485,-1.2606448120123597,-1.2999961305054988,0.0749881393687296,-1.3,-1.3,2.0
131.49,-1.2606448120123597,-1.2999961305054988,0.0749881393687296,-1.3,-1.3,2.0
131.502,-1.2606448120123597,-1.2999961305054988,0.0749881393687296,-1.3,-1.3,2.0
131.513,-1.2606448120123597,-1.2999961305054988,0.0749881393687296,-1.3,-1.3,2.0
131.522,-1.2606448120123597,-1.2999961305054988,0.0749881393687296,-1.3,-1.3,2.0
131.532,-1.2606448120123597,-1.2999961305054988,0.0749881393687296,-1.3,-1.3,2.0
131.542,-1.2606448120123597,-1.2999961305054988,0.0749881393687296,-1.3,-1.3,2.0
131.85,-1.2606448120123597,-1.2999961305054988,0.0749881393687296,-1.3,-1.3,2.0
131.86,-1.2606448120123597,-1.2999961305054988,0.0749881393687296,-1.3,-1.3,2.0
132.182,-1.2606448120123597,-1.2999961305054988,0.0749881393687296,-1.3,-1.3,2.0
132.197,-1.2606448120123597,-1.2999961305054988,0.0749881393687296,-1.3,-1.3,2.0
132.49,-1.2606448120123597,-1.2999961305054988,0.0749881393687296,-1.3,-1.3,2.0
132.506,-1.2606448120123597,-1.2999961305054988,0.0749881393687296,-1.3,-1.3,2.0
132.88,-1.2606448120123597,-1.2999961305054988,0.0749881393687296,-1.3,-1.3,2.0
132.893,-1.2606448120123597,-1.2999961305054988,0.0749881393687296,-1.3,-1.3,2.0
133.213,-1.2606448120123597,-1.2999961305054988,0.0749881393687296,-1.3,-1.3,2.0
133.22,-1.2606448120123597,-1.2999961305054988,0.0749881393687296,-1.3,-1.3,2.0
133.624,-1.2606448120123597,-1.2999961305054988,0.0749881393687296,-1.3,-1.3,2.0
133.632,-1.2606448120123597,-1.2999961305054988,0.0749881393687296,-1.3,-1.3,2.0
133.641,-1.2606448120123597,-1.2999961305054988,0.0749881393687296,-1.3,-1.3,2.0
133.654,-1.2606448120123597,-1.2999961305054988,0.0749881393687296,-1.3,-1.3,2.0
133.664,-1.2606448120123597,-1.2999961305054988,0.0749881393687296,-1.3,-1.3,2.0
133.675,-1.2606448120123597,-1.2999961305054988,0.0749881393687296,-1.3,-1.3,2.0
133.695,-1.2606448120123597,-1.2999961305054988,0.0749881393687296,-1.3,-1.3,2.0
133.702,-1.2606448120123597,-1.2999961305054988,0.0749881393687296,-1.3,-1.3,2.0
133.71,-1.2606448120123597,-1.2999961305054988,0.0749881393687296,-1.3,-1.3,2.0
133.72,-1.2606448120123597,-1.2999961305054988,0.0749881393687296,-1.3,-1.3,2.0
133.731,-1.2606448120123597,-1.2999961305054988,0.0749881393687296,-1.3,-1.3,2.0
133.742,-1.2606448120123597,-1.2999961305054988,0.0749881393687296,-1.3,-1.3,2.0
133.75,-1.2606448120123597,-1.2999961305054988,0.0749881393687296,-1.3,-1.3,2.0
133.762,-1.2606448120123597,-1.2999961305054988,0.0749881393687296,-1.3,-1.3,2.0
133.77,-1.2606448120123597,-1.2999961305054988,0.0749881393687296,-1.3,-1.3,2.0
133.786,-1.2606448120123597,-1.2999961305054988,0.0749881393687296,-1.3,-1.3,2.0
133.799,-1.2606448120123597,-1.2999961305054988,0.0749881393687296,-1.3,-1.3,2.0
133.8,-1.2606448120123597,-1.2999961305054988,0.0749881393687296,-1.3,-1.3,2.0
133.823,-1.2606448120123597,-1.2999961305054988,0.0749881393687296,-1.3,-1.3,2.0
133.833,-1.2606448120123597,-1.2999961305054988,0.0749881393687296,-1.3,-1.3,2.0
133.842,-1.2606448120123597,-1.2999961305054988,0.0749881393687296,-1.3,-1.3,2.0
133.852,-1.2606448120123597,-1.2999961305054988,0.0749881393687296,-1.3,-1.3,2.0
133.86,-1.2606448120123597,-1.2999961305054988,0.0749881393687296,-1.3,-1.3,2.0
133.872,-1.2606448120123597,-1.2999961305054988,0.0749881393687296,-1.3,-1.3,2.0
133.88,-1.2606448120123597,-1.2999961305054988,0.0749881393687296,-1.3,-1.3,2.0
133.894,-1.2606448120123597,-1.2999961305054988,0.0749881393687296,-1.3,-1.3,2.0
133.903,-1.2606448120123597,-1.2999961305054988,0.0749881393687296,-1.3,-1.3,2.0
133.91,-1.2606448120123597,-1.2999961305054988,0.0749881393687296,-1.3,-1.3,2.0
133.921,-1.2606448120123597,-1.2999961305054988,0.0749881393687296,-1.3,-1.3,2.0
133.937,-1.2606448120123597,-1.2999961305054988,0.0749881393687296,-1.3,-1.3,2.0
133.941,-1.2606448120123597,-1.2999961305054988,0.0749881393687296,-1.3,-1.3,2.0
133.952,-1.2606448120123597,-1.2999961305054988,0.0749881393687296,-1.3,-1.3,2.0
134.21,-1.2606448120123597,-1.2999961305054988,0.0749881393687296,-1.3,-1.3,2.0
134.225,-1.2606448120123597,-1.2999961305054988,0.0749881393687296,-1.3,-1.3,2.0
134.231,-1.2606448120123597,-1.2999961305054988,0.0749881393687296,-1.3,-1.3,2.0
134.247,-1.2606448120123597,-1.2999961305054988,0.0749881393687296,-1.3,-1.3,2.0
134.259,-1.2606448120123597,-1.2999961305054988,0.0749881393687296,-1.3,-1.3,2.0
134.26,-1.2606448120123597,-1.2999961305054988,0.0749881393687296,-1.3,-1.3,2.0
134.27,-1.2606448120123597,-1.2999961305054988,0.0749881393687296,-1.3,-1.3,2.0
134.283,-1.2606448120123597,-1.2999961305054988,0.0749881393687296,-1.3,-1.3,2.0
134.29,-1.2606448120123597,-1.2999961305054988,0.0749881393687296,-1.3,-1.3,2.0
134.301,-1.2606448120123597,-1.2999961305054988,0.0749881393687296,-1.3,-1.3,2.0
134.32,-1.2606448120123597,-1.2999961305054988,0.0749881393687296,-1.3,-1.3,2.0
134.32,-1.2606448120123597,-1.2999961305054988,0.0749881393687296,-1.3,-1.3,2.0
134.332,-1.2606448120123597,-1.2999961305054988,0.0749881393687296,-1.3,-1.3,2.0
134.348,-1.2606448120123597,-1.2999961305054988,0.0749881393687296,-1.3,-1.3,2.0
134.353,-1.2606448120123597,-1.2999961305054988,0.0749881393687296,-1.3,-1.3,2.0
134.372,-1.2606448120123597,-1.2999961305054988,0.0749881393687296,-1.3,-1.3,2.0
134.384,-1.2606448120123597,-1.2999961305054988,0.0749881393687296,-1.3,-1.3,2.0
134.391,-1.2606448120123597,-1.2999961305054988,0.0749881393687296,-1.3,-1.3,2.0
134.401,-1.2606448120123597,-1.2999961305054988,0.0749881393687296,-1.3,-1.3,2.0
134.416,-1.2606448120123597,-1.2999961305054988,0.0749881393687296,-1.3,-1.3,2.0
134.424,-1.2606448120123597,-1.2999961305054988,0.0749881393687296,-1.3,-1.3,2.0
134.438,-1.2606448120123597,-1.2999961305054988,0.0749881393687296,-1.3,-1.3,2.0
134.447,-1.2606448120123597,-1.2999961305054988,0.0749881393687296,-1.3,-1.3,2.0
134.45,-1.2606448120123597,-1.2999961305054988,0.0749881393687296,-1.3,-1.3,2.0
134.66,-1.2606448120123597,-1.2999961305054988,0.0749881393687296,-1.3,-1.3,2.0
134.674,-1.2606448120123597,-1.2999961305054988,0.0749881393687296,-1.3,-1.3,2.0
134.68,-1.2606448120123597,-1.2999961305054988,0.0749881393687296,-1.3,-1.3,2.0
134.69,-1.2606448120123597,-1.2999961305054988,0.0749881393687296,-1.3,-1.3,2.0
134.7,-1.2606448120123597,-1.2999961305054988,0.0749881393687296,-1.3,-1.3,2.0
134.714,-1.2606448120123597,-1.2999961305054988,0.0749881393687296,-1.3,-1.3,2.0
134.72,-1.2606448120123597,-1.2999961305054988,0.0749881393687296,-1.3,-1.3,2.0
134.735,-1.2606448120123597,-1.2999961305054988,0.0749881393687296,-1.3,-1.3,2.0
134.742,-1.2606448120123597,-1.2999961305054988,0.0749881393687296,-1.3,-1.3,2.0
134.752,-1.2606448120123597,-1.2999961305054988,0.0749881393687296,-1.3,-1.3,2.0
134.984,-1.2606448120123597,-1.2999961305054988,0.0749881393687296,-1.3,-1.3,2.0
134.99,-1.2606448120123597,-1.2999961305054988,0.0749881393687296,-1.3,-1.3,2.0
135.005,-1.2606448120123597,-1.2999961305054988,0.0749881393687296,-1.3,-1.3,2.0
135.018,-1.2606448120123597,-1.2999961305054988,0.0749881393687296,-1.3,-1.3,2.0
135.027,-1.2606448120123597,-1.2999961305054988,0.0749881393687296,-1.3,-1.3,2.0
135.03,-1.2606448120123597,-1.2999961305054988,0.0749881393687296,-1.3,-1.3,2.0
135.048,-1.2606448120123597,-1.2999961305054988,0.0749881393687296,-1.3,-1.3,2.0
135.053,-1.2606448120123597,-1.2999961305054988,0.0749881393687296,-1.3,-1.3,2.0
135.06,-1.2606448120123597,-1.2999961305054988,0.0749881393687296,-1.3,-1.3,2.0
135.07,-1.2606448120123597,-1.2999961305054988,0.0749881393687296,-1.3,-1.3,2.0
135.08,-1.2606448120123597,-1.2999961305054988,0.0749881393687296,-1.3,-1.3,2.0
135.09,-1.2606448120123597,-1.2999961305054988,0.0749881393687296,-1.3,-1.3,2.0
135.102,-1.2606448120123597,-1.2999961305054988,0.0749881393687296,-1.3,-1.3,2.0
135.111,-1.2606448120123597,-1.2999961305054988,0.0749881393687296,-1.3,-1.3,2.0
135.129,-1.2606448120123597,-1.2999961305054988,0.0749881393687296,-1.3,-1.3,2.0
135.132,-1.2606448120123597,-1.2999961305054988,0.0749881393687296,-1.3,-1.3,2.0
135.149,-1.2606448120123597,-1.2999961305054988,0.0749881393687296,-1.3,-1.3,2.0
135.16,-1.2606448120123597,-1.2999961305054988,0.0749881393687296,-1.3,-1.3,2.0
135.16,-1.2606448120123597,-1.2999961305054988,0.0749881393687296,-1.3,-1.3,2.0
135.17,-1.2606448120123597,-1.2999961305054988,0.0749881393687296,-1.3,-1.3,2.0
135.18,-1.2606448120123597,-1.2999961305054988,0.0749881393687296,-1.3,-1.3,2.0
135.19,-1.2606448120123597,-1.2999961305054988,0.0749881393687296,-1.3,-1.3,2.0
135.2,-1.2606448120123597,-1.2999961305054988,0.0749881393687296,-1.3,-1.3,2.0
135.213,-1.2606448120123597,-1.2999961305054988,0.0749881393687296,-1.3,-1.3,2.0
135.221,-1.2606448120123597,-1.2999961305054988,0.0749881393687296,-1.3,-1.3,2.0
135.234,-1.2606448120123597,-1.2999961305054988,0.0749881393687296,-1.3,-1.3,2.0
135.248,-1.2606448120123597,-1.2999961305054988,0.0749881393687296,-1.3,-1.3,2.0
135.25,-1.2606448120123597,-1.2999961305054988,0.0749881393687296,-1.3,-1.3,2.0
135.504,-1.2606448120123597,-1.2999961305054988,0.0749881393687296,-1.3,-1.3,2.0
135.515,-1.2606448120123597,-1.2999961305054988,0.0749881393687296,-1.3,-1.3,2.0
135.525,-1.2606448120123597,-1.2999961305054988,0.0749881393687296,-1.3,-1.3,2.0
135.53,-1.2606448120123597,-1.2999961305054988,0.0749881393687296,-1.3,-1.3,2.0
135.542,-1.2606448120123597,-1.2999961305054988,0.0749881393687296,-1.3,-1.3,2.0
135.55,-1.2606448120123597,-1.2999961305054988,0.0749881393687296,-1.3,-1.3,2.0
135.56,-1.2606448120123597,-1.2999961305054988,0.0749881393687296,-1.3,-1.3,2.0
135.572,-1.2606448120123597,-1.2999961305054988,0.0749881393687296,-1.3,-1.3,2.0
135.58,-1.2606448120123597,-1.2999961305054988,0.0749881393687296,-1.3,-1.3,2.0
135.59,-1.2606448120123597,-1.2999961305054988,0.0749881393687296,-1.3,-1.3,2.0
135.606,-1.2606448120123597,-1.2999961305054988,0.0749881393687296,-1.3,-1.3,2.0
135.612,-1.2606448120123597,-1.2999961305054988,0.0749881393687296,-1.3,-1.3,2.0
135.629,-1.2606448120123597,-1.2999961305054988,0.0749881393687296,-1.3,-1.3,2.0
135.633,-1.2606448120123597,-1.2999961305054988,0.0749881393687296,-1.3,-1.3,2.0
135.643,-1.2606448120123597,-1.2999961305054988,0.0749881393687296,-1.3,-1.3,2.0
135.65,-1.2606448120123597,-1.2999961305054988,0.0749881393687296,-1.3,-1.3,2.0
135.66,-1.2606448120123597,-1.2999961305054988,0.0749881393687296,-1.3,-1.3,2.0
135.673,-1.2606448120123597,-1.2999961305054988,0.0749881393687296,-1.3,-1.3,2.0
135.68,-1.2606448120123597,-1.2999961305054988,0.0749881393687296,-1.3,-1.3,2.0
135.69,-1.2606448120123597,-1.2999961305054988,0.0749881393687296,-1.3,-1.3,2.0
135.706,-1.2606448120123597,-1.2999961305054988,0.0749881393687296,-1.3,-1.3,2.0
135.711,-1.2606448120123597,-1.2999961305054988,0.0749881393687296,-1.3,-1.3,2.0
135.723,-1.2606448120123597,-1.2999961305054988,0.0749881393687296,-1.3,-1.3,2.0
135.73,-1.2606448120123597,-1.2999961305054988,0.0749881393687296,-1.3,-1.3,2.0
135.744,-1.2606448120123597,-1.2999961305054988,0.0749881393687296,-1.3,-1.3,2.0
135.75,-1.2606448120123597,-1.2999961305054988,0.0749881393687296,-1.3,-1.3,2.0
136.052,-1.2606448120123597,-1.2999961305054988,0.0749881393687296,-1.3,-1.3,2.0
136.06,-1.2606448120123597,-1.2999961305054988,0.0749881393687296,-1.3,-1.3,2.0
136.073,-1.2606448120123597,-1.2999961305054988,0.0749881393687296,-1.3,-1.3,2.0
136.08,-1.2606448120123597,-1.2999961305054988,0.0749881393687296,-1.3,-1.3,2.0
136.099,-1.2606448120123597,-1.2999961305054988,0.0749881393687296,-1.3,-1.3,2.0
136.104,-1.2606448120123597,-1.2999961305054988,0.0749881393687296,-1.3,-1.3,2.0
136.11,-1.2606448120123597,-1.2999961305054988,0.0749881393687296,-1.3,-1.3,2.0
136.124,-1.2606448120123597,-1.2999961305054988,0.0749881393687296,-1.3,-1.3,2.0
136.138,-1.2606448120123597,-1.2999961305054988,0.0749881393687296,-1.3,-1.3,2.0
136.141,-1.2606448120123597,-1.2999961305054988,0.0749881393687296,-1.3,-1.3,2.0
136.151,-1.2606448120123597,-1.2999961305054988,0.0749881393687296,-1.3,-1.3,2.0
136.16,-1.2606448120123597,-1.2999961305054988,0.0749881393687296,-1.3,-1.3,2.0
136.171,-1.2606448120123597,-1.2999961305054988,0.0749881393687296,-1.3,-1.3,2.0
136.18,-1.2606448120123597,-1.2999961305054988,0.0749881393687296,-1.3,-1.3,2.0
136.202,-1.2606448120123597,-1.2999961305054988,0.0749881393687296,-1.3,-1.3,2.0
136.212,-1.2606448120123597,-1.2999961305054988,0.0749881393687296,-1.3,-1.3,2.0
136.22,-1.2606448120123597,-1.2999961305054988,0.0749881393687296,-1.3,-1.3,2.0
136.231,-1.2606448120123597,-1.2999961305054988,0.0749881393687296,-1.3,-1.3,2.0
136.24,-1.2606448120123597,-1.2999961305054988,0.0749881393687296,-1.3,-1.3,2.0
136.25,-1.2606448120123597,-1.2999961305054988,0.0749881393687296,-1.3,-1.3,2.0
136.53,-1.2606448120123597,-1.2999961305054988,0.0749881393687296,-1.3,-1.3,2.0
136.551,-1.2606448120123597,-1.2999961305054988,0.0749881393687296,-1.3,-1.3,2.0
136.56,-1.2606448120123597,-1.2999961305054988,0.0749881393687296,-1.3,-1.3,2.0
136.581,-1.2606448120123597,-1.2999961305054988,0.0749881393687296,-1.3,-1.3,2.0
136.592,-1.2606448120123597,-1.2999961305054988,0.0749881393687296,-1.3,-1.3,2.0
136.6,-1.2606448120123597,-1.2999961305054988,0.0749881393687296,-1.3,-1.3,2.0
136.61,-1.2606448120123597,-1.2999961305054988,0.0749881393687296,-1.3,-1.3,2.0
136.629,-1.2606448120123597,-1.2999961305054988,0.0749881393687296,-1.3,-1.3,2.0
136.63,-1.2606448120123597,-1.2999961305054988,0.0749881393687296,-1.3,-1.3,2.0
136.643,-1.2606448120123597,-1.2999961305054988,0.0749881393687296,-1.3,-1.3,2.0
136.651,-1.2606448120123597,-1.2999961305054988,0.0749881393687296,-1.3,-1.3,2.0
136.66,-1.2606448120123597,-1.2999961305054988,0.0749881393687296,-1.3,-1.3,2.0
136.678,-1.2606448120123597,-1.2999961305054988,0.0749881393687296,-1.3,-1.3,2.0
136.682,-1.2606448120123597,-1.2999961305054988,0.0749881393687296,-1.3,-1.3,2.0
136.69,-1.2606448120123597,-1.2999961305054988,0.0749881393687296,-1.3,-1.3,2.0
136.7,-1.2606448120123597,-1.2999961305054988,0.0749881393687296,-1.3,-1.3,2.0
136.711,-1.2606448120123597,-1.2999961305054988,0.0749881393687296,-1.3,-1.3,2.0
136.72,-1.2606448120123597,-1.2999961305054988,0.0749881393687296,-1.3,-1.3,2.0
136.749,-1.2606448120123597,-1.2999961305054988,0.0749881393687296,-1.3,-1.3,2.0
136.75,-1.2606448120123597,-1.2999961305054988,0.0749881393687296,-1.3,-1.3,2.0
136.76,-1.2606448120123597,-1.2999961305054988,0.0749881393687296,-1.3,-1.3,2.0
136.77,-1.2606448120123597,-1.2999961305054988,0.0749881393687296,-1.3,-1.3,2.0
136.813,-1.2606448120123597,-1.2999961305054988,0.0749881393687296,-1.3,-1.3,2.0
136.832,-1.2606448120123597,-1.2999961305054988,0.0749881393687296,-1.3,-1.3,2.0
136.844,-1.2606448120123597,-1.2999961305054988,0.0749881393687296,-1.3,-1.3,2.0
136.855,-1.2606448120123597,-1.2999961305054988,0.0749881393687296,-1.3,-1.3,2.0
137.111,-1.2606448120123597,-1.2999961305054988,0.0749881393687296,-1.3,-1.3,2.0
137.128,-1.2606448120123597,-1.2999961305054988,0.0749881393687296,-1.3,-1.3,2.0
137.134,-1.2606448120123597,-1.2999961305054988,0.0749881393687296,-1.3,-1.3,2.0
137.14,-1.2606448120123597,-1.2999961305054988,0.0749881393687296,-1.3,-1.3,2.0
137.153,-1.2606448120123597,-1.2999961305054988,0.0749881393687296,-1.3,-1.3,2.0
137.173,-1.2606448120123597,-1.2999961305054988,0.0749881393687296,-1.3,-1.3,2.0
137.189,-1.2606448120123597,-1.2999961305054988,0.0749881393687296,-1.3,-1.3,2.0
137.19,-1.2606448120123597,-1.2999961305054988,0.0749881393687296,-1.3,-1.3,2.0
137.206,-1.2606448120123597,-1.2999961305054988,0.0749881393687296,-1.3,-1.3,2.0
137.211,-1.2606448120123597,-1.2999961305054988,0.0749881393687296,-1.3,-1.3,2.0
137.229,-1.2606448120123597,-1.2999961305054988,0.0749881393687296,-1.3,-1.3,2.0
137.23,-1.2606448120123597,-1.2999961305054988,0.0749881393687296,-1.3,-1.3,2.0
137.243,-1.2606448120123597,-1.2999961305054988,0.0749881393687296,-1.3,-1.3,2.0
137.255,-1.2606448120123597,-1.2999961305054988,0.0749881393687296,-1.3,-1.3,2.0
137.501,-1.2606448120123597,-1.2999961305054988,0.0749881393687296,-1.3,-1.3,2.0
137.516,-1.2606448120123597,-1.2999961305054988,0.0749881393687296,-1.3,-1.3,2.0
137.529,-1.2606448120123597,-1.2999961305054988,0.0749881393687296,-1.3,-1.3,2.0
137.537,-1.2606448120123597,-1.2999961305054988,0.0749881393687296,-1.3,-1.3,2.0
137.544,-1.2606448120123597,-1.2999961305054988,0.0749881393687296,-1.3,-1.3,2.0
137.556,-1.2606448120123597,-1.2999961305054988,0.0749881393687296,-1.3,-1.3,2.0
137.56,-1.2606448120123597,-1.2999961305054988,0.0749881393687296,-1.3,-1.3,2.0
137.58,-1.2606448120123597,-1.2999961305054988,0.0749881393687296,-1.3,-1.3,2.0
137.589,-1.2606448120123597,-1.2999961305054988,0.0749881393687296,-1.3,-1.3,2.0
137.592,-1.2606448120123597,-1.2999961305054988,0.0749881393687296,-1.3,-1.3,2.0
137.6,-1.2606448120123597,-1.2999961305054988,0.0749881393687296,-1.3,-1.3,2.0
137.618,-1.2606448120123597,-1.2999961305054988,0.0749881393687296,-1.3,-1.3,2.0
137.62,-1.2606448120123597,-1.2999961305054988,0.0749881393687296,-1.3,-1.3,2.0
137.636,-1.2606448120123597,-1.2999961305054988,0.0749881393687296,-1.3,-1.3,2.0
137.645,-1.2606448120123597,-1.2999961305054988,0.0749881393687296,-1.3,-1.3,2.0
137.653,-1.2606448120123597,-1.2999961305054988,0.0749881393687296,-1.3,-1.3,2.0
137.66,-1.2606448120123597,-1.2999961305054988,0.0749881393687296,-1.3,-1.3,2.0
137.67,-1.2606448120123597,-1.2999961305054988,0.0749881393687296,-1.3,-1.3,2.0
137.68,-1.2606448120123597,-1.2999961305054988,0.0749881393687296,-1.3,-1.3,2.0
137.69,-1.2606448120123597,-1.2999961305054988,0.0749881393687296,-1.3,-1.3,2.0
137.7,-1.2606448120123597,-1.2999961305054988,0.0749881393687296,-1.3,-1.3,2.0
137.711,-1.2606448120123597,-1.2999961305054988,0.0749881393687296,-1.3,-1.3,2.0
137.731,-1.2606448120123597,-1.2999961305054988,0.0749881393687296,-1.3,-1.3,2.0
137.749,-1.2606448120123597,-1.2999961305054988,0.0749881393687296,-1.3,-1.3,2.0
137.752,-1.2606448120123597,-1.2999961305054988,0.0749881393687296,-1.3,-1.3,2.0
137.76,-1.2606448120123597,-1.2999961305054988,0.0749881393687296,-1.3,-1.3,2.0
137.772,-1.2606448120123597,-1.2999961305054988,0.0749881393687296,-1.3,-1.3,2.0
137.783,-1.2606448120123597,-1.2999961305054988,0.0749881393687296,-1.3,-1.3,2.0
137.795,-1.2606448120123597,-1.2999961305054988,0.0749881393687296,-1.3,-1.3,2.0
137.805,-1.2606448120123597,-1.2999961305054988,0.0749881393687296,-1.3,-1.3,2.0
137.812,-1.2606448120123597,-1.2999961305054988,0.0749881393687296,-1.3,-1.3,2.0
137.82,-1.2606448120123597,-1.2999961305054988,0.0749881393687296,-1.3,-1.3,2.0
137.836,-1.2606448120123597,-1.2999961305054988,0.0749881393687296,-1.3,-1.3,2.0
137.848,-1.2606448120123597,-1.2999961305054988,0.0749881393687296,-1.3,-1.3,2.0
137.85,-1.2606448120123597,-1.2999961305054988,0.0749881393687296,-1.3,-1.3,2.0
137.86,-1.2606448120123597,-1.2999961305054988,0.0749881393687296,-1.3,-1.3,2.0
138.06,-1.2606448120123597,-1.2999961305054988,0.0749881393687296,-1.3,-1.3,2.0
138.06,-1.2606448120123597,-1.2999961305054988,0.0749881393687296,-1.3,-1.3,2.0
138.082,-1.2606448120123597,-1.2999961305054988,0.0749881393687296,-1.3,-1.3,2.0
138.097,-1.2606448120123597,-1.2999961305054988,0.0749881393687296,-1.3,-1.3,2.0
138.107,-1.2606448120123597,-1.2999961305054988,0.0749881393687296,-1.3,-1.3,2.0
138.11,-1.2606448120123597,-1.2999961305054988,0.0749881393687296,-1.3,-1.3,2.0
138.12,-1.2606448120123597,-1.2999961305054988,0.0749881393687296,-1.3,-1.3,2.0
138.131,-1.2606448120123597,-1.2999961305054988,0.0749881393687296,-1.3,-1.3,2.0
138.14,-1.2606448120123597,-1.2999961305054988,0.0749881393687296,-1.3,-1.3,2.0
138.152,-1.2606448120123597,-1.2999961305054988,0.0749881393687296,-1.3,-1.3,2.0
138.16,-1.2606448120123597,-1.2999961305054988,0.0749881393687296,-1.3,-1.3,2.0
138.171,-1.2606448120123597,-1.2999961305054988,0.0749881393687296,-1.3,-1.3,2.0
138.18,-1.2606448120123597,-1.2999961305054988,0.0749881393687296,-1.3,-1.3,2.0
138.19,-1.2606448120123597,-1.2999961305054988,0.0749881393687296,-1.3,-1.3,2.0
138.204,-1.2606448120123597,-1.2999961305054988,0.0749881393687296,-1.3,-1.3,2.0
138.218,-1.2606448120123597,-1.2999961305054988,0.0749881393687296,-1.3,-1.3,2.0
138.23,-1.2606448120123597,-1.2999961305054988,0.0749881393687296,-1.3,-1.3,2.0
138.23,-1.2606448120123597,-1.2999961305054988,0.0749881393687296,-1.3,-1.3,2.0
138.24,-1.2606448120123597,-1.2999961305054988,0.0749881393687296,-1.3,-1.3,2.0
138.26,-1.2606448120123597,-1.2999961305054988,0.0749881393687296,-1.3,-1.3,2.0
138.26,-1.2606448120123597,-1.2999961305054988,0.0749881393687296,-1.3,-1.3,2.0
138.273,-1.2606448120123597,-1.2999961305054988,0.0749881393687296,-1.3,-1.3,2.0
138.28,-1.2606448120123597,-1.2999961305054988,0.0749881393687296,-1.3,-1.3,2.0
138.292,-1.2606448120123597,-1.2999961305054988,0.0749881393687296,-1.3,-1.3,2.0
138.3,-1.2606448120123597,-1.2999961305054988,0.0749881393687296,-1.3,-1.3,2.0
138.315,-1.2606448120123597,-1.2999961305054988,0.0749881393687296,-1.3,-1.3,2.0
138.33,-1.2606448120123597,-1.2999961305054988,0.0749881393687296,-1.3,-1.3,2.0
138.33,-1.2606448120123597,-1.2999961305054988,0.0749881393687296,-1.3,-1.3,2.0
138.344,-1.2606448120123597,-1.2999961305054988,0.0749881393687296,-1.3,-1.3,2.0
138.35,-1.2606448120123597,-1.2999961305054988,0.0749881393687296,-1.3,-1.3,2.0
138.611,-1.2606448120123597,-1.2999961305054988,0.0749881393687296,-1.3,-1.3,2.0
138.62,-1.2606448120123597,-1.2999961305054988,0.0749881393687296,-1.3,-1.3,2.0
138.631,-1.2606448120123597,-1.2999961305054988,0.0749881393687296,-1.3,-1.3,2.0
138.64,-1.2606448120123597,-1.2999961305054988,0.0749881393687296,-1.3,-1.3,2.0
138.66,-1.2606448120123597,-1.2999961305054988,0.0749881393687296,-1.3,-1.3,2.0
138.66,-1.2606448120123597,-1.2999961305054988,0.0749881393687296,-1.3,-1.3,2.0
138.671,-1.2606448120123597,-1.2999961305054988,0.0749881393687296,-1.3,-1.3,2.0
138.681,-1.2606448120123597,-1.2999961305054988,0.0749881393687296,-1.3,-1.3,2.0
138.692,-1.2606448120123597,-1.2999961305054988,0.0749881393687296,-1.3,-1.3,2.0
138.701,-1.2606448120123597,-1.2999961305054988,0.0749881393687296,-1.3,-1.3,2.0
138.71,-1.2606448120123597,-1.2999961305054988,0.0749881393687296,-1.3,-1.3,2.0
138.722,-1.2606448120123597,-1.2999961305054988,0.0749881393687296,-1.3,-1.3,2.0
138.73,-1.2606448120123597,-1.2999961305054988,0.0749881393687296,-1.3,-1.3,2.0
138.746,-1.2606448120123597,-1.2999961305054988,0.0749881393687296,-1.3,-1.3,2.0
138.76,-1.2606448120123597,-1.2999961305054988,0.0749881393687296,-1.3,-1.3,2.0
138.76,-1.2606448120123597,-1.2999961305054988,0.0749881393687296,-1.3,-1.3,2.0
138.77,-1.2606448120123597,-1.2999961305054988,0.0749881393687296,-1.3,-1.3,2.0
138.78,-1.2606448120123597,-1.2999961305054988,0.0749881393687296,-1.3,-1.3,2.0
138.79,-1.2606448120123597,-1.2999961305054988,0.0749881393687296,-1.3,-1.3,2.0
138.8,-1.2606448120123597,-1.2999961305054988,0.0749881393687296,-1.3,-1.3,2.0
138.811,-1.2606448120123597,-1.2999961305054988,0.0749881393687296,-1.3,-1.3,2.0
138.826,-1.2606448120123597,-1.2999961305054988,0.0749881393687296,-1.3,-1.3,2.0
138.835,-1.2606448120123597,-1.2999961305054988,0.0749881393687296,-1.3,-1.3,2.0
138.84,-1.2606448120123597,-1.2999961305054988,0.0749881393687296,-1.3,-1.3,2.0
138.85,-1.2606448120123597,-1.2999961305054988,0.0749881393687296,-1.3,-1.3,2.0
138.86,-1.2606448120123597,-1.2999961305054988,0.0749881393687296,-1.3,-1.3,2.0
139.117,-1.2606448120123597,-1.2999961305054988,0.0749881393687296,-1.3,-1.3,2.0
139.121,-1.2606448120123597,-1.2999961305054988,0.0749881393687296,-1.3,-1.3,2.0
139.13,-1.2606448120123597,-1.2999961305054988,0.0749881393687296,-1.3,-1.3,2.0
139.148,-1.2606448120123597,-1.2999961305054988,0.0749881393687296,-1.3,-1.3,2.0
139.152,-1.2606448120123597,-1.2999961305054988,0.0749881393687296,-1.3,-1.3,2.0
139.16,-1.2606448120123597,-1.2999961305054988,0.0749881393687296,-1.3,-1.3,2.0
139.185,-1.2606448120123597,-1.2999961305054988,0.0749881393687296,-1.3,-1.3,2.0
139.19,-1.2606448120123597,-1.2999961305054988,0.0749881393687296,-1.3,-1.3,2.0
139.202,-1.2606448120123597,-1.2999961305054988,0.0749881393687296,-1.3,-1.3,2.0
139.223,-1.2606448120123597,-1.2999961305054988,0.0749881393687296,-1.3,-1.3,2.0
139.233,-1.2606448120123597,-1.2999961305054988,0.0749881393687296,-1.3,-1.3,2.0
139.242,-1.2606448120123597,-1.2999961305054988,0.0749881393687296,-1.3,-1.3,2.0
139.256,-1.2606448120123597,-1.2999961305054988,0.0749881393687296,-1.3,-1.3,2.0
139.26,-1.2606448120123597,-1.2999961305054988,0.0749881393687296,-1.3,-1.3,2.0
139.277,-1.2606448120123597,-1.2999961305054988,0.0749881393687296,-1.3,-1.3,2.0
139.287,-1.2606448120123597,-1.2999961305054988,0.0749881393687296,-1.3,-1.3,2.0
139.296,-1.2606448120123597,-1.2999961305054988,0.0749881393687296,-1.3,-1.3,2.0
139.304,-1.2606448120123597,-1.2999961305054988,0.0749881393687296,-1.3,-1.3,2.0
139.315,-1.2606448120123597,-1.2999961305054988,0.0749881393687296,-1.3,-1.3,2.0
139.32,-1.2606448120123597,-1.2999961305054988,0.0749881393687296,-1.3,-1.3,2.0
139.335,-1.2606448120123597,-1.2999961305054988,0.0749881393687296,-1.3,-1.3,2.0
139.34,-1.2606448120123597,-1.2999961305054988,0.0749881393687296,-1.3,-1.3,2.0
139.35,-1.2606448120123597,-1.2999961305054988,0.0749881393687296,-1.3,-1.3,2.0
139.374,-1.2606448120123597,-1.2999961305054988,0.0749881393687296,-1.3,-1.3,2.0
139.38,-1.2606448120123597,-1.2999961305054988,0.0749881393687296,-1.3,-1.3,2.0
139.39,-1.2606448120123597,-1.2999961305054988,0.0749881393687296,-1.3,-1.3,2.0
139.414,-1.2606448120123597,-1.2999961305054988,0.0749881393687296,-1.3,-1.3,2.0
139.427,-1.2606448120123597,-1.2999961305054988,0.0749881393687296,-1.3,-1.3,2.0
139.435,-1.2606448120123597,-1.2999961305054988,0.0749881393687296,-1.3,-1.3,2.0
139.44,-1.2606448120123597,-1.2999961305054988,0.0749881393687296,-1.3,-1.3,2.0
139.45,-1.2606448120123597,-1.2999961305054988,0.0749881393687296,-1.3,-1.3,2.0
139.46,-1.2606448120123597,-1.2999961305054988,0.0749881393687296,-1.3,-1.3,2.0
139.477,-1.2606448120123597,-1.2999961305054988,0.0749881393687296,-1.3,-1.3,2.0
139.483,-1.2606448120123597,-1.2999961305054988,0.0749881393687296,-1.3,-1.3,2.0
139.499,-1.2606448120123597,-1.2999961305054988,0.0749881393687296,-1.3,-1.3,2.0
139.5,-1.2606448120123597,-1.2999961305054988,0.0749881393687296,-1.3,-1.3,2.0
139.514,-1.2606448120123597,-1.2999961305054988,0.0749881393687296,-1.3,-1.3,2.0
139.521,-1.2606448120123597,-1.2999961305054988,0.0749881393687296,-1.3,-1.3,2.0
139.533,-1.2606448120123597,-1.2999961305054988,0.0749881393687296,-1.3,-1.3,2.0
139.545,-1.2606448120123597,-1.2999961305054988,0.0749881393687296,-1.3,-1.3,2.0
139.557,-1.2606448120123597,-1.2999961305054988,0.0749881393687296,-1.3,-1.3,2.0
139.56,-1.2606448120123597,-1.2999961305054988,0.0749881393687296,-1.3,-1.3,2.0
139.572,-1.2606448120123597,-1.2999961305054988,0.0749881393687296,-1.3,-1.3,2.0
139.582,-1.2606448120123597,-1.2999961305054988,0.0749881393687296,-1.3,-1.3,2.0
139.615,-1.2606448120123597,-1.2999961305054988,0.0749881393687296,-1.3,-1.3,2.0
139.626,-1.2606448120123597,-1.2999961305054988,0.0749881393687296,-1.3,-1.3,2.0
139.63,-1.2606448120123597,-1.2999961305054988,0.0749881393687296,-1.3,-1.3,2.0
139.641,-1.2606448120123597,-1.2999961305054988,0.0749881393687296,-1.3,-1.3,2.0
139.654,-1.2606448120123597,-1.2999961305054988,0.0749881393687296,-1.3,-1.3,2.0
139.66,-1.2606448120123597,-1.2999961305054988,0.0749881393687296,-1.3,-1.3,2.0
139.675,-1.2606448120123597,-1.2999961305054988,0.0749881393687296,-1.3,-1.3,2.0
139.68,-1.2606448120123597,-1.2999961305054988,0.0749881393687296,-1.3,-1.3,2.0
139.696,-1.2606448120123597,-1.2999961305054988,0.0749881393687296,-1.3,-1.3,2.0
139.71,-1.2606448120123597,-1.2999961305054988,0.0749881393687296,-1.3,-1.3,2.0
139.71,-1.2606448120123597,-1.2999961305054988,0.0749881393687296,-1.3,-1.3,2.0
139.728,-1.2606448120123597,-1.2999961305054988,0.0749881393687296,-1.3,-1.3,2.0
139.73,-1.2606448120123597,-1.2999961305054988,0.0749881393687296,-1.3,-1.3,2.0
139.75,-1.2606448120123597,-1.2999961305054988,0.0749881393687296,-1.3,-1.3,2.0
139.75,-1.2606448120123597,-1.2999961305054988,0.0749881393687296,-1.3,-1.3,2.0
139.76,-1.2606448120123597,-1.2999961305054988,0.0749881393687296,-1.3,-1.3,2.0
139.77,-1.2606448120123597,-1.2999961305054988,0.0749881393687296,-1.3,-1.3,2.0
139.78,-1.2606448120123597,-1.2999961305054988,0.0749881393687296,-1.3,-1.3,2.0
139.792,-1.2606448120123597,-1.2999961305054988,0.0749881393687296,-1.3,-1.3,2.0
139.8,-1.2606448120123597,-1.2999961305054988,0.0749881393687296,-1.3,-1.3,2.0
139.816,-1.2606448120123597,-1.2999961305054988,0.0749881393687296,-1.3,-1.3,2.0
139.822,-1.2606448120123597,-1.2999961305054988,0.0749881393687296,-1.3,-1.3,2.0
139.836,-1.2606448120123597,-1.2999961305054988,0.0749881393687296,-1.3,-1.3,2.0
139.847,-1.2606448120123597,-1.2999961305054988,0.0749881393687296,-1.3,-1.3,2.0
139.856,-1.2606448120123597,-1.2999961305054988,0.0749881393687296,-1.3,-1.3,2.0
139.88,-1.2606448120123597,-1.2999961305054988,0.0749881393687296,-1.3,-1.3,2.0
139.88,-1.2606448120123597,-1.2999961305054988,0.0749881393687296,-1.3,-1.3,2.0
139.902,-1.2606448120123597,-1.2999961305054988,0.0749881393687296,-1.3,-1.3,2.0
139.914,-1.2606448120123597,-1.2999961305054988,0.0749881393687296,-1.3,-1.3,2.0
139.923,-1.2606448120123597,-1.2999961305054988,0.0749881393687296,-1.3,-1.3,2.0
139.936,-1.2606448120123597,-1.2999961305054988,0.0749881393687296,-1.3,-1.3,2.0
139.942,-1.2606448120123597,-1.2999961305054988,0.0749881393687296,-1.3,-1.3,2.0
139.954,-1.2606448120123597,-1.2999961305054988,0.0749881393687296,-1.3,-1.3,2.0
139.96,-1.2606448120123597,-1.2999961305054988,0.0749881393687296,-1.3,-1.3,2.0
139.97,-1.2606448120123597,-1.2999961305054988,0.0749881393687296,-1.3,-1.3,2.0
139.98,-1.2606448120123597,-1.2999961305054988,0.0749881393687296,-1.3,-1.3,2.0
139.99,-1.2606448120123597,-1.2999961305054988,0.0749881393687296,-1.3,-1.3,2.0
140.001,-1.2606448120123597,-1.2999961305054988,0.0749881393687296,-1.3,-1.3,2.0
140.011,-1.2606448120123597,-1.2999961305054988,0.0749881393687296,-1.3,-1.3,2.0
140.049,-1.2606448120123597,-1.2999961305054988,0.0749881393687296,-1.3,-1.3,2.0
140.06,-1.2606448120123597,-1.2999961305054988,0.0749881393687296,-1.3,-1.3,2.0
140.06,-1.2606448120123597,-1.2999961305054988,0.0749881393687296,-1.3,-1.3,2.0
140.075,-1.2606448120123597,-1.2999961305054988,0.0749881393687296,-1.3,-1.3,2.0
140.083,-1.2606448120123597,-1.2999961305054988,0.0749881393687296,-1.3,-1.3,2.0
140.093,-1.2606448120123597,-1.2999961305054988,0.0749881393687296,-1.3,-1.3,2.0
140.101,-1.2606448120123597,-1.2999961305054988,0.0749881393687296,-1.3,-1.3,2.0
140.116,-1.2606448120123597,-1.2999961305054988,0.0749881393687296,-1.3,-1.3,2.0
140.126,-1.2606448120123597,-1.2999961305054988,0.0749881393687296,-1.3,-1.3,2.0
140.134,-1.2606448120123597,-1.2999961305054988,0.0749881393687296,-1.3,-1.3,2.0
140.14,-1.2606448120123597,-1.2999961305054988,0.0749881393687296,-1.3,-1.3,2.0
140.152,-1.2606448120123597,-1.2999961305054988,0.0749881393687296,-1.3,-1.3,2.0
140.16,-1.2606448120123597,-1.2999961305054988,0.0749881393687296,-1.3,-1.3,2.0
140.171,-1.2606448120123597,-1.2999961305054988,0.0749881393687296,-1.3,-1.3,2.0
140.184,-1.2606448120123597,-1.2999961305054988,0.0749881393687296,-1.3,-1.3,2.0
140.19,-1.2606448120123597,-1.2999961305054988,0.0749881393687296,-1.3,-1.3,2.0
140.207,-1.2606448120123597,-1.2999961305054988,0.0749881393687296,-1.3,-1.3,2.0
140.21,-1.2606448120123597,-1.2999961305054988,0.0749881393687296,-1.3,-1.3,2.0
140.225,-1.2606448120123597,-1.2999961305054988,0.0749881393687296,-1.3,-1.3,2.0
140.246,-1.2606448120123597,-1.2999961305054988,0.0749881393687296,-1.3,-1.3,2.0
140.256,-1.2606448120123597,-1.2999961305054988,0.0749881393687296,-1.3,-1.3,2.0
140.91,-1.2606448120123597,-1.2999961305054988,0.0749881393687296,-1.3,-1.3,2.0
140.927,-1.2606448120123597,-1.2999961305054988,0.0749881393687296,-1.3,-1.3,2.0
141.24,-1.2606448120123597,-1.2999961305054988,0.0749881393687296,-1.3,-1.3,2.0
141.26,-1.2606448120123597,-1.2999961305054988,0.0749881393687296,-1.3,-1.3,2.0
141.56,-1.2606448120123597,-1.2999961305054988,0.0749881393687296,-1.3,-1.3,2.0
141.576,-1.2606448120123597,-1.2999961305054988,0.0749881393687296,-1.3,-1.3,2.0
141.891,-1.2606448120123597,-1.2999961305054988,0.0749881393687296,-1.3,-1.3,2.0
141.901,-1.2606448120123597,-1.2999961305054988,0.0749881393687296,-1.3,-1.3,2.0
142.273,-1.2606448120123597,-1.2999961305054988,0.0749881393687296,-1.3,-1.3,2.0
142.285,-1.2606448120123597,-1.2999961305054988,0.0749881393687296,-1.3,-1.3,2.0
142.625,-1.2606448120123597,-1.2999961305054988,0.0749881393687296,-1.3,-1.3,2.0
142.634,-1.2606448120123597,-1.2999961305054988,0.0749881393687296,-1.3,-1.3,2.0
142.995,-1.2606448120123597,-1.2999961305054988,0.0749881393687296,-1.3,-1.3,2.0
143.011,-1.2606448120123597,-1.2999961305054988,0.0749881393687296,-1.3,-1.3,2.0
143.321,-1.2606448120123597,-1.2999961305054988,0.0749881393687296,-1.3,-1.3,2.0
143.334,-1.2606448120123597,-1.2999961305054988,0.0749881393687296,-1.3,-1.3,2.0
143.66,-1.2606448120123597,-1.2999961305054988,0.0749881393687296,-1.3,-1.3,2.0
143.674,-1.2606448120123597,-1.2999961305054988,0.0749881393687296,-1.3,-1.3,2.0
144.063,-1.2606448120123597,-1.2999961305054988,0.0749881393687296,-1.3,-1.3,2.0
144.074,-1.2606448120123597,-1.2999961305054988,0.0749881393687296,-1.3,-1.3,2.0
144.37,-1.2606448120123597,-1.2999961305054988,0.0749881393687296,-1.3,-1.3,2.0
144.381,-1.2606448120123597,-1.2999961305054988,0.0749881393687296,-1.3,-1.3,2.0
144.797,-1.2606448120123597,-1.2999961305054988,0.0749881393687296,-1.3,-1.3,2.0
144.802,-1.2606448120123597,-1.2999961305054988,0.0749881393687296,-1.3,-1.3,2.0
144.811,-1.2606448120123597,-1.2999961305054988,0.0749881393687296,-1.3,-1.3,2.0
144.82,-1.2606448120123597,-1.2999961305054988,0.0749881393687296,-1.3,-1.3,2.0
144.833,-1.2606448120123597,-1.2999961305054988,0.0749881393687296,-1.3,-1.3,2.0
144.842,-1.2606448120123597,-1.2999961305054988,0.0749881393687296,-1.3,-1.3,2.0
144.861,-1.2606448120123597,-1.2999961305054988,0.0749881393687296,-1.3,-1.3,2.0
144.875,-1.2606448120123597,-1.2999961305054988,0.0749881393687296,-1.3,-1.3,2.0
144.881,-1.2606448120123597,-1.2999961305054988,0.0749881393687296,-1.3,-1.3,2.0
144.89,-1.2606448120123597,-1.2999961305054988,0.0749881393687296,-1.3,-1.3,2.0
144.903,-1.2606448120123597,-1.2999961305054988,0.0749881393687296,-1.3,-1.3,2.0
144.91,-1.2606448120123597,-1.2999961305054988,0.0749881393687296,-1.3,-1.3,2.0
144.92,-1.2606448120123597,-1.2999961305054988,0.0749881393687296,-1.3,-1.3,2.0
144.931,-1.2606448120123597,-1.2999961305054988,0.0749881393687296,-1.3,-1.3,2.0
144.942,-1.2606448120123597,-1.2999961305054988,0.0749881393687296,-1.3,-1.3,2.0
144.951,-1.2606448120123597,-1.2999961305054988,0.0749881393687296,-1.3,-1.3,2.0
145.232,-1.2606448120123597,-1.2999961305054988,0.0749881393687296,-1.3,-1.3,2.0
145.248,-1.2606448120123597,-1.2999961305054988,0.0749881393687296,-1.3,-1.3,2.0
145.252,-1.2606448120123597,-1.2999961305054988,0.0749881393687296,-1.3,-1.3,2.0
145.26,-1.2606448120123597,-1.2999961305054988,0.0749881393687296,-1.3,-1.3,2.0
145.283,-1.2606448120123597,-1.2999961305054988,0.0749881393687296,-1.3,-1.3,2.0
145.29,-1.2606448120123597,-1.2999961305054988,0.0749881393687296,-1.3,-1.3,2.0
145.306,-1.2606448120123597,-1.2999961305054988,0.0749881393687296,-1.3,-1.3,2.0
145.311,-1.2606448120123597,-1.2999961305054988,0.0749881393687296,-1.3,-1.3,2.0
145.323,-1.2606448120123597,-1.2999961305054988,0.0749881393687296,-1.3,-1.3,2.0
145.333,-1.2606448120123597,-1.2999961305054988,0.0749881393687296,-1.3,-1.3,2.0
145.347,-1.2606448120123597,-1.2999961305054988,0.0749881393687296,-1.3,-1.3,2.0
145.357,-1.2606448120123597,-1.2999961305054988,0.0749881393687296,-1.3,-1.3,2.0
145.601,-1.2606448120123597,-1.2999961305054988,0.0749881393687296,-1.3,-1.3,2.0
145.611,-1.2606448120123597,-1.2999961305054988,0.0749881393687296,-1.3,-1.3,2.0
145.62,-1.2606448120123597,-1.2999961305054988,0.0749881393687296,-1.3,-1.3,2.0
145.634,-1.2606448120123597,-1.2999961305054988,0.0749881393687296,-1.3,-1.3,2.0
145.644,-1.2606448120123597,-1.2999961305054988,0.0749881393687296,-1.3,-1.3,2.0
145.65,-1.2606448120123597,-1.2999961305054988,0.0749881393687296,-1.3,-1.3,2.0
145.66,-1.2606448120123597,-1.2999961305054988,0.0749881393687296,-1.3,-1.3,2.0
145.671,-1.2606448120123597,-1.2999961305054988,0.0749881393687296,-1.3,-1.3,2.0
145.68,-1.2606448120123597,-1.2999961305054988,0.0749881393687296,-1.3,-1.3,2.0
145.69,-1.2606448120123597,-1.2999961305054988,0.0749881393687296,-1.3,-1.3,2.0
145.71,-1.2606448120123597,-1.2999961305054988,0.0749881393687296,-1.3,-1.3,2.0
145.71,-1.2606448120123597,-1.2999961305054988,0.0749881393687296,-1.3,-1.3,2.0
145.724,-1.2606448120123597,-1.2999961305054988,0.0749881393687296,-1.3,-1.3,2.0
145.731,-1.2606448120123597,-1.2999961305054988,0.0749881393687296,-1.3,-1.3,2.0
145.74,-1.2606448120123597,-1.2999961305054988,0.0749881393687296,-1.3,-1.3,2.0
145.75,-1.2606448120123597,-1.2999961305054988,0.0749881393687296,-1.3,-1.3,2.0
145.98,-1.2606448120123597,-1.2999961305054988,0.0749881393687296,-1.3,-1.3,2.0
145.991,-1.2606448120123597,-1.2999961305054988,0.0749881393687296,-1.3,-1.3,2.0
146.002,-1.2606448120123597,-1.2999961305054988,0.0749881393687296,-1.3,-1.3,2.0
146.02,-1.2606448120123597,-1.2999961305054988,0.0749881393687296,-1.3,-1.3,2.0
146.02,-1.2606448120123597,-1.2999961305054988,0.0749881393687296,-1.3,-1.3,2.0
146.03,-1.2606448120123597,-1.2999961305054988,0.0749881393687296,-1.3,-1.3,2.0
146.041,-1.2606448120123597,-1.2999961305054988,0.0749881393687296,-1.3,-1.3,2.0
146.051,-1.2606448120123597,-1.2999961305054988,0.0749881393687296,-1.3,-1.3,2.0
146.06,-1.2606448120123597,-1.2999961305054988,0.0749881393687296,-1.3,-1.3,2.0
146.074,-1.2606448120123597,-1.2999961305054988,0.0749881393687296,-1.3,-1.3,2.0
146.08,-1.2606448120123597,-1.2999961305054988,0.0749881393687296,-1.3,-1.3,2.0
146.092,-1.2606448120123597,-1.2999961305054988,0.0749881393687296,-1.3,-1.3,2.0
146.1,-1.2606448120123597,-1.2999961305054988,0.0749881393687296,-1.3,-1.3,2.0
146.113,-1.2606448120123597,-1.2999961305054988,0.0749881393687296,-1.3,-1.3,2.0
146.129,-1.2606448120123597,-1.2999961305054988,0.0749881393687296,-1.3,-1.3,2.0
146.133,-1.2606448120123597,-1.2999961305054988,0.0749881393687296,-1.3,-1.3,2.0
146.14,-1.2606448120123597,-1.2999961305054988,0.0749881393687296,-1.3,-1.3,2.0
146.155,-1.2606448120123597,-1.2999961305054988,0.0749881393687296,-1.3,-1.3,2.0
146.436,-1.2606448120123597,-1.2999961305054988,0.0749881393687296,-1.3,-1.3,2.0
146.449,-1.2606448120123597,-1.2999961305054988,0.0749881393687296,-1.3,-1.3,2.0
146.45,-1.2606448120123597,-1.2999961305054988,0.0749881393687296,-1.3,-1.3,2.0
146.46,-1.2606448120123597,-1.2999961305054988,0.0749881393687296,-1.3,-1.3,2.0
146.482,-1.2606448120123597,-1.2999961305054988,0.0749881393687296,-1.3,-1.3,2.0
146.493,-1.2606448120123597,-1.2999961305054988,0.0749881393687296,-1.3,-1.3,2.0
146.501,-1.2606448120123597,-1.2999961305054988,0.0749881393687296,-1.3,-1.3,2.0
146.516,-1.2606448120123597,-1.2999961305054988,0.0749881393687296,-1.3,-1.3,2.0
146.527,-1.2606448120123597,-1.2999961305054988,0.0749881393687296,-1.3,-1.3,2.0
146.53,-1.2606448120123597,-1.2999961305054988,0.0749881393687296,-1.3,-1.3,2.0
146.551,-1.2606448120123597,-1.2999961305054988,0.0749881393687296,-1.3,-1.3,2.0
146.56,-1.2606448120123597,-1.2999961305054988,0.0749881393687296,-1.3,-1.3,2.0
146.78,-1.2606448120123597,-1.2999961305054988,0.0749881393687296,-1.3,-1.3,2.0
146.807,-1.2606448120123597,-1.2999961305054988,0.0749881393687296,-1.3,-1.3,2.0
146.81,-1.2606448120123597,-1.2999961305054988,0.0749881393687296,-1.3,-1.3,2.0
146.824,-1.2606448120123597,-1.2999961305054988,0.0749881393687296,-1.3,-1.3,2.0
146.845,-1.2606448120123597,-1.2999961305054988,0.0749881393687296,-1.3,-1.3,2.0
146.86,-1.2606448120123597,-1.2999961305054988,0.0749881393687296,-1.3,-1.3,2.0
146.86,-1.2606448120123597,-1.2999961305054988,0.0749881393687296,-1.3,-1.3,2.0
146.87,-1.2606448120123597,-1.2999961305054988,0.0749881393687296,-1.3,-1.3,2.0
146.881,-1.2606448120123597,-1.2999961305054988,0.0749881393687296,-1.3,-1.3,2.0
146.891,-1.2606448120123597,-1.2999961305054988,0.0749881393687296,-1.3,-1.3,2.0
146.912,-1.2606448120123597,-1.2999961305054988,0.0749881393687296,-1.3,-1.3,2.0
146.927,-1.2606448120123597,-1.2999961305054988,0.0749881393687296,-1.3,-1.3,2.0
146.931,-1.2606448120123597,-1.2999961305054988,0.0749881393687296,-1.3,-1.3,2.0
146.94,-1.2606448120123597,-1.2999961305054988,0.0749881393687296,-1.3,-1.3,2.0
146.952,-1.2606448120123597,-1.2999961305054988,0.0749881393687296,-1.3,-1.3,2.0
146.96,-1.2606448120123597,-1.2999961305054988,0.0749881393687296,-1.3,-1.3,2.0
146.97,-1.2606448120123597,-1.2999961305054988,0.0749881393687296,-1.3,-1.3,2.0
146.98,-1.2606448120123597,-1.2999961305054988,0.0749881393687296,-1.3,-1.3,2.0
147.001,-1.2606448120123597,-1.2999961305054988,0.0749881393687296,-1.3,-1.3,2.0
147.013,-1.2606448120123597,-1.2999961305054988,0.0749881393687296,-1.3,-1.3,2.0
147.021,-1.2606448120123597,-1.2999961305054988,0.0749881393687296,-1.3,-1.3,2.0
147.03,-1.2606448120123597,-1.2999961305054988,0.0749881393687296,-1.3,-1.3,2.0
147.044,-1.2606448120123597,-1.2999961305054988,0.0749881393687296,-1.3,-1.3,2.0
147.053,-1.2606448120123597,-1.2999961305054988,0.0749881393687296,-1.3,-1.3,2.0
147.371,-1.2606448120123597,-1.2999961305054988,0.0749881393687296,-1.3,-1.3,2.0
147.381,-1.2606448120123597,-1.2999961305054988,0.0749881393687296,-1.3,-1.3,2.0
147.741,-1.2606448120123597,-1.2999961305054988,0.0749881393687296,-1.3,-1.3,2.0
147.753,-1.2606448120123597,-1.2999961305054988,0.0749881393687296,-1.3,-1.3,2.0
148.075,-1.2606448120123597,-1.2999961305054988,0.0749881393687296,-1.3,-1.3,2.0
148.08,-1.2606448120123597,-1.2999961305054988,0.0749881393687296,-1.3,-1.3,2.0
148.444,-1.2606448120123597,-1.2999961305054988,0.0749881393687296,-1.3,-1.3,2.0
148.456,-1.2606448120123597,-1.2999961305054988,0.0749881393687296,-1.3,-1.3,2.0
148.77,-1.2606448120123597,-1.2999961305054988,0.0749881393687296,-1.3,-1.3,2.0
148.78,-1.2606448120123597,-1.2999961305054988,0.0749881393687296,-1.3,-1.3,2.0
148.791,-1.2606448120123597,-1.2999961305054988,0.0749881393687296,-1.3,-1.3,2.0
148.824,-1.2606448120123597,-1.2999961305054988,0.0749881393687296,-1.3,-1.3,2.0
148.834,-1.2606448120123597,-1.2999961305054988,0.0749881393687296,-1.3,-1.3,2.0
148.851,-1.2606448120123597,-1.2999961305054988,0.0749881393687296,-1.3,-1.3,2.0
148.86,-1.2606448120123597,-1.2999961305054988,0.0749881393687296,-1.3,-1.3,2.0
148.87,-1.2606448120123597,-1.2999961305054988,0.0749881393687296,-1.3,-1.3,2.0
148.886,-1.2606448120123597,-1.2999961305054988,0.0749881393687296,-1.3,-1.3,2.0
148.89,-1.2606448120123597,-1.2999961305054988,0.0749881393687296,-1.3,-1.3,2.0
148.907,-1.2606448120123597,-1.2999961305054988,0.0749881393687296,-1.3,-1.3,2.0
148.921,-1.2606448120123597,-1.2999961305054988,0.0749881393687296,-1.3,-1.3,2.0
148.932,-1.2606448120123597,-1.2999961305054988,0.0749881393687296,-1.3,-1.3,2.0
148.94,-1.2606448120123597,-1.2999961305054988,0.0749881393687296,-1.3,-1.3,2.0
148.95,-1.2606448120123597,-1.2999961305054988,0.0749881393687296,-1.3,-1.3,2.0
148.979,-1.2606448120123597,-1.2999961305054988,0.0749881393687296,-1.3,-1.3,2.0
148.98,-1.2606448120123597,-1.2999961305054988,0.0749881393687296,-1.3,-1.3,2.0
148.99,-1.2606448120123597,-1.2999961305054988,0.0749881393687296,-1.3,-1.3,2.0
149.006,-1.2606448120123597,-1.2999961305054988,0.0749881393687296,-1.3,-1.3,2.0
149.02,-1.2606448120123597,-1.2999961305054988,0.0749881393687296,-1.3,-1.3,2.0
149.02,-1.2606448120123597,-1.2999961305054988,0.0749881393687296,-1.3,-1.3,2.0
149.03,-1.2606448120123597,-1.2999961305054988,0.0749881393687296,-1.3,-1.3,2.0
149.041,-1.2606448120123597,-1.2999961305054988,0.0749881393687296,-1.3,-1.3,2.0
149.051,-1.2606448120123597,-1.2999961305054988,0.0749881393687296,-1.3,-1.3,2.0
149.332,-1.2606448120123597,-1.2999961305054988,0.0749881393687296,-1.3,-1.3,2.0
149.34,-1.2606448120123597,-1.2999961305054988,0.0749881393687296,-1.3,-1.3,2.0
149.352,-1.2606448120123597,-1.2999961305054988,0.0749881393687296,-1.3,-1.3,2.0
149.36,-1.2606448120123597,-1.2999961305054988,0.0749881393687296,-1.3,-1.3,2.0
149.37,-1.2606448120123597,-1.2999961305054988,0.0749881393687296,-1.3,-1.3,2.0
149.383,-1.2606448120123597,-1.2999961305054988,0.0749881393687296,-1.3,-1.3,2.0
149.39,-1.2606448120123597,-1.2999961305054988,0.0749881393687296,-1.3,-1.3,2.0
149.4,-1.2606448120123597,-1.2999961305054988,0.0749881393687296,-1.3,-1.3,2.0
149.413,-1.2606448120123597,-1.2999961305054988,0.0749881393687296,-1.3,-1.3,2.0
149.42,-1.2606448120123597,-1.2999961305054988,0.0749881393687296,-1.3,-1.3,2.0
149.434,-1.2606448120123597,-1.2999961305054988,0.0749881393687296,-1.3,-1.3,2.0
149.44,-1.2606448120123597,-1.2999961305054988,0.0749881393687296,-1.3,-1.3,2.0
149.458,-1.2606448120123597,-1.2999961305054988,0.0749881393687296,-1.3,-1.3,2.0
149.46,-1.2606448120123597,-1.2999961305054988,0.0749881393687296,-1.3,-1.3,2.0
149.471,-1.2606448120123597,-1.2999961305054988,0.0749881393687296,-1.3,-1.3,2.0
149.481,-1.2606448120123597,-1.2999961305054988,0.0749881393687296,-1.3,-1.3,2.0
149.49,-1.2606448120123597,-1.2999961305054988,0.0749881393687296,-1.3,-1.3,2.0
149.507,-1.2606448120123597,-1.2999961305054988,0.0749881393687296,-1.3,-1.3,2.0
149.51,-1.2606448120123597,-1.2999961305054988,0.0749881393687296,-1.3,-1.3,2.0
149.52,-1.2606448120123597,-1.2999961305054988,0.0749881393687296,-1.3,-1.3,2.0
149.531,-1.2606448120123597,-1.2999961305054988,0.0749881393687296,-1.3,-1.3,2.0
149.548,-1.2606448120123597,-1.2999961305054988,0.0749881393687296,-1.3,-1.3,2.0
149.554,-1.2606448120123597,-1.2999961305054988,0.0749881393687296,-1.3,-1.3,2.0
149.56,-1.2606448120123597,-1.2999961305054988,0.0749881393687296,-1.3,-1.3,2.0
149.821,-1.2606448120123597,-1.2999961305054988,0.0749881393687296,-1.3,-1.3,2.0
149.837,-1.2606448120123597,-1.2999961305054988,0.0749881393687296,-1.3,-1.3,2.0
149.841,-1.2606448120123597,-1.2999961305054988,0.0749881393687296,-1.3,-1.3,2.0
149.851,-1.2606448120123597,-1.2999961305054988,0.0749881393687296,-1.3,-1.3,2.0
149.86,-1.2606448120123597,-1.2999961305054988,0.0749881393687296,-1.3,-1.3,2.0
149.872,-1.2606448120123597,-1.2999961305054988,0.0749881393687296,-1.3,-1.3,2.0
149.883,-1.2606448120123597,-1.2999961305054988,0.0749881393687296,-1.3,-1.3,2.0
149.9,-1.2606448120123597,-1.2999961305054988,0.0749881393687296,-1.3,-1.3,2.0
149.909,-1.2606448120123597,-1.2999961305054988,0.0749881393687296,-1.3,-1.3,2.0
149.911,-1.2606448120123597,-1.2999961305054988,0.0749881393687296,-1.3,-1.3,2.0
149.926,-1.2606448120123597,-1.2999961305054988,0.0749881393687296,-1.3,-1.3,2.0
149.931,-1.2606448120123597,-1.2999961305054988,0.0749881393687296,-1.3,-1.3,2.0
149.946,-1.2606448120123597,-1.2999961305054988,0.0749881393687296,-1.3,-1.3,2.0
149.952,-1.2606448120123597,-1.2999961305054988,0.0749881393687296,-1.3,-1.3,2.0
150.68,-1.2606448120123597,-1.2999961305054988,0.0749881393687296,-1.3,-1.3,2.0
150.69,-1.2606448120123597,-1.2999961305054988,0.0749881393687296,-1.3,-1.3,2.0
151.023,-1.2606448120123597,-1.2999961305054988,0.0749881393687296,-1.3,-1.3,2.0
151.03,-1.2606448120123597,-1.2999961305054988,0.0749881393687296,-1.3,-1.3,2.0
151.042,-1.2606448120123597,-1.2999961305054988,0.0749881393687296,-1.3,-1.3,2.0
151.052,-1.2606448120123597,-1.2999961305054988,0.0749881393687296,-1.3,-1.3,2.0
151.06,-1.2606448120123597,-1.2999961305054988,0.0749881393687296,-1.3,-1.3,2.0
151.07,-1.2606448120123597,-1.2999961305054988,0.0749881393687296,-1.3,-1.3,2.0
151.083,-1.2606448120123597,-1.2999961305054988,0.0749881393687296,-1.3,-1.3,2.0
151.092,-1.2606448120123597,-1.2999961305054988,0.0749881393687296,-1.3,-1.3,2.0
151.102,-1.2606448120123597,-1.2999961305054988,0.0749881393687296,-1.3,-1.3,2.0
151.11,-1.2606448120123597,-1.2999961305054988,0.0749881393687296,-1.3,-1.3,2.0
151.133,-1.2606448120123597,-1.2999961305054988,0.0749881393687296,-1.3,-1.3,2.0
151.153,-1.2606448120123597,-1.2999961305054988,0.0749881393687296,-1.3,-1.3,2.0
151.37,-1.2606448120123597,-1.2999961305054988,0.0749881393687296,-1.3,-1.3,2.0
151.381,-1.2606448120123597,-1.2999961305054988,0.0749881393687296,-1.3,-1.3,2.0
151.69,-1.2606448120123597,-1.2999961305054988,0.0749881393687296,-1.3,-1.3,2.0
151.7,-1.2606448120123597,-1.2999961305054988,0.0749881393687296,-1.3,-1.3,2.0
151.986,-1.2606448120123597,-1.2999961305054988,0.0749881393687296,-1.3,-1.3,2.0
151.99,-1.2606448120123597,-1.2999961305054988,0.0749881393687296,-1.3,-1.3,2.0
152.391,-1.2606448120123597,-1.2999961305054988,0.0749881393687296,-1.3,-1.3,2.0
152.401,-1.2606448120123597,-1.2999961305054988,0.0749881393687296,-1.3,-1.3,2.0
152.414,-1.2606448120123597,-1.2999961305054988,0.0749881393687296,-1.3,-1.3,2.0
152.421,-1.2606448120123597,-1.2999961305054988,0.0749881393687296,-1.3,-1.3,2.0
152.43,-1.2606448120123597,-1.2999961305054988,0.0749881393687296,-1.3,-1.3,2.0
152.44,-1.2606448120123597,-1.2999961305054988,0.0749881393687296,-1.3,-1.3,2.0
152.451,-1.2606448120123597,-1.2999961305054988,0.0749881393687296,-1.3,-1.3,2.0
152.486,-1.2606448120123597,-1.2999961305054988,0.0749881393687296,-1.3,-1.3,2.0
152.495,-1.2606448120123597,-1.2999961305054988,0.0749881393687296,-1.3,-1.3,2.0
152.508,-1.2606448120123597,-1.2999961305054988,0.0749881393687296,-1.3,-1.3,2.0
152.511,-1.2606448120123597,-1.2999961305054988,0.0749881393687296,-1.3,-1.3,2.0
152.52,-1.2606448120123597,-1.2999961305054988,0.0749881393687296,-1.3,-1.3,2.0
152.531,-1.2606448120123597,-1.2999961305054988,0.0749881393687296,-1.3,-1.3,2.0
152.541,-1.2606448120123597,-1.2999961305054988,0.0749881393687296,-1.3,-1.3,2.0
152.551,-1.2606448120123597,-1.2999961305054988,0.0749881393687296,-1.3,-1.3,2.0
152.56,-1.2606448120123597,-1.2999961305054988,0.0749881393687296,-1.3,-1.3,2.0
152.576,-1.2606448120123597,-1.2999961305054988,0.0749881393687296,-1.3,-1.3,2.0
152.58,-1.2606448120123597,-1.2999961305054988,0.0749881393687296,-1.3,-1.3,2.0
152.596,-1.2606448120123597,-1.2999961305054988,0.0749881393687296,-1.3,-1.3,2.0
152.6,-1.2606448120123597,-1.2999961305054988,0.0749881393687296,-1.3,-1.3,2.0
152.616,-1.2606448120123597,-1.2999961305054988,0.0749881393687296,-1.3,-1.3,2.0
152.62,-1.2606448120123597,-1.2999961305054988,0.0749881393687296,-1.3,-1.3,2.0
152.642,-1.2606448120123597,-1.2999961305054988,0.0749881393687296,-1.3,-1.3,2.0
152.655,-1.2606448120123597,-1.2999961305054988,0.0749881393687296,-1.3,-1.3,2.0
152.66,-1.2606448120123597,-1.2999961305054988,0.0749881393687296,-1.3,-1.3,2.0
152.67,-1.2606448120123597,-1.2999961305054988,0.0749881393687296,-1.3,-1.3,2.0
152.68,-1.2606448120123597,-1.2999961305054988,0.0749881393687296,-1.3,-1.3,2.0
152.699,-1.2606448120123597,-1.2999961305054988,0.0749881393687296,-1.3,-1.3,2.0
152.7,-1.2606448120123597,-1.2999961305054988,0.0749881393687296,-1.3,-1.3,2.0
152.712,-1.2606448120123597,-1.2999961305054988,0.0749881393687296,-1.3,-1.3,2.0
152.724,-1.2606448120123597,-1.2999961305054988,0.0749881393687296,-1.3,-1.3,2.0
152.734,-1.2606448120123597,-1.2999961305054988,0.0749881393687296,-1.3,-1.3,2.0
152.745,-1.2606448120123597,-1.2999961305054988,0.0749881393687296,-1.3,-1.3,2.0
152.751,-1.2606448120123597,-1.2999961305054988,0.0749881393687296,-1.3,-1.3,2.0
152.76,-1.2606448120123597,-1.2999961305054988,0.0749881393687296,-1.3,-1.3,2.0
152.77,-1.2606448120123597,-1.2999961305054988,0.0749881393687296,-1.3,-1.3,2.0
152.78,-1.2606448120123597,-1.2999961305054988,0.0749881393687296,-1.3,-1.3,2.0
152.79,-1.2606448120123597,-1.2999961305054988,0.0749881393687296,-1.3,-1.3,2.0
152.802,-1.2606448120123597,-1.2999961305054988,0.0749881393687296,-1.3,-1.3,2.0
152.82,-1.2606448120123597,-1.2999961305054988,0.0749881393687296,-1.3,-1.3,2.0
152.82,-1.2606448120123597,-1.2999961305054988,0.0749881393687296,-1.3,-1.3,2.0
152.838,-1.2606448120123597,-1.2999961305054988,0.0749881393687296,-1.3,-1.3,2.0
152.84,-1.2606448120123597,-1.2999961305054988,0.0749881393687296,-1.3,-1.3,2.0
152.856,-1.2606448120123597,-1.2999961305054988,0.0749881393687296,-1.3,-1.3,2.0
153.13,-1.2606448120123597,-1.2999961305054988,0.0749881393687296,-1.3,-1.3,2.0
153.147,-1.2606448120123597,-1.2999961305054988,0.0749881393687296,-1.3,-1.3,2.0
153.159,-1.2606448120123597,-1.2999961305054988,0.0749881393687296,-1.3,-1.3,2.0
153.16,-1.2606448120123597,-1.2999961305054988,0.0749881393687296,-1.3,-1.3,2.0
153.17,-1.2606448120123597,-1.2999961305054988,0.0749881393687296,-1.3,-1.3,2.0
153.181,-1.2606448120123597,-1.2999961305054988,0.0749881393687296,-1.3,-1.3,2.0
153.191,-1.2606448120123597,-1.2999961305054988,0.0749881393687296,-1.3,-1.3,2.0
153.2,-1.2606448120123597,-1.2999961305054988,0.0749881393687296,-1.3,-1.3,2.0
153.212,-1.2606448120123597,-1.2999961305054988,0.0749881393687296,-1.3,-1.3,2.0
153.22,-1.2606448120123597,-1.2999961305054988,0.0749881393687296,-1.3,-1.3,2.0
153.245,-1.2606448120123597,-1.2999961305054988,0.0749881393687296,-1.3,-1.3,2.0
153.251,-1.2606448120123597,-1.2999961305054988,0.0749881393687296,-1.3,-1.3,2.0
153.54,-1.2606448120123597,-1.2999961305054988,0.0749881393687296,-1.3,-1.3,2.0
153.55,-1.2606448120123597,-1.2999961305054988,0.0749881393687296,-1.3,-1.3,2.0
153.56,-1.2606448120123597,-1.2999961305054988,0.0749881393687296,-1.3,-1.3,2.0
153.57,-1.2606448120123597,-1.2999961305054988,0.0749881393687296,-1.3,-1.3,2.0
153.58,-1.2606448120123597,-1.2999961305054988,0.0749881393687296,-1.3,-1.3,2.0
153.598,-1.2606448120123597,-1.2999961305054988,0.0749881393687296,-1.3,-1.3,2.0
153.6,-1.2606448120123597,-1.2999961305054988,0.0749881393687296,-1.3,-1.3,2.0
153.615,-1.2606448120123597,-1.2999961305054988,0.0749881393687296,-1.3,-1.3,2.0
153.62,-1.2606448120123597,-1.2999961305054988,0.0749881393687296,-1.3,-1.3,2.0
153.632,-1.2606448120123597,-1.2999961305054988,0.0749881393687296,-1.3,-1.3,2.0
153.644,-1.2606448120123597,-1.2999961305054988,0.0749881393687296,-1.3,-1.3,2.0
153.654,-1.2606448120123597,-1.2999961305054988,0.0749881393687296,-1.3,-1.3,2.0
153.66,-1.2606448120123597,-1.2999961305054988,0.0749881393687296,-1.3,-1.3,2.0
153.67,-1.2606448120123597,-1.2999961305054988,0.0749881393687296,-1.3,-1.3,2.0
153.681,-1.2606448120123597,-1.2999961305054988,0.0749881393687296,-1.3,-1.3,2.0
153.694,-1.2606448120123597,-1.2999961305054988,0.0749881393687296,-1.3,-1.3,2.0
153.703,-1.2606448120123597,-1.2999961305054988,0.0749881393687296,-1.3,-1.3,2.0
153.712,-1.2606448120123597,-1.2999961305054988,0.0749881393687296,-1.3,-1.3,2.0
153.723,-1.2606448120123597,-1.2999961305054988,0.0749881393687296,-1.3,-1.3,2.0
153.731,-1.2606448120123597,-1.2999961305054988,0.0749881393687296,-1.3,-1.3,2.0
153.744,-1.2606448120123597,-1.2999961305054988,0.0749881393687296,-1.3,-1.3,2.0
153.751,-1.2606448120123597,-1.2999961305054988,0.0749881393687296,-1.3,-1.3,2.0
154.0,-1.2606448120123597,-1.2999961305054988,0.0749881393687296,-1.3,-1.3,2.0
154.012,-1.2606448120123597,-1.2999961305054988,0.0749881393687296,-1.3,-1.3,2.0
154.02,-1.2606448120123597,-1.2999961305054988,0.0749881393687296,-1.3,-1.3,2.0
154.037,-1.2606448120123597,-1.2999961305054988,0.0749881393687296,-1.3,-1.3,2.0
154.04,-1.2606448120123597,-1.2999961305054988,0.0749881393687296,-1.3,-1.3,2.0
154.05,-1.2606448120123597,-1.2999961305054988,0.0749881393687296,-1.3,-1.3,2.0
154.06,-1.2606448120123597,-1.2999961305054988,0.0749881393687296,-1.3,-1.3,2.0
154.08,-1.2606448120123597,-1.2999961305054988,0.0749881393687296,-1.3,-1.3,2.0
154.08,-1.2606448120123597,-1.2999961305054988,0.0749881393687296,-1.3,-1.3,2.0
154.099,-1.2606448120123597,-1.2999961305054988,0.0749881393687296,-1.3,-1.3,2.0
154.1,-1.2606448120123597,-1.2999961305054988,0.0749881393687296,-1.3,-1.3,2.0
154.11,-1.2606448120123597,-1.2999961305054988,0.0749881393687296,-1.3,-1.3,2.0
154.124,-1.2606448120123597,-1.2999961305054988,0.0749881393687296,-1.3,-1.3,2.0
154.13,-1.2606448120123597,-1.2999961305054988,0.0749881393687296,-1.3,-1.3,2.0
154.14,-1.2606448120123597,-1.2999961305054988,0.0749881393687296,-1.3,-1.3,2.0
154.153,-1.2606448120123597,-1.2999961305054988,0.0749881393687296,-1.3,-1.3,2.0
154.16,-1.2606448120123597,-1.2999961305054988,0.0749881393687296,-1.3,-1.3,2.0
154.192,-1.2606448120123597,-1.2999961305054988,0.0749881393687296,-1.3,-1.3,2.0
154.2,-1.2606448120123597,-1.2999961305054988,0.0749881393687296,-1.3,-1.3,2.0
154.215,-1.2606448120123597,-1.2999961305054988,0.0749881393687296,-1.3,-1.3,2.0
154.223,-1.2606448120123597,-1.2999961305054988,0.0749881393687296,-1.3,-1.3,2.0
154.235,-1.2606448120123597,-1.2999961305054988,0.0749881393687296,-1.3,-1.3,2.0
154.252,-1.2606448120123597,-1.2999961305054988,0.0749881393687296,-1.3,-1.3,2.0
154.26,-1.2606448120123597,-1.2999961305054988,0.0749881393687296,-1.3,-1.3,2.0
154.27,-1.2606448120123597,-1.2999961305054988,0.0749881393687296,-1.3,-1.3,2.0
154.282,-1.2606448120123597,-1.2999961305054988,0.0749881393687296,-1.3,-1.3,2.0
154.29,-1.2606448120123597,-1.2999961305054988,0.0749881393687296,-1.3,-1.3,2.0
154.301,-1.2606448120123597,-1.2999961305054988,0.0749881393687296,-1.3,-1.3,2.0
154.327,-1.2606448120123597,-1.2999961305054988,0.0749881393687296,-1.3,-1.3,2.0
154.33,-1.2606448120123597,-1.2999961305054988,0.0749881393687296,-1.3,-1.3,2.0
154.341,-1.2606448120123597,-1.2999961305054988,0.0749881393687296,-1.3,-1.3,2.0
154.35,-1.2606448120123597,-1.2999961305054988,0.0749881393687296,-1.3,-1.3,2.0
154.601,-1.2606448120123597,-1.2999961305054988,0.0749881393687296,-1.3,-1.3,2.0
154.612,-1.2606448120123597,-1.2999961305054988,0.0749881393687296,-1.3,-1.3,2.0
154.971,-1.2606448120123597,-1.2999961305054988,0.0749881393687296,-1.3,-1.3,2.0
154.981,-1.2606448120123597,-1.2999961305054988,0.0749881393687296,-1.3,-1.3,2.0
155.291,-1.2606448120123597,-1.2999961305054988,0.0749881393687296,-1.3,-1.3,2.0
155.3,-1.2606448120123597,-1.2999961305054988,0.0749881393687296,-1.3,-1.3,2.0
155.313,-1.2606448120123597,-1.2999961305054988,0.0749881393687296,-1.3,-1.3,2.0
155.331,-1.2606448120123597,-1.2999961305054988,0.0749881393687296,-1.3,-1.3,2.0
155.343,-1.2606448120123597,-1.2999961305054988,0.0749881393687296,-1.3,-1.3,2.0
155.359,-1.2606448120123597,-1.2999961305054988,0.0749881393687296,-1.3,-1.3,2.0
155.36,-1.2606448120123597,-1.2999961305054988,0.0749881393687296,-1.3,-1.3,2.0
155.372,-1.2606448120123597,-1.2999961305054988,0.0749881393687296,-1.3,-1.3,2.0
155.388,-1.2606448120123597,-1.2999961305054988,0.0749881393687296,-1.3,-1.3,2.0
155.396,-1.2606448120123597,-1.2999961305054988,0.0749881393687296,-1.3,-1.3,2.0
155.416,-1.2606448120123597,-1.2999961305054988,0.0749881393687296,-1.3,-1.3,2.0
155.42,-1.2606448120123597,-1.2999961305054988,0.0749881393687296,-1.3,-1.3,2.0
155.43,-1.2606448120123597,-1.2999961305054988,0.0749881393687296,-1.3,-1.3,2.0
155.445,-1.2606448120123597,-1.2999961305054988,0.0749881393687296,-1.3,-1.3,2.0
155.69,-1.2606448120123597,-1.2999961305054988,0.0749881393687296,-1.3,-1.3,2.0
155.7,-1.2606448120123597,-1.2999961305054988,0.0749881393687296,-1.3,-1.3,2.0
155.712,-1.2606448120123597,-1.2999961305054988,0.0749881393687296,-1.3,-1.3,2.0
155.72,-1.2606448120123597,-1.2999961305054988,0.0749881393687296,-1.3,-1.3,2.0
155.741,-1.2606448120123597,-1.2999961305054988,0.0749881393687296,-1.3,-1.3,2.0
155.751,-1.2606448120123597,-1.2999961305054988,0.0749881393687296,-1.3,-1.3,2.0
155.76,-1.2606448120123597,-1.2999961305054988,0.0749881393687296,-1.3,-1.3,2.0
155.778,-1.2606448120123597,-1.2999961305054988,0.0749881393687296,-1.3,-1.3,2.0
155.78,-1.2606448120123597,-1.2999961305054988,0.0749881393687296,-1.3,-1.3,2.0
155.79,-1.2606448120123597,-1.2999961305054988,0.0749881393687296,-1.3,-1.3,2.0
155.801,-1.2606448120123597,-1.2999961305054988,0.0749881393687296,-1.3,-1.3,2.0
155.81,-1.2606448120123597,-1.2999961305054988,0.0749881393687296,-1.3,-1.3,2.0
155.824,-1.2606448120123597,-1.2999961305054988,0.0749881393687296,-1.3,-1.3,2.0
155.837,-1.2606448120123597,-1.2999961305054988,0.0749881393687296,-1.3,-1.3,2.0
155.848,-1.2606448120123597,-1.2999961305054988,0.0749881393687296,-1.3,-1.3,2.0
155.85,-1.2606448120123597,-1.2999961305054988,0.0749881393687296,-1.3,-1.3,2.0
156.112,-1.2606448120123597,-1.2999961305054988,0.0749881393687296,-1.3,-1.3,2.0
156.12,-1.2606448120123597,-1.2999961305054988,0.0749881393687296,-1.3,-1.3,2.0
156.132,-1.2606448120123597,-1.2999961305054988,0.0749881393687296,-1.3,-1.3,2.0
156.152,-1.2606448120123597,-1.2999961305054988,0.0749881393687296,-1.3,-1.3,2.0
156.16,-1.2606448120123597,-1.2999961305054988,0.0749881393687296,-1.3,-1.3,2.0
156.171,-1.2606448120123597,-1.2999961305054988,0.0749881393687296,-1.3,-1.3,2.0
156.182,-1.2606448120123597,-1.2999961305054988,0.0749881393687296,-1.3,-1.3,2.0
156.204,-1.2606448120123597,-1.2999961305054988,0.0749881393687296,-1.3,-1.3,2.0
156.21,-1.2606448120123597,-1.2999961305054988,0.0749881393687296,-1.3,-1.3,2.0
156.221,-1.2606448120123597,-1.2999961305054988,0.0749881393687296,-1.3,-1.3,2.0
156.23,-1.2606448120123597,-1.2999961305054988,0.0749881393687296,-1.3,-1.3,2.0
156.24,-1.2606448120123597,-1.2999961305054988,0.0749881393687296,-1.3,-1.3,2.0
156.252,-1.2606448120123597,-1.2999961305054988,0.0749881393687296,-1.3,-1.3,2.0
156.26,-1.2606448120123597,-1.2999961305054988,0.0749881393687296,-1.3,-1.3,2.0
156.28,-1.2606448120123597,-1.2999961305054988,0.0749881393687296,-1.3,-1.3,2.0
156.28,-1.2606448120123597,-1.2999961305054988,0.0749881393687296,-1.3,-1.3,2.0
156.303,-1.2606448120123597,-1.2999961305054988,0.0749881393687296,-1.3,-1.3,2.0
156.317,-1.2606448120123597,-1.2999961305054988,0.0749881393687296,-1.3,-1.3,2.0
156.32,-1.2606448120123597,-1.2999961305054988,0.0749881393687296,-1.3,-1.3,2.0
156.334,-1.2606448120123597,-1.2999961305054988,0.0749881393687296,-1.3,-1.3,2.0
156.341,-1.2606448120123597,-1.2999961305054988,0.0749881393687296,-1.3,-1.3,2.0
156.352,-1.2606448120123597,-1.2999961305054988,0.0749881393687296,-1.3,-1.3,2.0
156.613,-1.2606448120123597,-1.2999961305054988,0.0749881393687296,-1.3,-1.3,2.0
156.621,-1.2606448120123597,-1.2999961305054988,0.0749881393687296,-1.3,-1.3,2.0
156.633,-1.2606448120123597,-1.2999961305054988,0.0749881393687296,-1.3,-1.3,2.0
156.643,-1.2606448120123597,-1.2999961305054988,0.0749881393687296,-1.3,-1.3,2.0
156.651,-1.2606448120123597,-1.2999961305054988,0.0749881393687296,-1.3,-1.3,2.0
156.66,-1.2606448120123597,-1.2999961305054988,0.0749881393687296,-1.3,-1.3,2.0
156.67,-1.2606448120123597,-1.2999961305054988,0.0749881393687296,-1.3,-1.3,2.0
156.68,-1.2606448120123597,-1.2999961305054988,0.0749881393687296,-1.3,-1.3,2.0
156.693,-1.2606448120123597,-1.2999961305054988,0.0749881393687296,-1.3,-1.3,2.0
156.705,-1.2606448120123597,-1.2999961305054988,0.0749881393687296,-1.3,-1.3,2.0
156.715,-1.2606448120123597,-1.2999961305054988,0.0749881393687296,-1.3,-1.3,2.0
156.724,-1.2606448120123597,-1.2999961305054988,0.0749881393687296,-1.3,-1.3,2.0
156.732,-1.2606448120123597,-1.2999961305054988,0.0749881393687296,-1.3,-1.3,2.0
156.745,-1.2606448120123597,-1.2999961305054988,0.0749881393687296,-1.3,-1.3,2.0
156.755,-1.2606448120123597,-1.2999961305054988,0.0749881393687296,-1.3,-1.3,2.0
156.76,-1.2606448120123597,-1.2999961305054988,0.0749881393687296,-1.3,-1.3,2.0
156.772,-1.2606448120123597,-1.2999961305054988,0.0749881393687296,-1.3,-1.3,2.0
156.783,-1.2606448120123597,-1.2999961305054988,0.0749881393687296,-1.3,-1.3,2.0
156.791,-1.2606448120123597,-1.2999961305054988,0.0749881393687296,-1.3,-1.3,2.0
156.8,-1.2606448120123597,-1.2999961305054988,0.0749881393687296,-1.3,-1.3,2.0
156.82,-1.2606448120123597,-1.2999961305054988,0.0749881393687296,-1.3,-1.3,2.0
156.82,-1.2606448120123597,-1.2999961305054988,0.0749881393687296,-1.3,-1.3,2.0
156.841,-1.2606448120123597,-1.2999961305054988,0.0749881393687296,-1.3,-1.3,2.0
156.86,-1.2606448120123597,-1.2999961305054988,0.0749881393687296,-1.3,-1.3,2.0
156.863,-1.2606448120123597,-1.2999961305054988,0.0749881393687296,-1.3,-1.3,2.0
156.881,-1.2606448120123597,-1.2999961305054988,0.0749881393687296,-1.3,-1.3,2.0
156.892,-1.2606448120123597,-1.2999961305054988,0.0749881393687296,-1.3,-1.3,2.0
156.9,-1.2606448120123597,-1.2999961305054988,0.0749881393687296,-1.3,-1.3,2.0
156.911,-1.2606448120123597,-1.2999961305054988,0.0749881393687296,-1.3,-1.3,2.0
156.929,-1.2606448120123597,-1.2999961305054988,0.0749881393687296,-1.3,-1.3,2.0
156.94,-1.2606448120123597,-1.2999961305054988,0.0749881393687296,-1.3,-1.3,2.0
156.94,-1.2606448120123597,-1.2999961305054988,0.0749881393687296,-1.3,-1.3,2.0
156.95,-1.2606448120123597,-1.2999961305054988,0.0749881393687296,-1.3,-1.3,2.0
156.967,-1.2606448120123597,-1.2999961305054988,0.0749881393687296,-1.3,-1.3,2.0
156.97,-1.2606448120123597,-1.2999961305054988,0.0749881393687296,-1.3,-1.3,2.0
156.983,-1.2606448120123597,-1.2999961305054988,0.0749881393687296,-1.3,-1.3,2.0
156.992,-1.2606448120123597,-1.2999961305054988,0.0749881393687296,-1.3,-1.3,2.0
157.007,-1.2606448120123597,-1.2999961305054988,0.0749881393687296,-1.3,-1.3,2.0
157.01,-1.2606448120123597,-1.2999961305054988,0.0749881393687296,-1.3,-1.3,2.0
157.042,-1.2606448120123597,-1.2999961305054988,0.0749881393687296,-1.3,-1.3,2.0
157.331,-1.2606448120123597,-1.2999961305054988,0.0749881393687296,-1.3,-1.3,2.0
157.34,-1.2606448120123597,-1.2999961305054988,0.0749881393687296,-1.3,-1.3,2.0
157.653,-1.2606448120123597,-1.2999961305054988,0.0749881393687296,-1.3,-1.3,2.0
157.66,-1.2606448120123597,-1.2999961305054988,0.0749881393687296,-1.3,-1.3,2.0
157.672,-1.2606448120123597,-1.2999961305054988,0.0749881393687296,-1.3,-1.3,2.0
157.682,-1.2606448120123597,-1.2999961305054988,0.0749881393687296,-1.3,-1.3,2.0
157.98,-1.2606448120123597,-1.2999961305054988,0.0749881393687296,-1.3,-1.3,2.0
157.991,-1.2606448120123597,-1.2999961305054988,0.0749881393687296,-1.3,-1.3,2.0
158.327,-1.2606448120123597,-1.2999961305054988,0.0749881393687296,-1.3,-1.3,2.0
158.337,-1.2606448120123597,-1.2999961305054988,0.0749881393687296,-1.3,-1.3,2.0
158.67,-1.2606448120123597,-1.2999961305054988,0.0749881393687296,-1.3,-1.3,2.0
158.681,-1.2606448120123597,-1.2999961305054988,0.0749881393687296,-1.3,-1.3,2.0
159.018,-1.2606448120123597,-1.2999961305054988,0.0749881393687296,-1.3,-1.3,2.0
159.021,-1.2606448120123597,-1.2999961305054988,0.0749881393687296,-1.3,-1.3,2.0
159.031,-1.2606448120123597,-1.2999961305054988,0.0749881393687296,-1.3,-1.3,2.0
159.052,-1.2606448120123597,-1.2999961305054988,0.0749881393687296,-1.3,-1.3,2.0
159.06,-1.2606448120123597,-1.2999961305054988,0.0749881393687296,-1.3,-1.3,2.0
159.07,-1.2606448120123597,-1.2999961305054988,0.0749881393687296,-1.3,-1.3,2.0
159.08,-1.2606448120123597,-1.2999961305054988,0.0749881393687296,-1.3,-1.3,2.0
159.091,-1.2606448120123597,-1.2999961305054988,0.0749881393687296,-1.3,-1.3,2.0
159.104,-1.2606448120123597,-1.2999961305054988,0.0749881393687296,-1.3,-1.3,2.0
159.111,-1.2606448120123597,-1.2999961305054988,0.0749881393687296,-1.3,-1.3,2.0
159.126,-1.2606448120123597,-1.2999961305054988,0.0749881393687296,-1.3,-1.3,2.0
159.134,-1.2606448120123597,-1.2999961305054988,0.0749881393687296,-1.3,-1.3,2.0
159.151,-1.2606448120123597,-1.2999961305054988,0.0749881393687296,-1.3,-1.3,2.0
159.16,-1.2606448120123597,-1.2999961305054988,0.0749881393687296,-1.3,-1.3,2.0
159.171,-1.2606448120123597,-1.2999961305054988,0.0749881393687296,-1.3,-1.3,2.0
159.18,-1.2606448120123597,-1.2999961305054988,0.0749881393687296,-1.3,-1.3,2.0
159.19,-1.2606448120123597,-1.2999961305054988,0.0749881393687296,-1.3,-1.3,2.0
159.2,-1.2606448120123597,-1.2999961305054988,0.0749881393687296,-1.3,-1.3,2.0
159.219,-1.2606448120123597,-1.2999961305054988,0.0749881393687296,-1.3,-1.3,2.0
159.228,-1.2606448120123597,-1.2999961305054988,0.0749881393687296,-1.3,-1.3,2.0
159.23,-1.2606448120123597,-1.2999961305054988,0.0749881393687296,-1.3,-1.3,2.0
159.241,-1.2606448120123597,-1.2999961305054988,0.0749881393687296,-1.3,-1.3,2.0
159.255,-1.2606448120123597,-1.2999961305054988,0.0749881393687296,-1.3,-1.3,2.0
159.26,-1.2606448120123597,-1.2999961305054988,0.0749881393687296,-1.3,-1.3,2.0
159.272,-1.2606448120123597,-1.2999961305054988,0.0749881393687296,-1.3,-1.3,2.0
159.28,-1.2606448120123597,-1.2999961305054988,0.0749881393687296,-1.3,-1.3,2.0
159.301,-1.2606448120123597,-1.2999961305054988,0.0749881393687296,-1.3,-1.3,2.0
159.31,-1.2606448120123597,-1.2999961305054988,0.0749881393687296,-1.3,-1.3,2.0
159.323,-1.2606448120123597,-1.2999961305054988,0.0749881393687296,-1.3,-1.3,2.0
159.337,-1.2606448120123597,-1.2999961305054988,0.0749881393687296,-1.3,-1.3,2.0
159.34,-1.2606448120123597,-1.2999961305054988,0.0749881393687296,-1.3,-1.3,2.0
159.351,-1.2606448120123597,-1.2999961305054988,0.0749881393687296,-1.3,-1.3,2.0
159.68,-1.2606448120123597,-1.2999961305054988,0.0749881393687296,-1.3,-1.3,2.0
159.694,-1.2606448120123597,-1.2999961305054988,0.0749881393687296,-1.3,-1.3,2.0
159.702,-1.2606448120123597,-1.2999961305054988,0.0749881393687296,-1.3,-1.3,2.0
159.71,-1.2606448120123597,-1.2999961305054988,0.0749881393687296,-1.3,-1.3,2.0
159.72,-1.2606448120123597,-1.2999961305054988,0.0749881393687296,-1.3,-1.3,2.0
159.731,-1.2606448120123597,-1.2999961305054988,0.0749881393687296,-1.3,-1.3,2.0
159.743,-1.2606448120123597,-1.2999961305054988,0.0749881393687296,-1.3,-1.3,2.0
159.75,-1.2606448120123597,-1.2999961305054988,0.0749881393687296,-1.3,-1.3,2.0
159.765,-1.2606448120123597,-1.2999961305054988,0.0749881393687296,-1.3,-1.3,2.0
159.77,-1.2606448120123597,-1.2999961305054988,0.0749881393687296,-1.3,-1.3,2.0
159.78,-1.2606448120123597,-1.2999961305054988,0.0749881393687296,-1.3,-1.3,2.0
159.8,-1.2606448120123597,-1.2999961305054988,0.0749881393687296,-1.3,-1.3,2.0
159.8,-1.2606448120123597,-1.2999961305054988,0.0749881393687296,-1.3,-1.3,2.0
159.821,-1.2606448120123597,-1.2999961305054988,0.0749881393687296,-1.3,-1.3,2.0
159.83,-1.2606448120123597,-1.2999961305054988,0.0749881393687296,-1.3,-1.3,2.0
159.843,-1.2606448120123597,-1.2999961305054988,0.0749881393687296,-1.3,-1.3,2.0
159.853,-1.2606448120123597,-1.2999961305054988,0.0749881393687296,-1.3,-1.3,2.0
159.86,-1.2606448120123597,-1.2999961305054988,0.0749881393687296,-1.3,-1.3,2.0
160.51,-1.2606448120123597,-1.2999961305054988,0.0749881393687296,-1.3,-1.3,2.0
160.51,-1.2606448120123597,-1.2999961305054988,0.0749881393687296,-1.3,-1.3,2.0
160.824,-1.2606448120123597,-1.2999961305054988,0.0749881393687296,-1.3,-1.3,2.0
160.837,-1.2606448120123597,-1.2999961305054988,0.0749881393687296,-1.3,-1.3,2.0
161.2,-1.2606448120123597,-1.2999961305054988,0.0749881393687296,-1.3,-1.3,2.0
161.212,-1.2606448120123597,-1.2999961305054988,0.0749881393687296,-1.3,-1.3,2.0
161.602,-1.2606448120123597,-1.2999961305054988,0.0749881393687296,-1.3,-1.3,2.0
161.615,-1.2606448120123597,-1.2999961305054988,0.0749881393687296,-1.3,-1.3,2.0
161.959,-1.2606448120123597,-1.2999961305054988,0.0749881393687296,-1.3,-1.3,2.0
161.96,-1.2606448120123597,-1.2999961305054988,0.0749881393687296,-1.3,-1.3,2.0
162.354,-1.2606448120123597,-1.2999961305054988,0.0749881393687296,-1.3,-1.3,2.0
162.36,-1.2606448120123597,-1.2999961305054988,0.0749881393687296,-1.3,-1.3,2.0
162.735,-1.2606448120123597,-1.2999961305054988,0.0749881393687296,-1.3,-1.3,2.0
162.755,-1.2606448120123597,-1.2999961305054988,0.0749881393687296,-1.3,-1.3,2.0
163.19,-1.2606448120123597,-1.2999961305054988,0.0749881393687296,-1.3,-1.3,2.0
163.205,-1.2606448120123597,-1.2999961305054988,0.0749881393687296,-1.3,-1.3,2.0
163.601,-1.2606448120123597,-1.2999961305054988,0.0749881393687296,-1.3,-1.3,2.0
163.613,-1.2606448120123597,-1.2999961305054988,0.0749881393687296,-1.3,-1.3,2.0
163.94,-1.2606448120123597,-1.2999961305054988,0.0749881393687296,-1.3,-1.3,2.0
163.954,-1.2606448120123597,-1.2999961305054988,0.0749881393687296,-1.3,-1.3,2.0
164.345,-1.2606448120123597,-1.2999961305054988,0.0749881393687296,-1.3,-1.3,2.0
164.355,-1.2606448120123597,-1.2999961305054988,0.0749881393687296,-1.3,-1.3,2.0
164.66,-1.2606448120123597,-1.2999961305054988,0.0749881393687296,-1.3,-1.3,2.0
164.67,-1.2606448120123597,-1.2999961305054988,0.0749881393687296,-1.3,-1.3,2.0
164.96,-1.2606448120123597,-1.2999961305054988,0.0749881393687296,-1.3,-1.3,2.0
164.971,-1.2606448120123597,-1.2999961305054988,0.0749881393687296,-1.3,-1.3,2.0
165.321,-1.2606448120123597,-1.2999961305054988,0.0749881393687296,-1.3,-1.3,2.0
165.331,-1.2606448120123597,-1.2999961305054988,0.0749881393687296,-1.3,-1.3,2.0
165.681,-1.2606448120123597,-1.2999961305054988,0.0749881393687296,-1.3,-1.3,2.0
165.695,-1.2606448120123597,-1.2999961305054988,0.0749881393687296,-1.3,-1.3,2.0
165.702,-1.2606448120123597,-1.2999961305054988,0.0749881393687296,-1.3,-1.3,2.0
165.711,-1.2606448120123597,-1.2999961305054988,0.0749881393687296,-1.3,-1.3,2.0
165.721,-1.2606448120123597,-1.2999961305054988,0.0749881393687296,-1.3,-1.3,2.0
165.73,-1.2606448120123597,-1.2999961305054988,0.0749881393687296,-1.3,-1.3,2.0
165.741,-1.2606448120123597,-1.2999961305054988,0.0749881393687296,-1.3,-1.3,2.0
165.755,-1.2606448120123597,-1.2999961305054988,0.0749881393687296,-1.3,-1.3,2.0
165.76,-1.2606448120123597,-1.2999961305054988,0.0749881393687296,-1.3,-1.3,2.0
165.791,-1.2606448120123597,-1.2999961305054988,0.0749881393687296,-1.3,-1.3,2.0
165.8,-1.2606448120123597,-1.2999961305054988,0.0749881393687296,-1.3,-1.3,2.0
165.81,-1.2606448120123597,-1.2999961305054988,0.0749881393687296,-1.3,-1.3,2.0
165.821,-1.2606448120123597,-1.2999961305054988,0.0749881393687296,-1.3,-1.3,2.0
165.831,-1.2606448120123597,-1.2999961305054988,0.0749881393687296,-1.3,-1.3,2.0
166.14,-1.2606448120123597,-1.2999961305054988,0.0749881393687296,-1.3,-1.3,2.0
166.153,-1.2606448120123597,-1.2999961305054988,0.0749881393687296,-1.3,-1.3,2.0
166.513,-1.2606448120123597,-1.2999961305054988,0.0749881393687296,-1.3,-1.3,2.0
166.523,-1.2606448120123597,-1.2999961305054988,0.0749881393687296,-1.3,-1.3,2.0
166.907,-1.2606448120123597,-1.2999961305054988,0.0749881393687296,-1.3,-1.3,2.0
166.92,-1.2606448120123597,-1.2999961305054988,0.0749881393687296,-1.3,-1.3,2.0
167.26,-1.2606448120123597,-1.2999961305054988,0.0749881393687296,-1.3,-1.3,2.0
167.285,-1.2606448120123597,-1.2999961305054988,0.0749881393687296,-1.3,-1.3,2.0
167.61,-1.2606448120123597,-1.2999961305054988,0.0749881393687296,-1.3,-1.3,2.0
167.622,-1.2606448120123597,-1.2999961305054988,0.0749881393687296,-1.3,-1.3,2.0
167.956,-1.2606448120123597,-1.2999961305054988,0.0749881393687296,-1.3,-1.3,2.0
167.96,-1.2606448120123597,-1.2999961305054988,0.0749881393687296,-1.3,-1.3,2.0
168.302,-1.2606448120123597,-1.2999961305054988,0.0749881393687296,-1.3,-1.3,2.0
168.315,-1.2606448120123597,-1.2999961305054988,0.0749881393687296,-1.3,-1.3,2.0
168.651,-1.2606448120123597,-1.2999961305054988,0.0749881393687296,-1.3,-1.3,2.0
168.66,-1.2606448120123597,-1.2999961305054988,0.0749881393687296,-1.3,-1.3,2.0
168.678,-1.2606448120123597,-1.2999961305054988,0.0749881393687296,-1.3,-1.3,2.0
168.682,-1.2606448120123597,-1.2999961305054988,0.0749881393687296,-1.3,-1.3,2.0
168.69,-1.2606448120123597,-1.2999961305054988,0.0749881393687296,-1.3,-1.3,2.0
168.704,-1.2606448120123597,-1.2999961305054988,0.0749881393687296,-1.3,-1.3,2.0
168.726,-1.2606448120123597,-1.2999961305054988,0.0749881393687296,-1.3,-1.3,2.0
168.739,-1.2606448120123597,-1.2999961305054988,0.0749881393687296,-1.3,-1.3,2.0
168.74,-1.2606448120123597,-1.2999961305054988,0.0749881393687296,-1.3,-1.3,2.0
168.752,-1.2606448120123597,-1.2999961305054988,0.0749881393687296,-1.3,-1.3,2.0
169.05,-1.2606448120123597,-1.2999961305054988,0.0749881393687296,-1.3,-1.3,2.0
169.06,-1.2606448120123597,-1.2999961305054988,0.0749881393687296,-1.3,-1.3,2.0
169.086,-1.2606448120123597,-1.2999961305054988,0.0749881393687296,-1.3,-1.3,2.0
169.093,-1.2606448120123597,-1.2999961305054988,0.0749881393687296,-1.3,-1.3,2.0
169.101,-1.2606448120123597,-1.2999961305054988,0.0749881393687296,-1.3,-1.3,2.0
169.118,-1.2606448120123597,-1.2999961305054988,0.0749881393687296,-1.3,-1.3,2.0
169.123,-1.2606448120123597,-1.2999961305054988,0.0749881393687296,-1.3,-1.3,2.0
169.137,-1.2606448120123597,-1.2999961305054988,0.0749881393687296,-1.3,-1.3,2.0
169.147,-1.2606448120123597,-1.2999961305054988,0.0749881393687296,-1.3,-1.3,2.0
169.15,-1.2606448120123597,-1.2999961305054988,0.0749881393687296,-1.3,-1.3,2.0
169.452,-1.2606448120123597,-1.2999961305054988,0.0749881393687296,-1.3,-1.3,2.0
169.471,-1.2606448120123597,-1.2999961305054988,0.0749881393687296,-1.3,-1.3,2.0
169.48,-1.2606448120123597,-1.2999961305054988,0.0749881393687296,-1.3,-1.3,2.0
169.495,-1.2606448120123597,-1.2999961305054988,0.0749881393687296,-1.3,-1.3,2.0
169.5,-1.2606448120123597,-1.2999961305054988,0.0749881393687296,-1.3,-1.3,2.0
169.51,-1.2606448120123597,-1.2999961305054988,0.0749881393687296,-1.3,-1.3,2.0
169.521,-1.2606448120123597,-1.2999961305054988,0.0749881393687296,-1.3,-1.3,2.0
169.53,-1.2606448120123597,-1.2999961305054988,0.0749881393687296,-1.3,-1.3,2.0
169.547,-1.2606448120123597,-1.2999961305054988,0.0749881393687296,-1.3,-1.3,2.0
169.55,-1.2606448120123597,-1.2999961305054988,0.0749881393687296,-1.3,-1.3,2.0
169.853,-1.2606448120123597,-1.2999961305054988,0.0749881393687296,-1.3,-1.3,2.0
169.86,-1.2606448120123597,-1.2999961305054988,0.0749881393687296,-1.3,-1.3,2.0
169.871,-1.2606448120123597,-1.2999961305054988,0.0749881393687296,-1.3,-1.3,2.0
169.882,-1.2606448120123597,-1.2999961305054988,0.0749881393687296,-1.3,-1.3,2.0
170.229,-1.2606448120123597,-1.2999961305054988,0.0749881393687296,-1.3,-1.3,2.0
170.24,-1.2606448120123597,-1.2999961305054988,0.0749881393687296,-1.3,-1.3,2.0
170.582,-1.2606448120123597,-1.2999961305054988,0.0749881393687296,-1.3,-1.3,2.0
170.598,-1.2606448120123597,-1.2999961305054988,0.0749881393687296,-1.3,-1.3,2.0
170.94,-1.2606448120123597,-1.2999961305054988,0.0749881393687296,-1.3,-1.3,2.0
170.95,-1.2606448120123597,-1.2999961305054988,0.0749881393687296,-1.3,-1.3,2.0
171.303,-1.2606448120123597,-1.2999961305054988,0.0749881393687296,-1.3,-1.3,2.0
171.327,-1.2606448120123597,-1.2999961305054988,0.0749881393687296,-1.3,-1.3,2.0
171.63,-1.2606448120123597,-1.2999961305054988,0.0749881393687296,-1.3,-1.3,2.0
171.64,-1.2606448120123597,-1.2999961305054988,0.0749881393687296,-1.3,-1.3,2.0
171.991,-1.2606448120123597,-1.2999961305054988,0.0749881393687296,-1.3,-1.3,2.0
172.006,-1.2606448120123597,-1.2999961305054988,0.0749881393687296,-1.3,-1.3,2.0
172.36,-1.2606448120123597,-1.2999961305054988,0.0749881393687296,-1.3,-1.3,2.0
172.371,-1.2606448120123597,-1.2999961305054988,0.0749881393687296,-1.3,-1.3,2.0
172.753,-1.2606448120123597,-1.2999961305054988,0.0749881393687296,-1.3,-1.3,2.0
172.76,-1.2606448120123597,-1.2999961305054988,0.0749881393687296,-1.3,-1.3,2.0
173.137,-1.2606448120123597,-1.2999961305054988,0.0749881393687296,-1.3,-1.3,2.0
173.141,-1.2606448120123597,-1.2999961305054988,0.0749881393687296,-1.3,-1.3,2.0
173.5,-1.2606448120123597,-1.2999961305054988,0.0749881393687296,-1.3,-1.3,2.0
173.51,-1.2606448120123597,-1.2999961305054988,0.0749881393687296,-1.3,-1.3,2.0
173.52,-1.2606448120123597,-1.2999961305054988,0.0749881393687296,-1.3,-1.3,2.0
173.536,-1.2606448120123597,-1.2999961305054988,0.0749881393687296,-1.3,-1.3,2.0
173.54,-1.2606448120123597,-1.2999961305054988,0.0749881393687296,-1.3,-1.3,2.0
173.555,-1.2606448120123597,-1.2999961305054988,0.0749881393687296,-1.3,-1.3,2.0
173.563,-1.2606448120123597,-1.2999961305054988,0.0749881393687296,-1.3,-1.3,2.0
173.573,-1.2606448120123597,-1.2999961305054988,0.0749881393687296,-1.3,-1.3,2.0
173.585,-1.2606448120123597,-1.2999961305054988,0.0749881393687296,-1.3,-1.3,2.0
173.598,-1.2606448120123597,-1.2999961305054988,0.0749881393687296,-1.3,-1.3,2.0
173.6,-1.2606448120123597,-1.2999961305054988,0.0749881393687296,-1.3,-1.3,2.0
173.61,-1.2606448120123597,-1.2999961305054988,0.0749881393687296,-1.3,-1.3,2.0
173.623,-1.2606448120123597,-1.2999961305054988,0.0749881393687296,-1.3,-1.3,2.0
173.63,-1.2606448120123597,-1.2999961305054988,0.0749881393687296,-1.3,-1.3,2.0
173.642,-1.2606448120123597,-1.2999961305054988,0.0749881393687296,-1.3,-1.3,2.0
173.659,-1.2606448120123597,-1.2999961305054988,0.0749881393687296,-1.3,-1.3,2.0
173.66,-1.2606448120123597,-1.2999961305054988,0.0749881393687296,-1.3,-1.3,2.0
173.671,-1.2606448120123597,-1.2999961305054988,0.0749881393687296,-1.3,-1.3,2.0
173.684,-1.2606448120123597,-1.2999961305054988,0.0749881393687296,-1.3,-1.3,2.0
173.694,-1.2606448120123597,-1.2999961305054988,0.0749881393687296,-1.3,-1.3,2.0
173.7,-1.2606448120123597,-1.2999961305054988,0.0749881393687296,-1.3,-1.3,2.0
173.712,-1.2606448120123597,-1.2999961305054988,0.0749881393687296,-1.3,-1.3,2.0
173.72,-1.2606448120123597,-1.2999961305054988,0.0749881393687296,-1.3,-1.3,2.0
173.734,-1.2606448120123597,-1.2999961305054988,0.0749881393687296,-1.3,-1.3,2.0
173.745,-1.2606448120123597,-1.2999961305054988,0.0749881393687296,-1.3,-1.3,2.0
173.757,-1.2606448120123597,-1.2999961305054988,0.0749881393687296,-1.3,-1.3,2.0
173.974,-1.2606448120123597,-1.2999961305054988,0.0749881393687296,-1.3,-1.3,2.0
173.98,-1.2606448120123597,-1.2999961305054988,0.0749881393687296,-1.3,-1.3,2.0
173.993,-1.2606448120123597,-1.2999961305054988,0.0749881393687296,-1.3,-1.3,2.0
174.0,-1.2606448120123597,-1.2999961305054988,0.0749881393687296,-1.3,-1.3,2.0
174.034,-1.2606448120123597,-1.2999961305054988,0.0749881393687296,-1.3,-1.3,2.0
174.04,-1.2606448120123597,-1.2999961305054988,0.0749881393687296,-1.3,-1.3,2.0
174.05,-1.2606448120123597,-1.2999961305054988,0.0749881393687296,-1.3,-1.3,2.0
174.06,-1.2606448120123597,-1.2999961305054988,0.0749881393687296,-1.3,-1.3,2.0
174.083,-1.2606448120123597,-1.2999961305054988,0.0749881393687296,-1.3,-1.3,2.0
174.093,-1.2606448120123597,-1.2999961305054988,0.0749881393687296,-1.3,-1.3,2.0
174.114,-1.2606448120123597,-1.2999961305054988,0.0749881393687296,-1.3,-1.3,2.0
174.123,-1.2606448120123597,-1.2999961305054988,0.0749881393687296,-1.3,-1.3,2.0
174.13,-1.2606448120123597,-1.2999961305054988,0.0749881393687296,-1.3,-1.3,2.0
174.142,-1.2606448120123597,-1.2999961305054988,0.0749881393687296,-1.3,-1.3,2.0
174.15,-1.2606448120123597,-1.2999961305054988,0.0749881393687296,-1.3,-1.3,2.0
174.16,-1.2606448120123597,-1.2999961305054988,0.0749881393687296,-1.3,-1.3,2.0
174.17,-1.2606448120123597,-1.2999961305054988,0.0749881393687296,-1.3,-1.3,2.0
174.18,-1.2606448120123597,-1.2999961305054988,0.0749881393687296,-1.3,-1.3,2.0
174.19,-1.2606448120123597,-1.2999961305054988,0.0749881393687296,-1.3,-1.3,2.0
174.213,-1.2606448120123597,-1.2999961305054988,0.0749881393687296,-1.3,-1.3,2.0
174.222,-1.2606448120123597,-1.2999961305054988,0.0749881393687296,-1.3,-1.3,2.0
174.231,-1.2606448120123597,-1.2999961305054988,0.0749881393687296,-1.3,-1.3,2.0
174.249,-1.2606448120123597,-1.2999961305054988,0.0749881393687296,-1.3,-1.3,2.0
174.25,-1.2606448120123597,-1.2999961305054988,0.0749881393687296,-1.3,-1.3,2.0
174.26,-1.2606448120123597,-1.2999961305054988,0.0749881393687296,-1.3,-1.3,2.0
174.281,-1.2606448120123597,-1.2999961305054988,0.0749881393687296,-1.3,-1.3,2.0
174.299,-1.2606448120123597,-1.2999961305054988,0.0749881393687296,-1.3,-1.3,2.0
174.304,-1.2606448120123597,-1.2999961305054988,0.0749881393687296,-1.3,-1.3,2.0
174.312,-1.2606448120123597,-1.2999961305054988,0.0749881393687296,-1.3,-1.3,2.0
174.332,-1.2606448120123597,-1.2999961305054988,0.0749881393687296,-1.3,-1.3,2.0
174.34,-1.2606448120123597,-1.2999961305054988,0.0749881393687296,-1.3,-1.3,2.0
174.354,-1.2606448120123597,-1.2999961305054988,0.0749881393687296,-1.3,-1.3,2.0
174.626,-1.2606448120123597,-1.2999961305054988,0.0749881393687296,-1.3,-1.3,2.0
174.632,-1.2606448120123597,-1.2999961305054988,0.0749881393687296,-1.3,-1.3,2.0
174.641,-1.2606448120123597,-1.2999961305054988,0.0749881393687296,-1.3,-1.3,2.0
174.651,-1.2606448120123597,-1.2999961305054988,0.0749881393687296,-1.3,-1.3,2.0
174.66,-1.2606448120123597,-1.2999961305054988,0.0749881393687296,-1.3,-1.3,2.0
174.67,-1.2606448120123597,-1.2999961305054988,0.0749881393687296,-1.3,-1.3,2.0
174.685,-1.2606448120123597,-1.2999961305054988,0.0749881393687296,-1.3,-1.3,2.0
174.69,-1.2606448120123597,-1.2999961305054988,0.0749881393687296,-1.3,-1.3,2.0
174.7,-1.2606448120123597,-1.2999961305054988,0.0749881393687296,-1.3,-1.3,2.0
174.712,-1.2606448120123597,-1.2999961305054988,0.0749881393687296,-1.3,-1.3,2.0
174.722,-1.2606448120123597,-1.2999961305054988,0.0749881393687296,-1.3,-1.3,2.0
174.73,-1.2606448120123597,-1.2999961305054988,0.0749881393687296,-1.3,-1.3,2.0
174.743,-1.2606448120123597,-1.2999961305054988,0.0749881393687296,-1.3,-1.3,2.0
174.75,-1.2606448120123597,-1.2999961305054988,0.0749881393687296,-1.3,-1.3,2.0
174.76,-1.2606448120123597,-1.2999961305054988,0.0749881393687296,-1.3,-1.3,2.0
174.77,-1.2606448120123597,-1.2999961305054988,0.0749881393687296,-1.3,-1.3,2.0
174.78,-1.2606448120123597,-1.2999961305054988,0.0749881393687296,-1.3,-1.3,2.0
174.79,-1.2606448120123597,-1.2999961305054988,0.0749881393687296,-1.3,-1.3,2.0
174.807,-1.2606448120123597,-1.2999961305054988,0.0749881393687296,-1.3,-1.3,2.0
174.81,-1.2606448120123597,-1.2999961305054988,0.0749881393687296,-1.3,-1.3,2.0
174.836,-1.2606448120123597,-1.2999961305054988,0.0749881393687296,-1.3,-1.3,2.0
174.84,-1.2606448120123597,-1.2999961305054988,0.0749881393687296,-1.3,-1.3,2.0
174.85,-1.2606448120123597,-1.2999961305054988,0.0749881393687296,-1.3,-1.3,2.0
174.86,-1.2606448120123597,-1.2999961305054988,0.0749881393687296,-1.3,-1.3,2.0
174.87,-1.2606448120123597,-1.2999961305054988,0.0749881393687296,-1.3,-1.3,2.0
174.88,-1.2606448120123597,-1.2999961305054988,0.0749881393687296,-1.3,-1.3,2.0
174.893,-1.2606448120123597,-1.2999961305054988,0.0749881393687296,-1.3,-1.3,2.0
174.9,-1.2606448120123597,-1.2999961305054988,0.0749881393687296,-1.3,-1.3,2.0
174.911,-1.2606448120123597,-1.2999961305054988,0.0749881393687296,-1.3,-1.3,2.0
174.92,-1.2606448120123597,-1.2999961305054988,0.0749881393687296,-1.3,-1.3,2.0
174.932,-1.2606448120123597,-1.2999961305054988,0.0749881393687296,-1.3,-1.3,2.0
174.941,-1.2606448120123597,-1.2999961305054988,0.0749881393687296,-1.3,-1.3,2.0
174.95,-1.2606448120123597,-1.2999961305054988,0.0749881393687296,-1.3,-1.3,2.0
174.96,-1.2606448120123597,-1.2999961305054988,0.0749881393687296,-1.3,-1.3,2.0
174.976,-1.2606448120123597,-1.2999961305054988,0.0749881393687296,-1.3,-1.3,2.0
174.98,-1.2606448120123597,-1.2999961305054988,0.0749881393687296,-1.3,-1.3,2.0
174.992,-1.2606448120123597,-1.2999961305054988,0.0749881393687296,-1.3,-1.3,2.0
175.002,-1.2606448120123597,-1.2999961305054988,0.0749881393687296,-1.3,-1.3,2.0
175.013,-1.2606448120123597,-1.2999961305054988,0.0749881393687296,-1.3,-1.3,2.0
175.028,-1.2606448120123597,-1.2999961305054988,0.0749881393687296,-1.3,-1.3,2.0
175.032,-1.2606448120123597,-1.2999961305054988,0.0749881393687296,-1.3,-1.3,2.0
175.054,-1.2606448120123597,-1.2999961305054988,0.0749881393687296,-1.3,-1.3,2.0
175.06,-1.2606448120123597,-1.2999961305054988,0.0749881393687296,-1.3,-1.3,2.0
175.07,-1.2606448120123597,-1.2999961305054988,0.0749881393687296,-1.3,-1.3,2.0
175.091,-1.2606448120123597,-1.2999961305054988,0.0749881393687296,-1.3,-1.3,2.0
175.113,-1.2606448120123597,-1.2999961305054988,0.0749881393687296,-1.3,-1.3,2.0
175.122,-1.2606448120123597,-1.2999961305054988,0.0749881393687296,-1.3,-1.3,2.0
175.132,-1.2606448120123597,-1.2999961305054988,0.0749881393687296,-1.3,-1.3,2.0
175.154,-1.2606448120123597,-1.2999961305054988,0.0749881393687296,-1.3,-1.3,2.0
175.16,-1.2606448120123597,-1.2999961305054988,0.0749881393687296,-1.3,-1.3,2.0
175.173,-1.2606448120123597,-1.2999961305054988,0.0749881393687296,-1.3,-1.3,2.0
175.182,-1.2606448120123597,-1.2999961305054988,0.0749881393687296,-1.3,-1.3,2.0
175.19,-1.2606448120123597,-1.2999961305054988,0.0749881393687296,-1.3,-1.3,2.0
175.22,-1.2606448120123597,-1.2999961305054988,0.0749881393687296,-1.3,-1.3,2.0
175.221,-1.2606448120123597,-1.2999961305054988,0.0749881393687296,-1.3,-1.3,2.0
175.231,-1.2606448120123597,-1.2999961305054988,0.0749881393687296,-1.3,-1.3,2.0
175.242,-1.2606448120123597,-1.2999961305054988,0.0749881393687296,-1.3,-1.3,2.0
175.255,-1.2606448120123597,-1.2999961305054988,0.0749881393687296,-1.3,-1.3,2.0
175.56,-1.2606448120123597,-1.2999961305054988,0.0749881393687296,-1.3,-1.3,2.0
175.57,-1.2606448120123597,-1.2999961305054988,0.0749881393687296,-1.3,-1.3,2.0
175.58,-1.2606448120123597,-1.2999961305054988,0.0749881393687296,-1.3,-1.3,2.0
175.591,-1.2606448120123597,-1.2999961305054988,0.0749881393687296,-1.3,-1.3,2.0
175.6,-1.2606448120123597,-1.2999961305054988,0.0749881393687296,-1.3,-1.3,2.0
175.615,-1.2606448120123597,-1.2999961305054988,0.0749881393687296,-1.3,-1.3,2.0
175.624,-1.2606448120123597,-1.2999961305054988,0.0749881393687296,-1.3,-1.3,2.0
175.631,-1.2606448120123597,-1.2999961305054988,0.0749881393687296,-1.3,-1.3,2.0
175.641,-1.2606448120123597,-1.2999961305054988,0.0749881393687296,-1.3,-1.3,2.0
175.653,-1.2606448120123597,-1.2999961305054988,0.0749881393687296,-1.3,-1.3,2.0
175.954,-1.2606448120123597,-1.2999961305054988,0.0749881393687296,-1.3,-1.3,2.0
175.96,-1.2606448120123597,-1.2999961305054988,0.0749881393687296,-1.3,-1.3,2.0
175.972,-1.2606448120123597,-1.2999961305054988,0.0749881393687296,-1.3,-1.3,2.0
175.981,-1.2606448120123597,-1.2999961305054988,0.0749881393687296,-1.3,-1.3,2.0
175.997,-1.2606448120123597,-1.2999961305054988,0.0749881393687296,-1.3,-1.3,2.0
176.001,-1.2606448120123597,-1.2999961305054988,0.0749881393687296,-1.3,-1.3,2.0
176.01,-1.2606448120123597,-1.2999961305054988,0.0749881393687296,-1.3,-1.3,2.0
176.021,-1.2606448120123597,-1.2999961305054988,0.0749881393687296,-1.3,-1.3,2.0
176.036,-1.2606448120123597,-1.2999961305054988,0.0749881393687296,-1.3,-1.3,2.0
176.047,-1.2606448120123597,-1.2999961305054988,0.0749881393687296,-1.3,-1.3,2.0
176.053,-1.2606448120123597,-1.2999961305054988,0.0749881393687296,-1.3,-1.3,2.0
176.06,-1.2606448120123597,-1.2999961305054988,0.0749881393687296,-1.3,-1.3,2.0
176.073,-1.2606448120123597,-1.2999961305054988,0.0749881393687296,-1.3,-1.3,2.0
176.099,-1.2606448120123597,-1.2999961305054988,0.0749881393687296,-1.3,-1.3,2.0
176.1,-1.2606448120123597,-1.2999961305054988,0.0749881393687296,-1.3,-1.3,2.0
176.11,-1.2606448120123597,-1.2999961305054988,0.0749881393687296,-1.3,-1.3,2.0
176.127,-1.2606448120123597,-1.2999961305054988,0.0749881393687296,-1.3,-1.3,2.0
176.134,-1.2606448120123597,-1.2999961305054988,0.0749881393687296,-1.3,-1.3,2.0
176.14,-1.2606448120123597,-1.2999961305054988,0.0749881393687296,-1.3,-1.3,2.0
176.156,-1.2606448120123597,-1.2999961305054988,0.0749881393687296,-1.3,-1.3,2.0
176.42,-1.2606448120123597,-1.2999961305054988,0.0749881393687296,-1.3,-1.3,2.0
176.446,-1.2606448120123597,-1.2999961305054988,0.0749881393687296,-1.3,-1.3,2.0
176.457,-1.2606448120123597,-1.2999961305054988,0.0749881393687296,-1.3,-1.3,2.0
176.46,-1.2606448120123597,-1.2999961305054988,0.0749881393687296,-1.3,-1.3,2.0
176.47,-1.2606448120123597,-1.2999961305054988,0.0749881393687296,-1.3,-1.3,2.0
176.49,-1.2606448120123597,-1.2999961305054988,0.0749881393687296,-1.3,-1.3,2.0
176.49,-1.2606448120123597,-1.2999961305054988,0.0749881393687296,-1.3,-1.3,2.0
176.5,-1.2606448120123597,-1.2999961305054988,0.0749881393687296,-1.3,-1.3,2.0
176.513,-1.2606448120123597,-1.2999961305054988,0.0749881393687296,-1.3,-1.3,2.0
176.531,-1.2606448120123597,-1.2999961305054988,0.0749881393687296,-1.3,-1.3,2.0
176.544,-1.2606448120123597,-1.2999961305054988,0.0749881393687296,-1.3,-1.3,2.0
176.556,-1.2606448120123597,-1.2999961305054988,0.0749881393687296,-1.3,-1.3,2.0
176.801,-1.2606448120123597,-1.2999961305054988,0.0749881393687296,-1.3,-1.3,2.0
176.816,-1.2606448120123597,-1.2999961305054988,0.0749881393687296,-1.3,-1.3,2.0
176.829,-1.2606448120123597,-1.2999961305054988,0.0749881393687296,-1.3,-1.3,2.0
176.832,-1.2606448120123597,-1.2999961305054988,0.0749881393687296,-1.3,-1.3,2.0
176.843,-1.2606448120123597,-1.2999961305054988,0.0749881393687296,-1.3,-1.3,2.0
176.853,-1.2606448120123597,-1.2999961305054988,0.0749881393687296,-1.3,-1.3,2.0
176.861,-1.2606448120123597,-1.2999961305054988,0.0749881393687296,-1.3,-1.3,2.0
176.871,-1.2606448120123597,-1.2999961305054988,0.0749881393687296,-1.3,-1.3,2.0
176.892,-1.2606448120123597,-1.2999961305054988,0.0749881393687296,-1.3,-1.3,2.0
176.901,-1.2606448120123597,-1.2999961305054988,0.0749881393687296,-1.3,-1.3,2.0
176.91,-1.2606448120123597,-1.2999961305054988,0.0749881393687296,-1.3,-1.3,2.0
176.926,-1.2606448120123597,-1.2999961305054988,0.0749881393687296,-1.3,-1.3,2.0
176.935,-1.2606448120123597,-1.2999961305054988,0.0749881393687296,-1.3,-1.3,2.0
176.945,-1.2606448120123597,-1.2999961305054988,0.0749881393687296,-1.3,-1.3,2.0
177.26,-1.2606448120123597,-1.2999961305054988,0.0749881393687296,-1.3,-1.3,2.0
177.297,-1.2606448120123597,-1.2999961305054988,0.0749881393687296,-1.3,-1.3,2.0
177.304,-1.2606448120123597,-1.2999961305054988,0.0749881393687296,-1.3,-1.3,2.0
177.31,-1.2606448120123597,-1.2999961305054988,0.0749881393687296,-1.3,-1.3,2.0
177.321,-1.2606448120123597,-1.2999961305054988,0.0749881393687296,-1.3,-1.3,2.0
177.342,-1.2606448120123597,-1.2999961305054988,0.0749881393687296,-1.3,-1.3,2.0
177.357,-1.2606448120123597,-1.2999961305054988,0.0749881393687296,-1.3,-1.3,2.0
177.36,-1.2606448120123597,-1.2999961305054988,0.0749881393687296,-1.3,-1.3,2.0
177.37,-1.2606448120123597,-1.2999961305054988,0.0749881393687296,-1.3,-1.3,2.0
177.381,-1.2606448120123597,-1.2999961305054988,0.0749881393687296,-1.3,-1.3,2.0
177.391,-1.2606448120123597,-1.2999961305054988,0.0749881393687296,-1.3,-1.3,2.0
177.401,-1.2606448120123597,-1.2999961305054988,0.0749881393687296,-1.3,-1.3,2.0
177.416,-1.2606448120123597,-1.2999961305054988,0.0749881393687296,-1.3,-1.3,2.0
177.433,-1.2606448120123597,-1.2999961305054988,0.0749881393687296,-1.3,-1.3,2.0
177.445,-1.2606448120123597,-1.2999961305054988,0.0749881393687296,-1.3,-1.3,2.0
177.46,-1.2606448120123597,-1.2999961305054988,0.0749881393687296,-1.3,-1.3,2.0
177.46,-1.2606448120123597,-1.2999961305054988,0.0749881393687296,-1.3,-1.3,2.0
177.47,-1.2606448120123597,-1.2999961305054988,0.0749881393687296,-1.3,-1.3,2.0
177.481,-1.2606448120123597,-1.2999961305054988,0.0749881393687296,-1.3,-1.3,2.0
177.491,-1.2606448120123597,-1.2999961305054988,0.0749881393687296,-1.3,-1.3,2.0
177.503,-1.2606448120123597,-1.2999961305054988,0.0749881393687296,-1.3,-1.3,2.0
177.512,-1.2606448120123597,-1.2999961305054988,0.0749881393687296,-1.3,-1.3,2.0
177.528,-1.2606448120123597,-1.2999961305054988,0.0749881393687296,-1.3,-1.3,2.0
177.534,-1.2606448120123597,-1.2999961305054988,0.0749881393687296,-1.3,-1.3,2.0
177.54,-1.2606448120123597,-1.2999961305054988,0.0749881393687296,-1.3,-1.3,2.0
177.558,-1.2606448120123597,-1.2999961305054988,0.0749881393687296,-1.3,-1.3,2.0
177.56,-1.2606448120123597,-1.2999961305054988,0.0749881393687296,-1.3,-1.3,2.0
177.57,-1.2606448120123597,-1.2999961305054988,0.0749881393687296,-1.3,-1.3,2.0
177.58,-1.2606448120123597,-1.2999961305054988,0.0749881393687296,-1.3,-1.3,2.0
177.597,-1.2606448120123597,-1.2999961305054988,0.0749881393687296,-1.3,-1.3,2.0
177.612,-1.2606448120123597,-1.2999961305054988,0.0749881393687296,-1.3,-1.3,2.0
177.621,-1.2606448120123597,-1.2999961305054988,0.0749881393687296,-1.3,-1.3,2.0
177.63,-1.2606448120123597,-1.2999961305054988,0.0749881393687296,-1.3,-1.3,2.0
177.643,-1.2606448120123597,-1.2999961305054988,0.0749881393687296,-1.3,-1.3,2.0
177.65,-1.2606448120123597,-1.2999961305054988,0.0749881393687296,-1.3,-1.3,2.0
177.66,-1.2606448120123597,-1.2999961305054988,0.0749881393687296,-1.3,-1.3,2.0
177.684,-1.2606448120123597,-1.2999961305054988,0.0749881393687296,-1.3,-1.3,2.0
177.69,-1.2606448120123597,-1.2999961305054988,0.0749881393687296,-1.3,-1.3,2.0
177.701,-1.2606448120123597,-1.2999961305054988,0.0749881393687296,-1.3,-1.3,2.0
177.716,-1.2606448120123597,-1.2999961305054988,0.0749881393687296,-1.3,-1.3,2.0
177.726,-1.2606448120123597,-1.2999961305054988,0.0749881393687296,-1.3,-1.3,2.0
177.731,-1.2606448120123597,-1.2999961305054988,0.0749881393687296,-1.3,-1.3,2.0
177.74,-1.2606448120123597,-1.2999961305054988,0.0749881393687296,-1.3,-1.3,2.0
177.753,-1.2606448120123597,-1.2999961305054988,0.0749881393687296,-1.3,-1.3,2.0
177.981,-1.2606448120123597,-1.2999961305054988,0.0749881393687296,-1.3,-1.3,2.0
177.993,-1.2606448120123597,-1.2999961305054988,0.0749881393687296,-1.3,-1.3,2.0
178.001,-1.2606448120123597,-1.2999961305054988,0.0749881393687296,-1.3,-1.3,2.0
178.022,-1.2606448120123597,-1.2999961305054988,0.0749881393687296,-1.3,-1.3,2.0
178.031,-1.2606448120123597,-1.2999961305054988,0.0749881393687296,-1.3,-1.3,2.0
178.049,-1.2606448120123597,-1.2999961305054988,0.0749881393687296,-1.3,-1.3,2.0
178.058,-1.2606448120123597,-1.2999961305054988,0.0749881393687296,-1.3,-1.3,2.0
178.06,-1.2606448120123597,-1.2999961305054988,0.0749881393687296,-1.3,-1.3,2.0
178.07,-1.2606448120123597,-1.2999961305054988,0.0749881393687296,-1.3,-1.3,2.0
178.08,-1.2606448120123597,-1.2999961305054988,0.0749881393687296,-1.3,-1.3,2.0
178.09,-1.2606448120123597,-1.2999961305054988,0.0749881393687296,-1.3,-1.3,2.0
178.101,-1.2606448120123597,-1.2999961305054988,0.0749881393687296,-1.3,-1.3,2.0
178.13,-1.2606448120123597,-1.2999961305054988,0.0749881393687296,-1.3,-1.3,2.0
178.13,-1.2606448120123597,-1.2999961305054988,0.0749881393687296,-1.3,-1.3,2.0
178.143,-1.2606448120123597,-1.2999961305054988,0.0749881393687296,-1.3,-1.3,2.0
178.158,-1.2606448120123597,-1.2999961305054988,0.0749881393687296,-1.3,-1.3,2.0
178.453,-1.2606448120123597,-1.2999961305054988,0.0749881393687296,-1.3,-1.3,2.0
178.46,-1.2606448120123597,-1.2999961305054988,0.0749881393687296,-1.3,-1.3,2.0
178.485,-1.2606448120123597,-1.2999961305054988,0.0749881393687296,-1.3,-1.3,2.0
178.495,-1.2606448120123597,-1.2999961305054988,0.0749881393687296,-1.3,-1.3,2.0
178.502,-1.2606448120123597,-1.2999961305054988,0.0749881393687296,-1.3,-1.3,2.0
178.512,-1.2606448120123597,-1.2999961305054988,0.0749881393687296,-1.3,-1.3,2.0
178.523,-1.2606448120123597,-1.2999961305054988,0.0749881393687296,-1.3,-1.3,2.0
178.539,-1.2606448120123597,-1.2999961305054988,0.0749881393687296,-1.3,-1.3,2.0
178.54,-1.2606448120123597,-1.2999961305054988,0.0749881393687296,-1.3,-1.3,2.0
178.551,-1.2606448120123597,-1.2999961305054988,0.0749881393687296,-1.3,-1.3,2.0
178.56,-1.2606448120123597,-1.2999961305054988,0.0749881393687296,-1.3,-1.3,2.0
178.57,-1.2606448120123597,-1.2999961305054988,0.0749881393687296,-1.3,-1.3,2.0
178.58,-1.2606448120123597,-1.2999961305054988,0.0749881393687296,-1.3,-1.3,2.0
178.593,-1.2606448120123597,-1.2999961305054988,0.0749881393687296,-1.3,-1.3,2.0
178.611,-1.2606448120123597,-1.2999961305054988,0.0749881393687296,-1.3,-1.3,2.0
178.62,-1.2606448120123597,-1.2999961305054988,0.0749881393687296,-1.3,-1.3,2.0
178.634,-1.2606448120123597,-1.2999961305054988,0.0749881393687296,-1.3,-1.3,2.0
178.647,-1.2606448120123597,-1.2999961305054988,0.0749881393687296,-1.3,-1.3,2.0
178.652,-1.2606448120123597,-1.2999961305054988,0.0749881393687296,-1.3,-1.3,2.0
178.66,-1.2606448120123597,-1.2999961305054988,0.0749881393687296,-1.3,-1.3,2.0
178.677,-1.2606448120123597,-1.2999961305054988,0.0749881393687296,-1.3,-1.3,2.0
178.683,-1.2606448120123597,-1.2999961305054988,0.0749881393687296,-1.3,-1.3,2.0
178.69,-1.2606448120123597,-1.2999961305054988,0.0749881393687296,-1.3,-1.3,2.0
178.7,-1.2606448120123597,-1.2999961305054988,0.0749881393687296,-1.3,-1.3,2.0
178.71,-1.2606448120123597,-1.2999961305054988,0.0749881393687296,-1.3,-1.3,2.0
178.721,-1.2606448120123597,-1.2999961305054988,0.0749881393687296,-1.3,-1.3,2.0
178.737,-1.2606448120123597,-1.2999961305054988,0.0749881393687296,-1.3,-1.3,2.0
178.743,-1.2606448120123597,-1.2999961305054988,0.0749881393687296,-1.3,-1.3,2.0
178.75,-1.2606448120123597,-1.2999961305054988,0.0749881393687296,-1.3,-1.3,2.0
178.76,-1.2606448120123597,-1.2999961305054988,0.0749881393687296,-1.3,-1.3,2.0
178.77,-1.2606448120123597,-1.2999961305054988,0.0749881393687296,-1.3,-1.3,2.0
178.781,-1.2606448120123597,-1.2999961305054988,0.0749881393687296,-1.3,-1.3,2.0
178.795,-1.2606448120123597,-1.2999961305054988,0.0749881393687296,-1.3,-1.3,2.0
178.816,-1.2606448120123597,-1.2999961305054988,0.0749881393687296,-1.3,-1.3,2.0
178.82,-1.2606448120123597,-1.2999961305054988,0.0749881393687296,-1.3,-1.3,2.0
178.837,-1.2606448120123597,-1.2999961305054988,0.0749881393687296,-1.3,-1.3,2.0
178.849,-1.2606448120123597,-1.2999961305054988,0.0749881393687296,-1.3,-1.3,2.0
178.85,-1.2606448120123597,-1.2999961305054988,0.0749881393687296,-1.3,-1.3,2.0
179.16,-1.2606448120123597,-1.2999961305054988,0.0749881393687296,-1.3,-1.3,2.0
179.171,-1.2606448120123597,-1.2999961305054988,0.0749881393687296,-1.3,-1.3,2.0
179.187,-1.2606448120123597,-1.2999961305054988,0.0749881393687296,-1.3,-1.3,2.0
179.193,-1.2606448120123597,-1.2999961305054988,0.0749881393687296,-1.3,-1.3,2.0
179.204,-1.2606448120123597,-1.2999961305054988,0.0749881393687296,-1.3,-1.3,2.0
179.216,-1.2606448120123597,-1.2999961305054988,0.0749881393687296,-1.3,-1.3,2.0
179.552,-1.2606448120123597,-1.2999961305054988,0.0749881393687296,-1.3,-1.3,2.0
179.576,-1.2606448120123597,-1.2999961305054988,0.0749881393687296,-1.3,-1.3,2.0
179.92,-1.2606448120123597,-1.2999961305054988,0.0749881393687296,-1.3,-1.3,2.0
179.931,-1.2606448120123597,-1.2999961305054988,0.0749881393687296,-1.3,-1.3,2.0
180.33,-1.2606448120123597,-1.2999961305054988,0.0749881393687296,-1.3,-1.3,2.0
180.345,-1.2606448120123597,-1.2999961305054988,0.0749881393687296,-1.3,-1.3,2.0
180.35,-1.2606448120123597,-1.2999961305054988,0.0749881393687296,-1.3,-1.3,2.0
180.36,-1.2606448120123597,-1.2999961305054988,0.0749881393687296,-1.3,-1.3,2.0
180.372,-1.2606448120123597,-1.2999961305054988,0.0749881393687296,-1.3,-1.3,2.0
180.383,-1.2606448120123597,-1.2999961305054988,0.0749881393687296,-1.3,-1.3,2.0
180.392,-1.2606448120123597,-1.2999961305054988,0.0749881393687296,-1.3,-1.3,2.0
180.403,-1.2606448120123597,-1.2999961305054988,0.0749881393687296,-1.3,-1.3,2.0
180.413,-1.2606448120123597,-1.2999961305054988,0.0749881393687296,-1.3,-1.3,2.0
180.425,-1.2606448120123597,-1.2999961305054988,0.0749881393687296,-1.3,-1.3,2.0
180.442,-1.2606448120123597,-1.2999961305054988,0.0749881393687296,-1.3,-1.3,2.0
180.455,-1.2606448120123597,-1.2999961305054988,0.0749881393687296,-1.3,-1.3,2.0
180.46,-1.2606448120123597,-1.2999961305054988,0.0749881393687296,-1.3,-1.3,2.0
180.476,-1.2606448120123597,-1.2999961305054988,0.0749881393687296,-1.3,-1.3,2.0
180.48,-1.2606448120123597,-1.2999961305054988,0.0749881393687296,-1.3,-1.3,2.0
180.492,-1.2606448120123597,-1.2999961305054988,0.0749881393687296,-1.3,-1.3,2.0
180.504,-1.2606448120123597,-1.2999961305054988,0.0749881393687296,-1.3,-1.3,2.0
180.51,-1.2606448120123597,-1.2999961305054988,0.0749881393687296,-1.3,-1.3,2.0
180.521,-1.2606448120123597,-1.2999961305054988,0.0749881393687296,-1.3,-1.3,2.0
180.536,-1.2606448120123597,-1.2999961305054988,0.0749881393687296,-1.3,-1.3,2.0
180.545,-1.2606448120123597,-1.2999961305054988,0.0749881393687296,-1.3,-1.3,2.0
180.55,-1.2606448120123597,-1.2999961305054988,0.0749881393687296,-1.3,-1.3,2.0
180.831,-1.2606448120123597,-1.2999961305054988,0.0749881393687296,-1.3,-1.3,2.0
180.844,-1.2606448120123597,-1.2999961305054988,0.0749881393687296,-1.3,-1.3,2.0
180.855,-1.2606448120123597,-1.2999961305054988,0.0749881393687296,-1.3,-1.3,2.0
180.86,-1.2606448120123597,-1.2999961305054988,0.0749881393687296,-1.3,-1.3,2.0
180.872,-1.2606448120123597,-1.2999961305054988,0.0749881393687296,-1.3,-1.3,2.0
180.881,-1.2606448120123597,-1.2999961305054988,0.0749881393687296,-1.3,-1.3,2.0
180.89,-1.2606448120123597,-1.2999961305054988,0.0749881393687296,-1.3,-1.3,2.0
180.901,-1.2606448120123597,-1.2999961305054988,0.0749881393687296,-1.3,-1.3,2.0
180.911,-1.2606448120123597,-1.2999961305054988,0.0749881393687296,-1.3,-1.3,2.0
180.921,-1.2606448120123597,-1.2999961305054988,0.0749881393687296,-1.3,-1.3,2.0
180.931,-1.2606448120123597,-1.2999961305054988,0.0749881393687296,-1.3,-1.3,2.0
180.941,-1.2606448120123597,-1.2999961305054988,0.0749881393687296,-1.3,-1.3,2.0
180.95,-1.2606448120123597,-1.2999961305054988,0.0749881393687296,-1.3,-1.3,2.0
180.96,-1.2606448120123597,-1.2999961305054988,0.0749881393687296,-1.3,-1.3,2.0
180.97,-1.2606448120123597,-1.2999961305054988,0.0749881393687296,-1.3,-1.3,2.0
180.993,-1.2606448120123597,-1.2999961305054988,0.0749881393687296,-1.3,-1.3,2.0
181.003,-1.2606448120123597,-1.2999961305054988,0.0749881393687296,-1.3,-1.3,2.0
181.014,-1.2606448120123597,-1.2999961305054988,0.0749881393687296,-1.3,-1.3,2.0
181.035,-1.2606448120123597,-1.2999961305054988,0.0749881393687296,-1.3,-1.3,2.0
181.044,-1.2606448120123597,-1.2999961305054988,0.0749881393687296,-1.3,-1.3,2.0
181.053,-1.2606448120123597,-1.2999961305054988,0.0749881393687296,-1.3,-1.3,2.0
181.06,-1.2606448120123597,-1.2999961305054988,0.0749881393687296,-1.3,-1.3,2.0
181.079,-1.2606448120123597,-1.2999961305054988,0.0749881393687296,-1.3,-1.3,2.0
181.085,-1.2606448120123597,-1.2999961305054988,0.0749881393687296,-1.3,-1.3,2.0
181.09,-1.2606448120123597,-1.2999961305054988,0.0749881393687296,-1.3,-1.3,2.0
181.1,-1.2606448120123597,-1.2999961305054988,0.0749881393687296,-1.3,-1.3,2.0
181.117,-1.2606448120123597,-1.2999961305054988,0.0749881393687296,-1.3,-1.3,2.0
181.12,-1.2606448120123597,-1.2999961305054988,0.0749881393687296,-1.3,-1.3,2.0
181.132,-1.2606448120123597,-1.2999961305054988,0.0749881393687296,-1.3,-1.3,2.0
181.145,-1.2606448120123597,-1.2999961305054988,0.0749881393687296,-1.3,-1.3,2.0
181.151,-1.2606448120123597,-1.2999961305054988,0.0749881393687296,-1.3,-1.3,2.0
181.161,-1.2606448120123597,-1.2999961305054988,0.0749881393687296,-1.3,-1.3,2.0
181.17,-1.2606448120123597,-1.2999961305054988,0.0749881393687296,-1.3,-1.3,2.0
181.19,-1.2606448120123597,-1.2999961305054988,0.0749881393687296,-1.3,-1.3,2.0
181.19,-1.2606448120123597,-1.2999961305054988,0.0749881393687296,-1.3,-1.3,2.0
181.208,-1.2606448120123597,-1.2999961305054988,0.0749881393687296,-1.3,-1.3,2.0
181.218,-1.2606448120123597,-1.2999961305054988,0.0749881393687296,-1.3,-1.3,2.0
181.221,-1.2606448120123597,-1.2999961305054988,0.0749881393687296,-1.3,-1.3,2.0
181.231,-1.2606448120123597,-1.2999961305054988,0.0749881393687296,-1.3,-1.3,2.0
181.246,-1.2606448120123597,-1.2999961305054988,0.0749881393687296,-1.3,-1.3,2.0
181.26,-1.2606448120123597,-1.2999961305054988,0.0749881393687296,-1.3,-1.3,2.0
181.26,-1.2606448120123597,-1.2999961305054988,0.0749881393687296,-1.3,-1.3,2.0
181.272,-1.2606448120123597,-1.2999961305054988,0.0749881393687296,-1.3,-1.3,2.0
181.28,-1.2606448120123597,-1.2999961305054988,0.0749881393687296,-1.3,-1.3,2.0
181.291,-1.2606448120123597,-1.2999961305054988,0.0749881393687296,-1.3,-1.3,2.0
181.311,-1.2606448120123597,-1.2999961305054988,0.0749881393687296,-1.3,-1.3,2.0
181.32,-1.2606448120123597,-1.2999961305054988,0.0749881393687296,-1.3,-1.3,2.0
181.33,-1.2606448120123597,-1.2999961305054988,0.0749881393687296,-1.3,-1.3,2.0
181.34,-1.2606448120123597,-1.2999961305054988,0.0749881393687296,-1.3,-1.3,2.0
181.35,-1.2606448120123597,-1.2999961305054988,0.0749881393687296,-1.3,-1.3,2.0
181.36,-1.2606448120123597,-1.2999961305054988,0.0749881393687296,-1.3,-1.3,2.0
181.372,-1.2606448120123597,-1.2999961305054988,0.0749881393687296,-1.3,-1.3,2.0
181.381,-1.2606448120123597,-1.2999961305054988,0.0749881393687296,-1.3,-1.3,2.0
181.396,-1.2606448120123597,-1.2999961305054988,0.0749881393687296,-1.3,-1.3,2.0
181.411,-1.2606448120123597,-1.2999961305054988,0.0749881393687296,-1.3,-1.3,2.0
181.429,-1.2606448120123597,-1.2999961305054988,0.0749881393687296,-1.3,-1.3,2.0
181.434,-1.2606448120123597,-1.2999961305054988,0.0749881393687296,-1.3,-1.3,2.0
181.444,-1.2606448120123597,-1.2999961305054988,0.0749881393687296,-1.3,-1.3,2.0
181.68,-1.2606448120123597,-1.2999961305054988,0.0749881393687296,-1.3,-1.3,2.0
181.69,-1.2606448120123597,-1.2999961305054988,0.0749881393687296,-1.3,-1.3,2.0
182.081,-1.2606448120123597,-1.2999961305054988,0.0749881393687296,-1.3,-1.3,2.0
182.09,-1.2606448120123597,-1.2999961305054988,0.0749881393687296,-1.3,-1.3,2.0
182.521,-1.2606448120123597,-1.2999961305054988,0.0749881393687296,-1.3,-1.3,2.0
182.531,-1.2606448120123597,-1.2999961305054988,0.0749881393687296,-1.3,-1.3,2.0
182.895,-1.2606448120123597,-1.2999961305054988,0.0749881393687296,-1.3,-1.3,2.0
182.908,-1.2606448120123597,-1.2999961305054988,0.0749881393687296,-1.3,-1.3,2.0
183.33,-1.2606448120123597,-1.2999961305054988,0.0749881393687296,-1.3,-1.3,2.0
183.33,-1.2606448120123597,-1.2999961305054988,0.0749881393687296,-1.3,-1.3,2.0
183.715,-1.2606448120123597,-1.2999961305054988,0.0749881393687296,-1.3,-1.3,2.0
183.739,-1.2606448120123597,-1.2999961305054988,0.0749881393687296,-1.3,-1.3,2.0
184.106,-1.2606448120123597,-1.2999961305054988,0.0749881393687296,-1.3,-1.3,2.0
184.115,-1.2606448120123597,-1.2999961305054988,0.0749881393687296,-1.3,-1.3,2.0
184.12,-1.2606448120123597,-1.2999961305054988,0.0749881393687296,-1.3,-1.3,2.0
184.133,-1.2606448120123597,-1.2999961305054988,0.0749881393687296,-1.3,-1.3,2.0
184.14,-1.2606448120123597,-1.2999961305054988,0.0749881393687296,-1.3,-1.3,2.0
184.151,-1.2606448120123597,-1.2999961305054988,0.0749881393687296,-1.3,-1.3,2.0
184.16,-1.2606448120123597,-1.2999961305054988,0.0749881393687296,-1.3,-1.3,2.0
184.17,-1.2606448120123597,-1.2999961305054988,0.0749881393687296,-1.3,-1.3,2.0
184.186,-1.2606448120123597,-1.2999961305054988,0.0749881393687296,-1.3,-1.3,2.0
184.19,-1.2606448120123597,-1.2999961305054988,0.0749881393687296,-1.3,-1.3,2.0
184.207,-1.2606448120123597,-1.2999961305054988,0.0749881393687296,-1.3,-1.3,2.0
184.216,-1.2606448120123597,-1.2999961305054988,0.0749881393687296,-1.3,-1.3,2.0
184.229,-1.2606448120123597,-1.2999961305054988,0.0749881393687296,-1.3,-1.3,2.0
184.23,-1.2606448120123597,-1.2999961305054988,0.0749881393687296,-1.3,-1.3,2.0
184.24,-1.2606448120123597,-1.2999961305054988,0.0749881393687296,-1.3,-1.3,2.0
184.258,-1.2606448120123597,-1.2999961305054988,0.0749881393687296,-1.3,-1.3,2.0
184.26,-1.2606448120123597,-1.2999961305054988,0.0749881393687296,-1.3,-1.3,2.0
184.274,-1.2606448120123597,-1.2999961305054988,0.0749881393687296,-1.3,-1.3,2.0
184.281,-1.2606448120123597,-1.2999961305054988,0.0749881393687296,-1.3,-1.3,2.0
184.296,-1.2606448120123597,-1.2999961305054988,0.0749881393687296,-1.3,-1.3,2.0
184.3,-1.2606448120123597,-1.2999961305054988,0.0749881393687296,-1.3,-1.3,2.0
184.312,-1.2606448120123597,-1.2999961305054988,0.0749881393687296,-1.3,-1.3,2.0
184.32,-1.2606448120123597,-1.2999961305054988,0.0749881393687296,-1.3,-1.3,2.0
184.334,-1.2606448120123597,-1.2999961305054988,0.0749881393687296,-1.3,-1.3,2.0
184.342,-1.2606448120123597,-1.2999961305054988,0.0749881393687296,-1.3,-1.3,2.0
184.355,-1.2606448120123597,-1.2999961305054988,0.0749881393687296,-1.3,-1.3,2.0
184.62,-1.2606448120123597,-1.2999961305054988,0.0749881393687296,-1.3,-1.3,2.0
184.632,-1.2606448120123597,-1.2999961305054988,0.0749881393687296,-1.3,-1.3,2.0
184.644,-1.2606448120123597,-1.2999961305054988,0.0749881393687296,-1.3,-1.3,2.0
184.65,-1.2606448120123597,-1.2999961305054988,0.0749881393687296,-1.3,-1.3,2.0
184.66,-1.2606448120123597,-1.2999961305054988,0.0749881393687296,-1.3,-1.3,2.0
184.675,-1.2606448120123597,-1.2999961305054988,0.0749881393687296,-1.3,-1.3,2.0
184.683,-1.2606448120123597,-1.2999961305054988,0.0749881393687296,-1.3,-1.3,2.0
184.698,-1.2606448120123597,-1.2999961305054988,0.0749881393687296,-1.3,-1.3,2.0
184.701,-1.2606448120123597,-1.2999961305054988,0.0749881393687296,-1.3,-1.3,2.0
184.712,-1.2606448120123597,-1.2999961305054988,0.0749881393687296,-1.3,-1.3,2.0
184.725,-1.2606448120123597,-1.2999961305054988,0.0749881393687296,-1.3,-1.3,2.0
184.732,-1.2606448120123597,-1.2999961305054988,0.0749881393687296,-1.3,-1.3,2.0
184.741,-1.2606448120123597,-1.2999961305054988,0.0749881393687296,-1.3,-1.3,2.0
184.753,-1.2606448120123597,-1.2999961305054988,0.0749881393687296,-1.3,-1.3,2.0
185.001,-1.2606448120123597,-1.2999961305054988,0.0749881393687296,-1.3,-1.3,2.0
185.028,-1.2606448120123597,-1.2999961305054988,0.0749881393687296,-1.3,-1.3,2.0
185.039,-1.2606448120123597,-1.2999961305054988,0.0749881393687296,-1.3,-1.3,2.0
185.04,-1.2606448120123597,-1.2999961305054988,0.0749881393687296,-1.3,-1.3,2.0
185.05,-1.2606448120123597,-1.2999961305054988,0.0749881393687296,-1.3,-1.3,2.0
185.06,-1.2606448120123597,-1.2999961305054988,0.0749881393687296,-1.3,-1.3,2.0
185.07,-1.2606448120123597,-1.2999961305054988,0.0749881393687296,-1.3,-1.3,2.0
185.093,-1.2606448120123597,-1.2999961305054988,0.0749881393687296,-1.3,-1.3,2.0
185.1,-1.2606448120123597,-1.2999961305054988,0.0749881393687296,-1.3,-1.3,2.0
185.111,-1.2606448120123597,-1.2999961305054988,0.0749881393687296,-1.3,-1.3,2.0
185.121,-1.2606448120123597,-1.2999961305054988,0.0749881393687296,-1.3,-1.3,2.0
185.13,-1.2606448120123597,-1.2999961305054988,0.0749881393687296,-1.3,-1.3,2.0
185.144,-1.2606448120123597,-1.2999961305054988,0.0749881393687296,-1.3,-1.3,2.0
185.156,-1.2606448120123597,-1.2999961305054988,0.0749881393687296,-1.3,-1.3,2.0
185.38,-1.2606448120123597,-1.2999961305054988,0.0749881393687296,-1.3,-1.3,2.0
185.39,-1.2606448120123597,-1.2999961305054988,0.0749881393687296,-1.3,-1.3,2.0
185.405,-1.2606448120123597,-1.2999961305054988,0.0749881393687296,-1.3,-1.3,2.0
185.421,-1.2606448120123597,-1.2999961305054988,0.0749881393687296,-1.3,-1.3,2.0
185.43,-1.2606448120123597,-1.2999961305054988,0.0749881393687296,-1.3,-1.3,2.0
185.442,-1.2606448120123597,-1.2999961305054988,0.0749881393687296,-1.3,-1.3,2.0
185.451,-1.2606448120123597,-1.2999961305054988,0.0749881393687296,-1.3,-1.3,2.0
185.46,-1.2606448120123597,-1.2999961305054988,0.0749881393687296,-1.3,-1.3,2.0
185.47,-1.2606448120123597,-1.2999961305054988,0.0749881393687296,-1.3,-1.3,2.0
185.48,-1.2606448120123597,-1.2999961305054988,0.0749881393687296,-1.3,-1.3,2.0
185.495,-1.2606448120123597,-1.2999961305054988,0.0749881393687296,-1.3,-1.3,2.0
185.507,-1.2606448120123597,-1.2999961305054988,0.0749881393687296,-1.3,-1.3,2.0
185.511,-1.2606448120123597,-1.2999961305054988,0.0749881393687296,-1.3,-1.3,2.0
185.523,-1.2606448120123597,-1.2999961305054988,0.0749881393687296,-1.3,-1.3,2.0
185.536,-1.2606448120123597,-1.2999961305054988,0.0749881393687296,-1.3,-1.3,2.0
185.54,-1.2606448120123597,-1.2999961305054988,0.0749881393687296,-1.3,-1.3,2.0
185.55,-1.2606448120123597,-1.2999961305054988,0.0749881393687296,-1.3,-1.3,2.0
185.56,-1.2606448120123597,-1.2999961305054988,0.0749881393687296,-1.3,-1.3,2.0
185.572,-1.2606448120123597,-1.2999961305054988,0.0749881393687296,-1.3,-1.3,2.0
185.581,-1.2606448120123597,-1.2999961305054988,0.0749881393687296,-1.3,-1.3,2.0
185.59,-1.2606448120123597,-1.2999961305054988,0.0749881393687296,-1.3,-1.3,2.0
185.618,-1.2606448120123597,-1.2999961305054988,0.0749881393687296,-1.3,-1.3,2.0
185.625,-1.2606448120123597,-1.2999961305054988,0.0749881393687296,-1.3,-1.3,2.0
185.63,-1.2606448120123597,-1.2999961305054988,0.0749881393687296,-1.3,-1.3,2.0
185.64,-1.2606448120123597,-1.2999961305054988,0.0749881393687296,-1.3,-1.3,2.0
185.656,-1.2606448120123597,-1.2999961305054988,0.0749881393687296,-1.3,-1.3,2.0
185.923,-1.2606448120123597,-1.2999961305054988,0.0749881393687296,-1.3,-1.3,2.0
185.93,-1.2606448120123597,-1.2999961305054988,0.0749881393687296,-1.3,-1.3,2.0
185.944,-1.2606448120123597,-1.2999961305054988,0.0749881393687296,-1.3,-1.3,2.0
185.95,-1.2606448120123597,-1.2999961305054988,0.0749881393687296,-1.3,-1.3,2.0
185.961,-1.2606448120123597,-1.2999961305054988,0.0749881393687296,-1.3,-1.3,2.0
185.976,-1.2606448120123597,-1.2999961305054988,0.0749881393687296,-1.3,-1.3,2.0
185.991,-1.2606448120123597,-1.2999961305054988,0.0749881393687296,-1.3,-1.3,2.0
186.001,-1.2606448120123597,-1.2999961305054988,0.0749881393687296,-1.3,-1.3,2.0
186.021,-1.2606448120123597,-1.2999961305054988,0.0749881393687296,-1.3,-1.3,2.0
186.031,-1.2606448120123597,-1.2999961305054988,0.0749881393687296,-1.3,-1.3,2.0
186.055,-1.2606448120123597,-1.2999961305054988,0.0749881393687296,-1.3,-1.3,2.0
186.06,-1.2606448120123597,-1.2999961305054988,0.0749881393687296,-1.3,-1.3,2.0
186.079,-1.2606448120123597,-1.2999961305054988,0.0749881393687296,-1.3,-1.3,2.0
186.081,-1.2606448120123597,-1.2999961305054988,0.0749881393687296,-1.3,-1.3,2.0
186.09,-1.2606448120123597,-1.2999961305054988,0.0749881393687296,-1.3,-1.3,2.0
186.107,-1.2606448120123597,-1.2999961305054988,0.0749881393687296,-1.3,-1.3,2.0
186.113,-1.2606448120123597,-1.2999961305054988,0.0749881393687296,-1.3,-1.3,2.0
186.126,-1.2606448120123597,-1.2999961305054988,0.0749881393687296,-1.3,-1.3,2.0
186.13,-1.2606448120123597,-1.2999961305054988,0.0749881393687296,-1.3,-1.3,2.0
186.14,-1.2606448120123597,-1.2999961305054988,0.0749881393687296,-1.3,-1.3,2.0
186.486,-1.2606448120123597,-1.2999961305054988,0.0749881393687296,-1.3,-1.3,2.0
186.493,-1.2606448120123597,-1.2999961305054988,0.0749881393687296,-1.3,-1.3,2.0
186.513,-1.2606448120123597,-1.2999961305054988,0.0749881393687296,-1.3,-1.3,2.0
186.522,-1.2606448120123597,-1.2999961305054988,0.0749881393687296,-1.3,-1.3,2.0
186.544,-1.2606448120123597,-1.2999961305054988,0.0749881393687296,-1.3,-1.3,2.0
186.551,-1.2606448120123597,-1.2999961305054988,0.0749881393687296,-1.3,-1.3,2.0
186.56,-1.2606448120123597,-1.2999961305054988,0.0749881393687296,-1.3,-1.3,2.0
186.575,-1.2606448120123597,-1.2999961305054988,0.0749881393687296,-1.3,-1.3,2.0
186.588,-1.2606448120123597,-1.2999961305054988,0.0749881393687296,-1.3,-1.3,2.0
186.597,-1.2606448120123597,-1.2999961305054988,0.0749881393687296,-1.3,-1.3,2.0
186.6,-1.2606448120123597,-1.2999961305054988,0.0749881393687296,-1.3,-1.3,2.0
186.61,-1.2606448120123597,-1.2999961305054988,0.0749881393687296,-1.3,-1.3,2.0
186.62,-1.2606448120123597,-1.2999961305054988,0.0749881393687296,-1.3,-1.3,2.0
186.639,-1.2606448120123597,-1.2999961305054988,0.0749881393687296,-1.3,-1.3,2.0
186.641,-1.2606448120123597,-1.2999961305054988,0.0749881393687296,-1.3,-1.3,2.0
186.653,-1.2606448120123597,-1.2999961305054988,0.0749881393687296,-1.3,-1.3,2.0
186.95,-1.2606448120123597,-1.2999961305054988,0.0749881393687296,-1.3,-1.3,2.0
186.978,-1.2606448120123597,-1.2999961305054988,0.0749881393687296,-1.3,-1.3,2.0
186.985,-1.2606448120123597,-1.2999961305054988,0.0749881393687296,-1.3,-1.3,2.0
186.992,-1.2606448120123597,-1.2999961305054988,0.0749881393687296,-1.3,-1.3,2.0
187.001,-1.2606448120123597,-1.2999961305054988,0.0749881393687296,-1.3,-1.3,2.0
187.01,-1.2606448120123597,-1.2999961305054988,0.0749881393687296,-1.3,-1.3,2.0
187.024,-1.2606448120123597,-1.2999961305054988,0.0749881393687296,-1.3,-1.3,2.0
187.034,-1.2606448120123597,-1.2999961305054988,0.0749881393687296,-1.3,-1.3,2.0
187.041,-1.2606448120123597,-1.2999961305054988,0.0749881393687296,-1.3,-1.3,2.0
187.05,-1.2606448120123597,-1.2999961305054988,0.0749881393687296,-1.3,-1.3,2.0
187.32,-1.2606448120123597,-1.2999961305054988,0.0749881393687296,-1.3,-1.3,2.0
187.332,-1.2606448120123597,-1.2999961305054988,0.0749881393687296,-1.3,-1.3,2.0
187.343,-1.2606448120123597,-1.2999961305054988,0.0749881393687296,-1.3,-1.3,2.0
187.36,-1.2606448120123597,-1.2999961305054988,0.0749881393687296,-1.3,-1.3,2.0
187.36,-1.2606448120123597,-1.2999961305054988,0.0749881393687296,-1.3,-1.3,2.0
187.371,-1.2606448120123597,-1.2999961305054988,0.0749881393687296,-1.3,-1.3,2.0
187.38,-1.2606448120123597,-1.2999961305054988,0.0749881393687296,-1.3,-1.3,2.0
187.39,-1.2606448120123597,-1.2999961305054988,0.0749881393687296,-1.3,-1.3,2.0
187.4,-1.2606448120123597,-1.2999961305054988,0.0749881393687296,-1.3,-1.3,2.0
187.41,-1.2606448120123597,-1.2999961305054988,0.0749881393687296,-1.3,-1.3,2.0
187.422,-1.2606448120123597,-1.2999961305054988,0.0749881393687296,-1.3,-1.3,2.0
187.44,-1.2606448120123597,-1.2999961305054988,0.0749881393687296,-1.3,-1.3,2.0
187.44,-1.2606448120123597,-1.2999961305054988,0.0749881393687296,-1.3,-1.3,2.0
187.452,-1.2606448120123597,-1.2999961305054988,0.0749881393687296,-1.3,-1.3,2.0
187.716,-1.2606448120123597,-1.2999961305054988,0.0749881393687296,-1.3,-1.3,2.0
187.726,-1.2606448120123597,-1.2999961305054988,0.0749881393687296,-1.3,-1.3,2.0
187.731,-1.2606448120123597,-1.2999961305054988,0.0749881393687296,-1.3,-1.3,2.0
187.742,-1.2606448120123597,-1.2999961305054988,0.0749881393687296,-1.3,-1.3,2.0
187.751,-1.2606448120123597,-1.2999961305054988,0.0749881393687296,-1.3,-1.3,2.0
187.76,-1.2606448120123597,-1.2999961305054988,0.0749881393687296,-1.3,-1.3,2.0
187.77,-1.2606448120123597,-1.2999961305054988,0.0749881393687296,-1.3,-1.3,2.0
187.781,-1.2606448120123597,-1.2999961305054988,0.0749881393687296,-1.3,-1.3,2.0
187.79,-1.2606448120123597,-1.2999961305054988,0.0749881393687296,-1.3,-1.3,2.0
187.803,-1.2606448120123597,-1.2999961305054988,0.0749881393687296,-1.3,-1.3,2.0
187.81,-1.2606448120123597,-1.2999961305054988,0.0749881393687296,-1.3,-1.3,2.0
187.825,-1.2606448120123597,-1.2999961305054988,0.0749881393687296,-1.3,-1.3,2.0
187.832,-1.2606448120123597,-1.2999961305054988,0.0749881393687296,-1.3,-1.3,2.0
187.844,-1.2606448120123597,-1.2999961305054988,0.0749881393687296,-1.3,-1.3,2.0
187.851,-1.2606448120123597,-1.2999961305054988,0.0749881393687296,-1.3,-1.3,2.0
187.86,-1.2606448120123597,-1.2999961305054988,0.0749881393687296,-1.3,-1.3,2.0
187.871,-1.2606448120123597,-1.2999961305054988,0.0749881393687296,-1.3,-1.3,2.0
187.88,-1.2606448120123597,-1.2999961305054988,0.0749881393687296,-1.3,-1.3,2.0
187.892,-1.2606448120123597,-1.2999961305054988,0.0749881393687296,-1.3,-1.3,2.0
187.903,-1.2606448120123597,-1.2999961305054988,0.0749881393687296,-1.3,-1.3,2.0
187.912,-1.2606448120123597,-1.2999961305054988,0.0749881393687296,-1.3,-1.3,2.0
187.92,-1.2606448120123597,-1.2999961305054988,0.0749881393687296,-1.3,-1.3,2.0
187.933,-1.2606448120123597,-1.2999961305054988,0.0749881393687296,-1.3,-1.3,2.0
187.949,-1.2606448120123597,-1.2999961305054988,0.0749881393687296,-1.3,-1.3,2.0
187.95,-1.2606448120123597,-1.2999961305054988,0.0749881393687296,-1.3,-1.3,2.0
187.96,-1.2606448120123597,-1.2999961305054988,0.0749881393687296,-1.3,-1.3,2.0
187.976,-1.2606448120123597,-1.2999961305054988,0.0749881393687296,-1.3,-1.3,2.0
187.98,-1.2606448120123597,-1.2999961305054988,0.0749881393687296,-1.3,-1.3,2.0
187.99,-1.2606448120123597,-1.2999961305054988,0.0749881393687296,-1.3,-1.3,2.0
188.001,-1.2606448120123597,-1.2999961305054988,0.0749881393687296,-1.3,-1.3,2.0
188.012,-1.2606448120123597,-1.2999961305054988,0.0749881393687296,-1.3,-1.3,2.0
188.022,-1.2606448120123597,-1.2999961305054988,0.0749881393687296,-1.3,-1.3,2.0
188.033,-1.2606448120123597,-1.2999961305054988,0.0749881393687296,-1.3,-1.3,2.0
188.04,-1.2606448120123597,-1.2999961305054988,0.0749881393687296,-1.3,-1.3,2.0
188.052,-1.2606448120123597,-1.2999961305054988,0.0749881393687296,-1.3,-1.3,2.0
188.06,-1.2606448120123597,-1.2999961305054988,0.0749881393687296,-1.3,-1.3,2.0
188.29,-1.2606448120123597,-1.2999961305054988,0.0749881393687296,-1.3,-1.3,2.0
188.309,-1.2606448120123597,-1.2999961305054988,0.0749881393687296,-1.3,-1.3,2.0
188.311,-1.2606448120123597,-1.2999961305054988,0.0749881393687296,-1.3,-1.3,2.0
188.321,-1.2606448120123597,-1.2999961305054988,0.0749881393687296,-1.3,-1.3,2.0
188.334,-1.2606448120123597,-1.2999961305054988,0.0749881393687296,-1.3,-1.3,2.0
188.34,-1.2606448120123597,-1.2999961305054988,0.0749881393687296,-1.3,-1.3,2.0
188.352,-1.2606448120123597,-1.2999961305054988,0.0749881393687296,-1.3,-1.3,2.0
188.36,-1.2606448120123597,-1.2999961305054988,0.0749881393687296,-1.3,-1.3,2.0
188.372,-1.2606448120123597,-1.2999961305054988,0.0749881393687296,-1.3,-1.3,2.0
188.383,-1.2606448120123597,-1.2999961305054988,0.0749881393687296,-1.3,-1.3,2.0
188.391,-1.2606448120123597,-1.2999961305054988,0.0749881393687296,-1.3,-1.3,2.0
188.4,-1.2606448120123597,-1.2999961305054988,0.0749881393687296,-1.3,-1.3,2.0
188.429,-1.2606448120123597,-1.2999961305054988,0.0749881393687296,-1.3,-1.3,2.0
188.43,-1.2606448120123597,-1.2999961305054988,0.0749881393687296,-1.3,-1.3,2.0
188.442,-1.2606448120123597,-1.2999961305054988,0.0749881393687296,-1.3,-1.3,2.0
188.45,-1.2606448120123597,-1.2999961305054988,0.0749881393687296,-1.3,-1.3,2.0
188.703,-1.2606448120123597,-1.2999961305054988,0.0749881393687296,-1.3,-1.3,2.0
188.72,-1.2606448120123597,-1.2999961305054988,0.0749881393687296,-1.3,-1.3,2.0
188.72,-1.2606448120123597,-1.2999961305054988,0.0749881393687296,-1.3,-1.3,2.0
188.73,-1.2606448120123597,-1.2999961305054988,0.0749881393687296,-1.3,-1.3,2.0
188.742,-1.2606448120123597,-1.2999961305054988,0.0749881393687296,-1.3,-1.3,2.0
188.75,-1.2606448120123597,-1.2999961305054988,0.0749881393687296,-1.3,-1.3,2.0
188.76,-1.2606448120123597,-1.2999961305054988,0.0749881393687296,-1.3,-1.3,2.0
188.773,-1.2606448120123597,-1.2999961305054988,0.0749881393687296,-1.3,-1.3,2.0
188.782,-1.2606448120123597,-1.2999961305054988,0.0749881393687296,-1.3,-1.3,2.0
188.795,-1.2606448120123597,-1.2999961305054988,0.0749881393687296,-1.3,-1.3,2.0
188.805,-1.2606448120123597,-1.2999961305054988,0.0749881393687296,-1.3,-1.3,2.0
188.814,-1.2606448120123597,-1.2999961305054988,0.0749881393687296,-1.3,-1.3,2.0
188.821,-1.2606448120123597,-1.2999961305054988,0.0749881393687296,-1.3,-1.3,2.0
188.831,-1.2606448120123597,-1.2999961305054988,0.0749881393687296,-1.3,-1.3,2.0
188.855,-1.2606448120123597,-1.2999961305054988,0.0749881393687296,-1.3,-1.3,2.0
188.86,-1.2606448120123597,-1.2999961305054988,0.0749881393687296,-1.3,-1.3,2.0
188.872,-1.2606448120123597,-1.2999961305054988,0.0749881393687296,-1.3,-1.3,2.0
188.884,-1.2606448120123597,-1.2999961305054988,0.0749881393687296,-1.3,-1.3,2.0
188.896,-1.2606448120123597,-1.2999961305054988,0.0749881393687296,-1.3,-1.3,2.0
188.907,-1.2606448120123597,-1.2999961305054988,0.0749881393687296,-1.3,-1.3,2.0
188.91,-1.2606448120123597,-1.2999961305054988,0.0749881393687296,-1.3,-1.3,2.0
188.92,-1.2606448120123597,-1.2999961305054988,0.0749881393687296,-1.3,-1.3,2.0
188.931,-1.2606448120123597,-1.2999961305054988,0.0749881393687296,-1.3,-1.3,2.0
188.94,-1.2606448120123597,-1.2999961305054988,0.0749881393687296,-1.3,-1.3,2.0
188.95,-1.2606448120123597,-1.2999961305054988,0.0749881393687296,-1.3,-1.3,2.0
188.971,-1.2606448120123597,-1.2999961305054988,0.0749881393687296,-1.3,-1.3,2.0
188.98,-1.2606448120123597,-1.2999961305054988,0.0749881393687296,-1.3,-1.3,2.0
188.991,-1.2606448120123597,-1.2999961305054988,0.0749881393687296,-1.3,-1.3,2.0
189.0,-1.2606448120123597,-1.2999961305054988,0.0749881393687296,-1.3,-1.3,2.0
189.019,-1.2606448120123597,-1.2999961305054988,0.0749881393687296,-1.3,-1.3,2.0
189.02,-1.2606448120123597,-1.2999961305054988,0.0749881393687296,-1.3,-1.3,2.0
189.039,-1.2606448120123597,-1.2999961305054988,0.0749881393687296,-1.3,-1.3,2.0
189.05,-1.2606448120123597,-1.2999961305054988,0.0749881393687296,-1.3,-1.3,2.0
189.05,-1.2606448120123597,-1.2999961305054988,0.0749881393687296,-1.3,-1.3,2.0
189.387,-1.2606448120123597,-1.2999961305054988,0.0749881393687296,-1.3,-1.3,2.0
189.397,-1.2606448120123597,-1.2999961305054988,0.0749881393687296,-1.3,-1.3,2.0
189.407,-1.2606448120123597,-1.2999961305054988,0.0749881393687296,-1.3,-1.3,2.0
189.414,-1.2606448120123597,-1.2999961305054988,0.0749881393687296,-1.3,-1.3,2.0
189.421,-1.2606448120123597,-1.2999961305054988,0.0749881393687296,-1.3,-1.3,2.0
189.439,-1.2606448120123597,-1.2999961305054988,0.0749881393687296,-1.3,-1.3,2.0
189.442,-1.2606448120123597,-1.2999961305054988,0.0749881393687296,-1.3,-1.3,2.0
189.452,-1.2606448120123597,-1.2999961305054988,0.0749881393687296,-1.3,-1.3,2.0
189.46,-1.2606448120123597,-1.2999961305054988,0.0749881393687296,-1.3,-1.3,2.0
189.471,-1.2606448120123597,-1.2999961305054988,0.0749881393687296,-1.3,-1.3,2.0
189.487,-1.2606448120123597,-1.2999961305054988,0.0749881393687296,-1.3,-1.3,2.0
189.501,-1.2606448120123597,-1.2999961305054988,0.0749881393687296,-1.3,-1.3,2.0
189.511,-1.2606448120123597,-1.2999961305054988,0.0749881393687296,-1.3,-1.3,2.0
189.52,-1.2606448120123597,-1.2999961305054988,0.0749881393687296,-1.3,-1.3,2.0
189.53,-1.2606448120123597,-1.2999961305054988,0.0749881393687296,-1.3,-1.3,2.0
189.54,-1.2606448120123597,-1.2999961305054988,0.0749881393687296,-1.3,-1.3,2.0
189.551,-1.2606448120123597,-1.2999961305054988,0.0749881393687296,-1.3,-1.3,2.0
189.562,-1.2606448120123597,-1.2999961305054988,0.0749881393687296,-1.3,-1.3,2.0
189.57,-1.2606448120123597,-1.2999961305054988,0.0749881393687296,-1.3,-1.3,2.0
189.581,-1.2606448120123597,-1.2999961305054988,0.0749881393687296,-1.3,-1.3,2.0
189.596,-1.2606448120123597,-1.2999961305054988,0.0749881393687296,-1.3,-1.3,2.0
189.608,-1.2606448120123597,-1.2999961305054988,0.0749881393687296,-1.3,-1.3,2.0
189.625,-1.2606448120123597,-1.2999961305054988,0.0749881393687296,-1.3,-1.3,2.0
189.633,-1.2606448120123597,-1.2999961305054988,0.0749881393687296,-1.3,-1.3,2.0
189.643,-1.2606448120123597,-1.2999961305054988,0.0749881393687296,-1.3,-1.3,2.0
189.65,-1.2606448120123597,-1.2999961305054988,0.0749881393687296,-1.3,-1.3,2.0
189.66,-1.2606448120123597,-1.2999961305054988,0.0749881393687296,-1.3,-1.3,2.0
189.67,-1.2606448120123597,-1.2999961305054988,0.0749881393687296,-1.3,-1.3,2.0
189.689,-1.2606448120123597,-1.2999961305054988,0.0749881393687296,-1.3,-1.3,2.0
189.69,-1.2606448120123597,-1.2999961305054988,0.0749881393687296,-1.3,-1.3,2.0
189.709,-1.2606448120123597,-1.2999961305054988,0.0749881393687296,-1.3,-1.3,2.0
189.711,-1.2606448120123597,-1.2999961305054988,0.0749881393687296,-1.3,-1.3,2.0
189.724,-1.2606448120123597,-1.2999961305054988,0.0749881393687296,-1.3,-1.3,2.0
189.731,-1.2606448120123597,-1.2999961305054988,0.0749881393687296,-1.3,-1.3,2.0
189.742,-1.2606448120123597,-1.2999961305054988,0.0749881393687296,-1.3,-1.3,2.0
189.753,-1.2606448120123597,-1.2999961305054988,0.0749881393687296,-1.3,-1.3,2.0
190.012,-1.2606448120123597,-1.2999961305054988,0.0749881393687296,-1.3,-1.3,2.0
190.029,-1.2606448120123597,-1.2999961305054988,0.0749881393687296,-1.3,-1.3,2.0
190.032,-1.2606448120123597,-1.2999961305054988,0.0749881393687296,-1.3,-1.3,2.0
190.045,-1.2606448120123597,-1.2999961305054988,0.0749881393687296,-1.3,-1.3,2.0
190.053,-1.2606448120123597,-1.2999961305054988,0.0749881393687296,-1.3,-1.3,2.0
190.06,-1.2606448120123597,-1.2999961305054988,0.0749881393687296,-1.3,-1.3,2.0
190.072,-1.2606448120123597,-1.2999961305054988,0.0749881393687296,-1.3,-1.3,2.0
190.08,-1.2606448120123597,-1.2999961305054988,0.0749881393687296,-1.3,-1.3,2.0
190.091,-1.2606448120123597,-1.2999961305054988,0.0749881393687296,-1.3,-1.3,2.0
190.103,-1.2606448120123597,-1.2999961305054988,0.0749881393687296,-1.3,-1.3,2.0
190.11,-1.2606448120123597,-1.2999961305054988,0.0749881393687296,-1.3,-1.3,2.0
190.121,-1.2606448120123597,-1.2999961305054988,0.0749881393687296,-1.3,-1.3,2.0
190.136,-1.2606448120123597,-1.2999961305054988,0.0749881393687296,-1.3,-1.3,2.0
190.14,-1.2606448120123597,-1.2999961305054988,0.0749881393687296,-1.3,-1.3,2.0
190.472,-1.2606448120123597,-1.2999961305054988,0.0749881393687296,-1.3,-1.3,2.0
190.487,-1.2606448120123597,-1.2999961305054988,0.0749881393687296,-1.3,-1.3,2.0
190.83,-1.2606448120123597,-1.2999961305054988,0.0749881393687296,-1.3,-1.3,2.0
190.85,-1.2606448120123597,-1.2999961305054988,0.0749881393687296,-1.3,-1.3,2.0
191.191,-1.2606448120123597,-1.2999961305054988,0.0749881393687296,-1.3,-1.3,2.0
191.203,-1.2606448120123597,-1.2999961305054988,0.0749881393687296,-1.3,-1.3,2.0
191.21,-1.2606448120123597,-1.2999961305054988,0.0749881393687296,-1.3,-1.3,2.0
191.238,-1.2606448120123597,-1.2999961305054988,0.0749881393687296,-1.3,-1.3,2.0
191.25,-1.2606448120123597,-1.2999961305054988,0.0749881393687296,-1.3,-1.3,2.0
191.25,-1.2606448120123597,-1.2999961305054988,0.0749881393687296,-1.3,-1.3,2.0
191.26,-1.2606448120123597,-1.2999961305054988,0.0749881393687296,-1.3,-1.3,2.0
191.27,-1.2606448120123597,-1.2999961305054988,0.0749881393687296,-1.3,-1.3,2.0
191.286,-1.2606448120123597,-1.2999961305054988,0.0749881393687296,-1.3,-1.3,2.0
191.29,-1.2606448120123597,-1.2999961305054988,0.0749881393687296,-1.3,-1.3,2.0
191.324,-1.2606448120123597,-1.2999961305054988,0.0749881393687296,-1.3,-1.3,2.0
191.33,-1.2606448120123597,-1.2999961305054988,0.0749881393687296,-1.3,-1.3,2.0
191.341,-1.2606448120123597,-1.2999961305054988,0.0749881393687296,-1.3,-1.3,2.0
191.35,-1.2606448120123597,-1.2999961305054988,0.0749881393687296,-1.3,-1.3,2.0
191.638,-1.2606448120123597,-1.2999961305054988,0.0749881393687296,-1.3,-1.3,2.0
191.646,-1.2606448120123597,-1.2999961305054988,0.0749881393687296,-1.3,-1.3,2.0
191.65,-1.2606448120123597,-1.2999961305054988,0.0749881393687296,-1.3,-1.3,2.0
191.672,-1.2606448120123597,-1.2999961305054988,0.0749881393687296,-1.3,-1.3,2.0
191.686,-1.2606448120123597,-1.2999961305054988,0.0749881393687296,-1.3,-1.3,2.0
191.69,-1.2606448120123597,-1.2999961305054988,0.0749881393687296,-1.3,-1.3,2.0
191.701,-1.2606448120123597,-1.2999961305054988,0.0749881393687296,-1.3,-1.3,2.0
191.711,-1.2606448120123597,-1.2999961305054988,0.0749881393687296,-1.3,-1.3,2.0
191.721,-1.2606448120123597,-1.2999961305054988,0.0749881393687296,-1.3,-1.3,2.0
191.732,-1.2606448120123597,-1.2999961305054988,0.0749881393687296,-1.3,-1.3,2.0
191.755,-1.2606448120123597,-1.2999961305054988,0.0749881393687296,-1.3,-1.3,2.0
191.76,-1.2606448120123597,-1.2999961305054988,0.0749881393687296,-1.3,-1.3,2.0
191.786,-1.2606448120123597,-1.2999961305054988,0.0749881393687296,-1.3,-1.3,2.0
191.793,-1.2606448120123597,-1.2999961305054988,0.0749881393687296,-1.3,-1.3,2.0
191.8,-1.2606448120123597,-1.2999961305054988,0.0749881393687296,-1.3,-1.3,2.0
191.81,-1.2606448120123597,-1.2999961305054988,0.0749881393687296,-1.3,-1.3,2.0
191.82,-1.2606448120123597,-1.2999961305054988,0.0749881393687296,-1.3,-1.3,2.0
191.835,-1.2606448120123597,-1.2999961305054988,0.0749881393687296,-1.3,-1.3,2.0
191.843,-1.2606448120123597,-1.2999961305054988,0.0749881393687296,-1.3,-1.3,2.0
191.857,-1.2606448120123597,-1.2999961305054988,0.0749881393687296,-1.3,-1.3,2.0
192.135,-1.2606448120123597,-1.2999961305054988,0.0749881393687296,-1.3,-1.3,2.0
192.149,-1.2606448120123597,-1.2999961305054988,0.0749881393687296,-1.3,-1.3,2.0
192.152,-1.2606448120123597,-1.2999961305054988,0.0749881393687296,-1.3,-1.3,2.0
192.16,-1.2606448120123597,-1.2999961305054988,0.0749881393687296,-1.3,-1.3,2.0
192.17,-1.2606448120123597,-1.2999961305054988,0.0749881393687296,-1.3,-1.3,2.0
192.181,-1.2606448120123597,-1.2999961305054988,0.0749881393687296,-1.3,-1.3,2.0
192.195,-1.2606448120123597,-1.2999961305054988,0.0749881393687296,-1.3,-1.3,2.0
192.218,-1.2606448120123597,-1.2999961305054988,0.0749881393687296,-1.3,-1.3,2.0
192.22,-1.2606448120123597,-1.2999961305054988,0.0749881393687296,-1.3,-1.3,2.0
192.23,-1.2606448120123597,-1.2999961305054988,0.0749881393687296,-1.3,-1.3,2.0
192.24,-1.2606448120123597,-1.2999961305054988,0.0749881393687296,-1.3,-1.3,2.0
192.252,-1.2606448120123597,-1.2999961305054988,0.0749881393687296,-1.3,-1.3,2.0
192.26,-1.2606448120123597,-1.2999961305054988,0.0749881393687296,-1.3,-1.3,2.0
192.274,-1.2606448120123597,-1.2999961305054988,0.0749881393687296,-1.3,-1.3,2.0
192.283,-1.2606448120123597,-1.2999961305054988,0.0749881393687296,-1.3,-1.3,2.0
192.291,-1.2606448120123597,-1.2999961305054988,0.0749881393687296,-1.3,-1.3,2.0
192.306,-1.2606448120123597,-1.2999961305054988,0.0749881393687296,-1.3,-1.3,2.0
192.315,-1.2606448120123597,-1.2999961305054988,0.0749881393687296,-1.3,-1.3,2.0
192.324,-1.2606448120123597,-1.2999961305054988,0.0749881393687296,-1.3,-1.3,2.0
192.33,-1.2606448120123597,-1.2999961305054988,0.0749881393687296,-1.3,-1.3,2.0
192.343,-1.2606448120123597,-1.2999961305054988,0.0749881393687296,-1.3,-1.3,2.0
192.358,-1.2606448120123597,-1.2999961305054988,0.0749881393687296,-1.3,-1.3,2.0
192.98,-1.2606448120123597,-1.2999961305054988,0.0749881393687296,-1.3,-1.3,2.0
192.99,-1.2606448120123597,-1.2999961305054988,0.0749881393687296,-1.3,-1.3,2.0
193.406,-1.2606448120123597,-1.2999961305054988,0.0749881393687296,-1.3,-1.3,2.0
193.415,-1.2606448120123597,-1.2999961305054988,0.0749881393687296,-1.3,-1.3,2.0
193.77,-1.2606448120123597,-1.2999961305054988,0.0749881393687296,-1.3,-1.3,2.0
193.783,-1.2606448120123597,-1.2999961305054988,0.0749881393687296,-1.3,-1.3,2.0
194.083,-1.2606448120123597,-1.2999961305054988,0.0749881393687296,-1.3,-1.3,2.0
194.093,-1.2606448120123597,-1.2999961305054988,0.0749881393687296,-1.3,-1.3,2.0
194.451,-1.2606448120123597,-1.2999961305054988,0.0749881393687296,-1.3,-1.3,2.0
194.46,-1.2606448120123597,-1.2999961305054988,0.0749881393687296,-1.3,-1.3,2.0
194.478,-1.2606448120123597,-1.2999961305054988,0.0749881393687296,-1.3,-1.3,2.0
194.48,-1.2606448120123597,-1.2999961305054988,0.0749881393687296,-1.3,-1.3,2.0
194.491,-1.2606448120123597,-1.2999961305054988,0.0749881393687296,-1.3,-1.3,2.0
194.5,-1.2606448120123597,-1.2999961305054988,0.0749881393687296,-1.3,-1.3,2.0
194.516,-1.2606448120123597,-1.2999961305054988,0.0749881393687296,-1.3,-1.3,2.0
194.52,-1.2606448120123597,-1.2999961305054988,0.0749881393687296,-1.3,-1.3,2.0
194.53,-1.2606448120123597,-1.2999961305054988,0.0749881393687296,-1.3,-1.3,2.0
194.556,-1.2606448120123597,-1.2999961305054988,0.0749881393687296,-1.3,-1.3,2.0
194.563,-1.2606448120123597,-1.2999961305054988,0.0749881393687296,-1.3,-1.3,2.0
194.576,-1.2606448120123597,-1.2999961305054988,0.0749881393687296,-1.3,-1.3,2.0
194.58,-1.2606448120123597,-1.2999961305054988,0.0749881393687296,-1.3,-1.3,2.0
194.598,-1.2606448120123597,-1.2999961305054988,0.0749881393687296,-1.3,-1.3,2.0
194.605,-1.2606448120123597,-1.2999961305054988,0.0749881393687296,-1.3,-1.3,2.0
194.616,-1.2606448120123597,-1.2999961305054988,0.0749881393687296,-1.3,-1.3,2.0
194.62,-1.2606448120123597,-1.2999961305054988,0.0749881393687296,-1.3,-1.3,2.0
194.631,-1.2606448120123597,-1.2999961305054988,0.0749881393687296,-1.3,-1.3,2.0
194.64,-1.2606448120123597,-1.2999961305054988,0.0749881393687296,-1.3,-1.3,2.0
194.656,-1.2606448120123597,-1.2999961305054988,0.0749881393687296,-1.3,-1.3,2.0
194.966,-1.2606448120123597,-1.2999961305054988,0.0749881393687296,-1.3,-1.3,2.0
194.971,-1.2606448120123597,-1.2999961305054988,0.0749881393687296,-1.3,-1.3,2.0
195.38,-1.2606448120123597,-1.2999961305054988,0.0749881393687296,-1.3,-1.3,2.0
195.4,-1.2606448120123597,-1.2999961305054988,0.0749881393687296,-1.3,-1.3,2.0
195.755,-1.2606448120123597,-1.2999961305054988,0.0749881393687296,-1.3,-1.3,2.0
195.76,-1.2606448120123597,-1.2999961305054988,0.0749881393687296,-1.3,-1.3,2.0
196.116,-1.2606448120123597,-1.2999961305054988,0.0749881393687296,-1.3,-1.3,2.0
196.121,-1.2606448120123597,-1.2999961305054988,0.0749881393687296,-1.3,-1.3,2.0
196.497,-1.2606448120123597,-1.2999961305054988,0.0749881393687296,-1.3,-1.3,2.0
196.501,-1.2606448120123597,-1.2999961305054988,0.0749881393687296,-1.3,-1.3,2.0
196.852,-1.2606448120123597,-1.2999961305054988,0.0749881393687296,-1.3,-1.3,2.0
196.86,-1.2606448120123597,-1.2999961305054988,0.0749881393687296,-1.3,-1.3,2.0
197.173,-1.2606448120123597,-1.2999961305054988,0.0749881393687296,-1.3,-1.3,2.0
197.18,-1.2606448120123597,-1.2999961305054988,0.0749881393687296,-1.3,-1.3,2.0
197.542,-1.2606448120123597,-1.2999961305054988,0.0749881393687296,-1.3,-1.3,2.0
197.551,-1.2606448120123597,-1.2999961305054988,0.0749881393687296,-1.3,-1.3,2.0
197.875,-1.2606448120123597,-1.2999961305054988,0.0749881393687296,-1.3,-1.3,2.0
197.88,-1.2606448120123597,-1.2999961305054988,0.0749881393687296,-1.3,-1.3,2.0
198.26,-1.2606448120123597,-1.2999961305054988,0.0749881393687296,-1.3,-1.3,2.0
198.279,-1.2606448120123597,-1.2999961305054988,0.0749881393687296,-1.3,-1.3,2.0
198.65,-1.2606448120123597,-1.2999961305054988,0.0749881393687296,-1.3,-1.3,2.0
198.66,-1.2606448120123597,-1.2999961305054988,0.0749881393687296,-1.3,-1.3,2.0
199.072,-1.2606448120123597,-1.2999961305054988,0.0749881393687296,-1.3,-1.3,2.0
199.087,-1.2606448120123597,-1.2999961305054988,0.0749881393687296,-1.3,-1.3,2.0
199.442,-1.2606448120123597,-1.2999961305054988,0.0749881393687296,-1.3,-1.3,2.0
199.454,-1.2606448120123597,-1.2999961305054988,0.0749881393687296,-1.3,-1.3,2.0
199.797,-1.2606448120123597,-1.2999961305054988,0.0749881393687296,-1.3,-1.3,2.0
199.808,-1.2606448120123597,-1.2999961305054988,0.0749881393687296,-1.3,-1.3,2.0
200.195,-1.2606448120123597,-1.2999961305054988,0.0749881393687296,-1.3,-1.3,2.0
200.203,-1.2606448120123597,-1.2999961305054988,0.0749881393687296,-1.3,-1.3,2.0
200.545,-1.2606448120123597,-1.2999961305054988,0.0749881393687296,-1.3,-1.3,2.0
200.555,-1.2606448120123597,-1.2999961305054988,0.0749881393687296,-1.3,-1.3,2.0
200.877,-1.2606448120123597,-1.2999961305054988,0.0749881393687296,-1.3,-1.3,2.0
200.883,-1.2606448120123597,-1.2999961305054988,0.0749881393687296,-1.3,-1.3,2.0
201.26,-1.2606448120123597,-1.2999961305054988,0.0749881393687296,-1.3,-1.3,2.0
201.285,-1.2606448120123597,-1.2999961305054988,0.0749881393687296,-1.3,-1.3,2.0
201.642,-1.2606448120123597,-1.2999961305054988,0.0749881393687296,-1.3,-1.3,2.0
201.65,-1.2606448120123597,-1.2999961305054988,0.0749881393687296,-1.3,-1.3,2.0
202.036,-1.2606448120123597,-1.2999961305054988,0.0749881393687296,-1.3,-1.3,2.0
202.059,-1.2606448120123597,-1.2999961305054988,0.0749881393687296,-1.3,-1.3,2.0
202.48,-1.2606448120123597,-1.2999961305054988,0.0749881393687296,-1.3,-1.3,2.0
202.49,-1.2606448120123597,-1.2999961305054988,0.0749881393687296,-1.3,-1.3,2.0
202.85,-1.2606448120123597,-1.2999961305054988,0.0749881393687296,-1.3,-1.3,2.0
202.86,-1.2606448120123597,-1.2999961305054988,0.0749881393687296,-1.3,-1.3,2.0
203.3,-1.2606448120123597,-1.2999961305054988,0.0749881393687296,-1.3,-1.3,2.0
203.311,-1.2606448120123597,-1.2999961305054988,0.0749881393687296,-1.3,-1.3,2.0
203.67,-1.2606448120123597,-1.2999961305054988,0.0749881393687296,-1.3,-1.3,2.0
203.68,-1.2606448120123597,-1.2999961305054988,0.0749881393687296,-1.3,-1.3,2.0
204.08,-1.2606448120123597,-1.2999961305054988,0.0749881393687296,-1.3,-1.3,2.0
204.091,-1.2606448120123597,-1.2999961305054988,0.0749881393687296,-1.3,-1.3,2.0
204.411,-1.2606448120123597,-1.2999961305054988,0.0749881393687296,-1.3,-1.3,2.0
204.422,-1.2606448120123597,-1.2999961305054988,0.0749881393687296,-1.3,-1.3,2.0
204.781,-1.2606448120123597,-1.2999961305054988,0.0749881393687296,-1.3,-1.3,2.0
204.79,-1.2606448120123597,-1.2999961305054988,0.0749881393687296,-1.3,-1.3,2.0
205.177,-1.2606448120123597,-1.2999961305054988,0.0749881393687296,-1.3,-1.3,2.0
205.186,-1.2606448120123597,-1.2999961305054988,0.0749881393687296,-1.3,-1.3,2.0
205.56,-1.2606448120123597,-1.2999961305054988,0.0749881393687296,-1.3,-1.3,2.0
205.571,-1.2606448120123597,-1.2999961305054988,0.0749881393687296,-1.3,-1.3,2.0
205.581,-1.2606448120123597,-1.2999961305054988,0.0749881393687296,-1.3,-1.3,2.0
205.592,-1.2606448120123597,-1.2999961305054988,0.0749881393687296,-1.3,-1.3,2.0
205.601,-1.2606448120123597,-1.2999961305054988,0.0749881393687296,-1.3,-1.3,2.0
205.618,-1.2606448120123597,-1.2999961305054988,0.0749881393687296,-1.3,-1.3,2.0
205.626,-1.2606448120123597,-1.2999961305054988,0.0749881393687296,-1.3,-1.3,2.0
205.63,-1.2606448120123597,-1.2999961305054988,0.0749881393687296,-1.3,-1.3,2.0
205.642,-1.2606448120123597,-1.2999961305054988,0.0749881393687296,-1.3,-1.3,2.0
205.654,-1.2606448120123597,-1.2999961305054988,0.0749881393687296,-1.3,-1.3,2.0
205.991,-1.2606448120123597,-1.2999961305054988,0.0749881393687296,-1.3,-1.3,2.0
206.006,-1.2606448120123597,-1.2999961305054988,0.0749881393687296,-1.3,-1.3,2.0
206.461,-1.2606448120123597,-1.2999961305054988,0.0749881393687296,-1.3,-1.3,2.0
206.474,-1.2606448120123597,-1.2999961305054988,0.0749881393687296,-1.3,-1.3,2.0
206.483,-1.2606448120123597,-1.2999961305054988,0.0749881393687296,-1.3,-1.3,2.0
206.494,-1.2606448120123597,-1.2999961305054988,0.0749881393687296,-1.3,-1.3,2.0
206.509,-1.2606448120123597,-1.2999961305054988,0.0749881393687296,-1.3,-1.3,2.0
206.515,-1.2606448120123597,-1.2999961305054988,0.0749881393687296,-1.3,-1.3,2.0
206.529,-1.2606448120123597,-1.2999961305054988,0.0749881393687296,-1.3,-1.3,2.0
206.538,-1.2606448120123597,-1.2999961305054988,0.0749881393687296,-1.3,-1.3,2.0
206.549,-1.2606448120123597,-1.2999961305054988,0.0749881393687296,-1.3,-1.3,2.0
206.55,-1.2606448120123597,-1.2999961305054988,0.0749881393687296,-1.3,-1.3,2.0
206.56,-1.2606448120123597,-1.2999961305054988,0.0749881393687296,-1.3,-1.3,2.0
206.571,-1.2606448120123597,-1.2999961305054988,0.0749881393687296,-1.3,-1.3,2.0
206.58,-1.2606448120123597,-1.2999961305054988,0.0749881393687296,-1.3,-1.3,2.0
206.591,-1.2606448120123597,-1.2999961305054988,0.0749881393687296,-1.3,-1.3,2.0
206.602,-1.2606448120123597,-1.2999961305054988,0.0749881393687296,-1.3,-1.3,2.0
206.621,-1.2606448120123597,-1.2999961305054988,0.0749881393687296,-1.3,-1.3,2.0
206.63,-1.2606448120123597,-1.2999961305054988,0.0749881393687296,-1.3,-1.3,2.0
206.647,-1.2606448120123597,-1.2999961305054988,0.0749881393687296,-1.3,-1.3,2.0
206.911,-1.2606448120123597,-1.2999961305054988,0.0749881393687296,-1.3,-1.3,2.0
206.936,-1.2606448120123597,-1.2999961305054988,0.0749881393687296,-1.3,-1.3,2.0
207.255,-1.2606448120123597,-1.2999961305054988,0.0749881393687296,-1.3,-1.3,2.0
207.26,-1.2606448120123597,-1.2999961305054988,0.0749881393687296,-1.3,-1.3,2.0
207.63,-1.2606448120123597,-1.2999961305054988,0.0749881393687296,-1.3,-1.3,2.0
207.648,-1.2606448120123597,-1.2999961305054988,0.0749881393687296,-1.3,-1.3,2.0
207.93,-1.2606448120123597,-1.2999961305054988,0.0749881393687296,-1.3,-1.3,2.0
207.94,-1.2606448120123597,-1.2999961305054988,0.0749881393687296,-1.3,-1.3,2.0
207.96,-1.2606448120123597,-1.2999961305054988,0.0749881393687296,-1.3,-1.3,2.0
207.96,-1.2606448120123597,-1.2999961305054988,0.0749881393687296,-1.3,-1.3,2.0
207.973,-1.2606448120123597,-1.2999961305054988,0.0749881393687296,-1.3,-1.3,2.0
207.991,-1.2606448120123597,-1.2999961305054988,0.0749881393687296,-1.3,-1.3,2.0
208.002,-1.2606448120123597,-1.2999961305054988,0.0749881393687296,-1.3,-1.3,2.0
208.01,-1.2606448120123597,-1.2999961305054988,0.0749881393687296,-1.3,-1.3,2.0
208.02,-1.2606448120123597,-1.2999961305054988,0.0749881393687296,-1.3,-1.3,2.0
208.039,-1.2606448120123597,-1.2999961305054988,0.0749881393687296,-1.3,-1.3,2.0
208.04,-1.2606448120123597,-1.2999961305054988,0.0749881393687296,-1.3,-1.3,2.0
208.058,-1.2606448120123597,-1.2999961305054988,0.0749881393687296,-1.3,-1.3,2.0
208.06,-1.2606448120123597,-1.2999961305054988,0.0749881393687296,-1.3,-1.3,2.0
208.07,-1.2606448120123597,-1.2999961305054988,0.0749881393687296,-1.3,-1.3,2.0
208.08,-1.2606448120123597,-1.2999961305054988,0.0749881393687296,-1.3,-1.3,2.0
208.091,-1.2606448120123597,-1.2999961305054988,0.0749881393687296,-1.3,-1.3,2.0
208.1,-1.2606448120123597,-1.2999961305054988,0.0749881393687296,-1.3,-1.3,2.0
208.123,-1.2606448120123597,-1.2999961305054988,0.0749881393687296,-1.3,-1.3,2.0
208.132,-1.2606448120123597,-1.2999961305054988,0.0749881393687296,-1.3,-1.3,2.0
208.147,-1.2606448120123597,-1.2999961305054988,0.0749881393687296,-1.3,-1.3,2.0
208.155,-1.2606448120123597,-1.2999961305054988,0.0749881393687296,-1.3,-1.3,2.0
208.16,-1.2606448120123597,-1.2999961305054988,0.0749881393687296,-1.3,-1.3,2.0
208.179,-1.2606448120123597,-1.2999961305054988,0.0749881393687296,-1.3,-1.3,2.0
208.181,-1.2606448120123597,-1.2999961305054988,0.0749881393687296,-1.3,-1.3,2.0
208.191,-1.2606448120123597,-1.2999961305054988,0.0749881393687296,-1.3,-1.3,2.0
208.202,-1.2606448120123597,-1.2999961305054988,0.0749881393687296,-1.3,-1.3,2.0
208.222,-1.2606448120123597,-1.2999961305054988,0.0749881393687296,-1.3,-1.3,2.0
208.238,-1.2606448120123597,-1.2999961305054988,0.0749881393687296,-1.3,-1.3,2.0
208.24,-1.2606448120123597,-1.2999961305054988,0.0749881393687296,-1.3,-1.3,2.0
208.256,-1.2606448120123597,-1.2999961305054988,0.0749881393687296,-1.3,-1.3,2.0
208.577,-1.2606448120123597,-1.2999961305054988,0.0749881393687296,-1.3,-1.3,2.0
208.58,-1.2606448120123597,-1.2999961305054988,0.0749881393687296,-1.3,-1.3,2.0
208.591,-1.2606448120123597,-1.2999961305054988,0.0749881393687296,-1.3,-1.3,2.0
208.606,-1.2606448120123597,-1.2999961305054988,0.0749881393687296,-1.3,-1.3,2.0
208.613,-1.2606448120123597,-1.2999961305054988,0.0749881393687296,-1.3,-1.3,2.0
208.624,-1.2606448120123597,-1.2999961305054988,0.0749881393687296,-1.3,-1.3,2.0
208.631,-1.2606448120123597,-1.2999961305054988,0.0749881393687296,-1.3,-1.3,2.0
208.656,-1.2606448120123597,-1.2999961305054988,0.0749881393687296,-1.3,-1.3,2.0
208.66,-1.2606448120123597,-1.2999961305054988,0.0749881393687296,-1.3,-1.3,2.0
208.686,-1.2606448120123597,-1.2999961305054988,0.0749881393687296,-1.3,-1.3,2.0
208.69,-1.2606448120123597,-1.2999961305054988,0.0749881393687296,-1.3,-1.3,2.0
208.7,-1.2606448120123597,-1.2999961305054988,0.0749881393687296,-1.3,-1.3,2.0
208.712,-1.2606448120123597,-1.2999961305054988,0.0749881393687296,-1.3,-1.3,2.0
208.72,-1.2606448120123597,-1.2999961305054988,0.0749881393687296,-1.3,-1.3,2.0
208.73,-1.2606448120123597,-1.2999961305054988,0.0749881393687296,-1.3,-1.3,2.0
208.74,-1.2606448120123597,-1.2999961305054988,0.0749881393687296,-1.3,-1.3,2.0
209.073,-1.2606448120123597,-1.2999961305054988,0.0749881393687296,-1.3,-1.3,2.0
209.081,-1.2606448120123597,-1.2999961305054988,0.0749881393687296,-1.3,-1.3,2.0
209.455,-1.2606448120123597,-1.2999961305054988,0.0749881393687296,-1.3,-1.3,2.0
209.46,-1.2606448120123597,-1.2999961305054988,0.0749881393687296,-1.3,-1.3,2.0
209.882,-1.2606448120123597,-1.2999961305054988,0.0749881393687296,-1.3,-1.3,2.0
209.896,-1.2606448120123597,-1.2999961305054988,0.0749881393687296,-1.3,-1.3,2.0
210.279,-1.2606448120123597,-1.2999961305054988,0.0749881393687296,-1.3,-1.3,2.0
210.28,-1.2606448120123597,-1.2999961305054988,0.0749881393687296,-1.3,-1.3,2.0
210.6,-1.2606448120123597,-1.2999961305054988,0.0749881393687296,-1.3,-1.3,2.0
210.62,-1.2606448120123597,-1.2999961305054988,0.0749881393687296,-1.3,-1.3,2.0
210.62,-1.2606448120123597,-1.2999961305054988,0.0749881393687296,-1.3,-1.3,2.0
210.63,-1.2606448120123597,-1.2999961305054988,0.0749881393687296,-1.3,-1.3,2.0
210.64,-1.2606448120123597,-1.2999961305054988,0.0749881393687296,-1.3,-1.3,2.0
210.654,-1.2606448120123597,-1.2999961305054988,0.0749881393687296,-1.3,-1.3,2.0
210.66,-1.2606448120123597,-1.2999961305054988,0.0749881393687296,-1.3,-1.3,2.0
210.672,-1.2606448120123597,-1.2999961305054988,0.0749881393687296,-1.3,-1.3,2.0
210.693,-1.2606448120123597,-1.2999961305054988,0.0749881393687296,-1.3,-1.3,2.0
210.7,-1.2606448120123597,-1.2999961305054988,0.0749881393687296,-1.3,-1.3,2.0
210.717,-1.2606448120123597,-1.2999961305054988,0.0749881393687296,-1.3,-1.3,2.0
210.738,-1.2606448120123597,-1.2999961305054988,0.0749881393687296,-1.3,-1.3,2.0
210.746,-1.2606448120123597,-1.2999961305054988,0.0749881393687296,-1.3,-1.3,2.0
210.753,-1.2606448120123597,-1.2999961305054988,0.0749881393687296,-1.3,-1.3,2.0
211.05,-1.2606448120123597,-1.2999961305054988,0.0749881393687296,-1.3,-1.3,2.0
211.06,-1.2606448120123597,-1.2999961305054988,0.0749881393687296,-1.3,-1.3,2.0
211.072,-1.2606448120123597,-1.2999961305054988,0.0749881393687296,-1.3,-1.3,2.0
211.082,-1.2606448120123597,-1.2999961305054988,0.0749881393687296,-1.3,-1.3,2.0
211.092,-1.2606448120123597,-1.2999961305054988,0.0749881393687296,-1.3,-1.3,2.0
211.101,-1.2606448120123597,-1.2999961305054988,0.0749881393687296,-1.3,-1.3,2.0
211.112,-1.2606448120123597,-1.2999961305054988,0.0749881393687296,-1.3,-1.3,2.0
211.12,-1.2606448120123597,-1.2999961305054988,0.0749881393687296,-1.3,-1.3,2.0
211.13,-1.2606448120123597,-1.2999961305054988,0.0749881393687296,-1.3,-1.3,2.0
211.144,-1.2606448120123597,-1.2999961305054988,0.0749881393687296,-1.3,-1.3,2.0
211.157,-1.2606448120123597,-1.2999961305054988,0.0749881393687296,-1.3,-1.3,2.0
211.16,-1.2606448120123597,-1.2999961305054988,0.0749881393687296,-1.3,-1.3,2.0
211.179,-1.2606448120123597,-1.2999961305054988,0.0749881393687296,-1.3,-1.3,2.0
211.182,-1.2606448120123597,-1.2999961305054988,0.0749881393687296,-1.3,-1.3,2.0
211.19,-1.2606448120123597,-1.2999961305054988,0.0749881393687296,-1.3,-1.3,2.0
211.204,-1.2606448120123597,-1.2999961305054988,0.0749881393687296,-1.3,-1.3,2.0
211.215,-1.2606448120123597,-1.2999961305054988,0.0749881393687296,-1.3,-1.3,2.0
211.22,-1.2606448120123597,-1.2999961305054988,0.0749881393687296,-1.3,-1.3,2.0
211.23,-1.2606448120123597,-1.2999961305054988,0.0749881393687296,-1.3,-1.3,2.0
211.244,-1.2606448120123597,-1.2999961305054988,0.0749881393687296,-1.3,-1.3,2.0
211.49,-1.2606448120123597,-1.2999961305054988,0.0749881393687296,-1.3,-1.3,2.0
211.5,-1.2606448120123597,-1.2999961305054988,0.0749881393687296,-1.3,-1.3,2.0
211.512,-1.2606448120123597,-1.2999961305054988,0.0749881393687296,-1.3,-1.3,2.0
211.524,-1.2606448120123597,-1.2999961305054988,0.0749881393687296,-1.3,-1.3,2.0
211.533,-1.2606448120123597,-1.2999961305054988,0.0749881393687296,-1.3,-1.3,2.0
211.549,-1.2606448120123597,-1.2999961305054988,0.0749881393687296,-1.3,-1.3,2.0
211.55,-1.2606448120123597,-1.2999961305054988,0.0749881393687296,-1.3,-1.3,2.0
211.56,-1.2606448120123597,-1.2999961305054988,0.0749881393687296,-1.3,-1.3,2.0
211.577,-1.2606448120123597,-1.2999961305054988,0.0749881393687296,-1.3,-1.3,2.0
211.58,-1.2606448120123597,-1.2999961305054988,0.0749881393687296,-1.3,-1.3,2.0
211.592,-1.2606448120123597,-1.2999961305054988,0.0749881393687296,-1.3,-1.3,2.0
211.6,-1.2606448120123597,-1.2999961305054988,0.0749881393687296,-1.3,-1.3,2.0
211.624,-1.2606448120123597,-1.2999961305054988,0.0749881393687296,-1.3,-1.3,2.0
211.633,-1.2606448120123597,-1.2999961305054988,0.0749881393687296,-1.3,-1.3,2.0
211.651,-1.2606448120123597,-1.2999961305054988,0.0749881393687296,-1.3,-1.3,2.0
211.66,-1.2606448120123597,-1.2999961305054988,0.0749881393687296,-1.3,-1.3,2.0
211.685,-1.2606448120123597,-1.2999961305054988,0.0749881393687296,-1.3,-1.3,2.0
211.694,-1.2606448120123597,-1.2999961305054988,0.0749881393687296,-1.3,-1.3,2.0
211.704,-1.2606448120123597,-1.2999961305054988,0.0749881393687296,-1.3,-1.3,2.0
211.71,-1.2606448120123597,-1.2999961305054988,0.0749881393687296,-1.3,-1.3,2.0
211.722,-1.2606448120123597,-1.2999961305054988,0.0749881393687296,-1.3,-1.3,2.0
211.734,-1.2606448120123597,-1.2999961305054988,0.0749881393687296,-1.3,-1.3,2.0
211.74,-1.2606448120123597,-1.2999961305054988,0.0749881393687296,-1.3,-1.3,2.0
211.753,-1.2606448120123597,-1.2999961305054988,0.0749881393687296,-1.3,-1.3,2.0
211.76,-1.2606448120123597,-1.2999961305054988,0.0749881393687296,-1.3,-1.3,2.0
211.774,-1.2606448120123597,-1.2999961305054988,0.0749881393687296,-1.3,-1.3,2.0
211.78,-1.2606448120123597,-1.2999961305054988,0.0749881393687296,-1.3,-1.3,2.0
211.79,-1.2606448120123597,-1.2999961305054988,0.0749881393687296,-1.3,-1.3,2.0
211.8,-1.2606448120123597,-1.2999961305054988,0.0749881393687296,-1.3,-1.3,2.0
211.822,-1.2606448120123597,-1.2999961305054988,0.0749881393687296,-1.3,-1.3,2.0
211.84,-1.2606448120123597,-1.2999961305054988,0.0749881393687296,-1.3,-1.3,2.0
211.842,-1.2606448120123597,-1.2999961305054988,0.0749881393687296,-1.3,-1.3,2.0
211.85,-1.2606448120123597,-1.2999961305054988,0.0749881393687296,-1.3,-1.3,2.0
211.86,-1.2606448120123597,-1.2999961305054988,0.0749881393687296,-1.3,-1.3,2.0
211.872,-1.2606448120123597,-1.2999961305054988,0.0749881393687296,-1.3,-1.3,2.0
211.88,-1.2606448120123597,-1.2999961305054988,0.0749881393687296,-1.3,-1.3,2.0
211.89,-1.2606448120123597,-1.2999961305054988,0.0749881393687296,-1.3,-1.3,2.0
211.906,-1.2606448120123597,-1.2999961305054988,0.0749881393687296,-1.3,-1.3,2.0
211.922,-1.2606448120123597,-1.2999961305054988,0.0749881393687296,-1.3,-1.3,2.0
211.933,-1.2606448120123597,-1.2999961305054988,0.0749881393687296,-1.3,-1.3,2.0
211.951,-1.2606448120123597,-1.2999961305054988,0.0749881393687296,-1.3,-1.3,2.0
211.966,-1.2606448120123597,-1.2999961305054988,0.0749881393687296,-1.3,-1.3,2.0
211.971,-1.2606448120123597,-1.2999961305054988,0.0749881393687296,-1.3,-1.3,2.0
211.986,-1.2606448120123597,-1.2999961305054988,0.0749881393687296,-1.3,-1.3,2.0
211.991,-1.2606448120123597,-1.2999961305054988,0.0749881393687296,-1.3,-1.3,2.0
212.0,-1.2606448120123597,-1.2999961305054988,0.0749881393687296,-1.3,-1.3,2.0
212.023,-1.2606448120123597,-1.2999961305054988,0.0749881393687296,-1.3,-1.3,2.0
212.03,-1.2606448120123597,-1.2999961305054988,0.0749881393687296,-1.3,-1.3,2.0
212.04,-1.2606448120123597,-1.2999961305054988,0.0749881393687296,-1.3,-1.3,2.0
212.053,-1.2606448120123597,-1.2999961305054988,0.0749881393687296,-1.3,-1.3,2.0
212.06,-1.2606448120123597,-1.2999961305054988,0.0749881393687296,-1.3,-1.3,2.0
212.071,-1.2606448120123597,-1.2999961305054988,0.0749881393687296,-1.3,-1.3,2.0
212.084,-1.2606448120123597,-1.2999961305054988,0.0749881393687296,-1.3,-1.3,2.0
212.094,-1.2606448120123597,-1.2999961305054988,0.0749881393687296,-1.3,-1.3,2.0
212.106,-1.2606448120123597,-1.2999961305054988,0.0749881393687296,-1.3,-1.3,2.0
212.116,-1.2606448120123597,-1.2999961305054988,0.0749881393687296,-1.3,-1.3,2.0
212.12,-1.2606448120123597,-1.2999961305054988,0.0749881393687296,-1.3,-1.3,2.0
212.132,-1.2606448120123597,-1.2999961305054988,0.0749881393687296,-1.3,-1.3,2.0
212.14,-1.2606448120123597,-1.2999961305054988,0.0749881393687296,-1.3,-1.3,2.0
212.154,-1.2606448120123597,-1.2999961305054988,0.0749881393687296,-1.3,-1.3,2.0
212.501,-1.2606448120123597,-1.2999961305054988,0.0749881393687296,-1.3,-1.3,2.0
212.522,-1.2606448120123597,-1.2999961305054988,0.0749881393687296,-1.3,-1.3,2.0
212.535,-1.2606448120123597,-1.2999961305054988,0.0749881393687296,-1.3,-1.3,2.0
212.544,-1.2606448120123597,-1.2999961305054988,0.0749881393687296,-1.3,-1.3,2.0
212.555,-1.2606448120123597,-1.2999961305054988,0.0749881393687296,-1.3,-1.3,2.0
212.56,-1.2606448120123597,-1.2999961305054988,0.0749881393687296,-1.3,-1.3,2.0
212.57,-1.2606448120123597,-1.2999961305054988,0.0749881393687296,-1.3,-1.3,2.0
212.581,-1.2606448120123597,-1.2999961305054988,0.0749881393687296,-1.3,-1.3,2.0
212.59,-1.2606448120123597,-1.2999961305054988,0.0749881393687296,-1.3,-1.3,2.0
212.601,-1.2606448120123597,-1.2999961305054988,0.0749881393687296,-1.3,-1.3,2.0
212.613,-1.2606448120123597,-1.2999961305054988,0.0749881393687296,-1.3,-1.3,2.0
212.625,-1.2606448120123597,-1.2999961305054988,0.0749881393687296,-1.3,-1.3,2.0
212.634,-1.2606448120123597,-1.2999961305054988,0.0749881393687296,-1.3,-1.3,2.0
212.64,-1.2606448120123597,-1.2999961305054988,0.0749881393687296,-1.3,-1.3,2.0
212.65,-1.2606448120123597,-1.2999961305054988,0.0749881393687296,-1.3,-1.3,2.0
212.66,-1.2606448120123597,-1.2999961305054988,0.0749881393687296,-1.3,-1.3,2.0
212.67,-1.2606448120123597,-1.2999961305054988,0.0749881393687296,-1.3,-1.3,2.0
212.683,-1.2606448120123597,-1.2999961305054988,0.0749881393687296,-1.3,-1.3,2.0
212.7,-1.2606448120123597,-1.2999961305054988,0.0749881393687296,-1.3,-1.3,2.0
212.701,-1.2606448120123597,-1.2999961305054988,0.0749881393687296,-1.3,-1.3,2.0
212.71,-1.2606448120123597,-1.2999961305054988,0.0749881393687296,-1.3,-1.3,2.0
212.72,-1.2606448120123597,-1.2999961305054988,0.0749881393687296,-1.3,-1.3,2.0
212.735,-1.2606448120123597,-1.2999961305054988,0.0749881393687296,-1.3,-1.3,2.0
212.742,-1.2606448120123597,-1.2999961305054988,0.0749881393687296,-1.3,-1.3,2.0
212.754,-1.2606448120123597,-1.2999961305054988,0.0749881393687296,-1.3,-1.3,2.0
212.76,-1.2606448120123597,-1.2999961305054988,0.0749881393687296,-1.3,-1.3,2.0
212.77,-1.2606448120123597,-1.2999961305054988,0.0749881393687296,-1.3,-1.3,2.0
212.782,-1.2606448120123597,-1.2999961305054988,0.0749881393687296,-1.3,-1.3,2.0
212.798,-1.2606448120123597,-1.2999961305054988,0.0749881393687296,-1.3,-1.3,2.0
212.8,-1.2606448120123597,-1.2999961305054988,0.0749881393687296,-1.3,-1.3,2.0
212.811,-1.2606448120123597,-1.2999961305054988,0.0749881393687296,-1.3,-1.3,2.0
212.832,-1.2606448120123597,-1.2999961305054988,0.0749881393687296,-1.3,-1.3,2.0
212.84,-1.2606448120123597,-1.2999961305054988,0.0749881393687296,-1.3,-1.3,2.0
212.852,-1.2606448120123597,-1.2999961305054988,0.0749881393687296,-1.3,-1.3,2.0
213.168,-1.2606448120123597,-1.2999961305054988,0.0749881393687296,-1.3,-1.3,2.0
213.17,-1.2606448120123597,-1.2999961305054988,0.0749881393687296,-1.3,-1.3,2.0
213.54,-1.2606448120123597,-1.2999961305054988,0.0749881393687296,-1.3,-1.3,2.0
213.56,-1.2606448120123597,-1.2999961305054988,0.0749881393687296,-1.3,-1.3,2.0
213.81,-1.2606448120123597,-1.2999961305054988,0.0749881393687296,-1.3,-1.3,2.0
213.82,-1.2606448120123597,-1.2999961305054988,0.0749881393687296,-1.3,-1.3,2.0
213.83,-1.2606448120123597,-1.2999961305054988,0.0749881393687296,-1.3,-1.3,2.0
213.855,-1.2606448120123597,-1.2999961305054988,0.0749881393687296,-1.3,-1.3,2.0
213.86,-1.2606448120123597,-1.2999961305054988,0.0749881393687296,-1.3,-1.3,2.0
213.892,-1.2606448120123597,-1.2999961305054988,0.0749881393687296,-1.3,-1.3,2.0
213.912,-1.2606448120123597,-1.2999961305054988,0.0749881393687296,-1.3,-1.3,2.0
213.921,-1.2606448120123597,-1.2999961305054988,0.0749881393687296,-1.3,-1.3,2.0
213.93,-1.2606448120123597,-1.2999961305054988,0.0749881393687296,-1.3,-1.3,2.0
213.94,-1.2606448120123597,-1.2999961305054988,0.0749881393687296,-1.3,-1.3,2.0
213.954,-1.2606448120123597,-1.2999961305054988,0.0749881393687296,-1.3,-1.3,2.0
213.96,-1.2606448120123597,-1.2999961305054988,0.0749881393687296,-1.3,-1.3,2.0
213.979,-1.2606448120123597,-1.2999961305054988,0.0749881393687296,-1.3,-1.3,2.0
213.98,-1.2606448120123597,-1.2999961305054988,0.0749881393687296,-1.3,-1.3,2.0
213.993,-1.2606448120123597,-1.2999961305054988,0.0749881393687296,-1.3,-1.3,2.0
214.005,-1.2606448120123597,-1.2999961305054988,0.0749881393687296,-1.3,-1.3,2.0
214.02,-1.2606448120123597,-1.2999961305054988,0.0749881393687296,-1.3,-1.3,2.0
214.02,-1.2606448120123597,-1.2999961305054988,0.0749881393687296,-1.3,-1.3,2.0
214.036,-1.2606448120123597,-1.2999961305054988,0.0749881393687296,-1.3,-1.3,2.0
214.045,-1.2606448120123597,-1.2999961305054988,0.0749881393687296,-1.3,-1.3,2.0
214.05,-1.2606448120123597,-1.2999961305054988,0.0749881393687296,-1.3,-1.3,2.0
214.06,-1.2606448120123597,-1.2999961305054988,0.0749881393687296,-1.3,-1.3,2.0
214.31,-1.2606448120123597,-1.2999961305054988,0.0749881393687296,-1.3,-1.3,2.0
214.329,-1.2606448120123597,-1.2999961305054988,0.0749881393687296,-1.3,-1.3,2.0
214.331,-1.2606448120123597,-1.2999961305054988,0.0749881393687296,-1.3,-1.3,2.0
214.34,-1.2606448120123597,-1.2999961305054988,0.0749881393687296,-1.3,-1.3,2.0
214.359,-1.2606448120123597,-1.2999961305054988,0.0749881393687296,-1.3,-1.3,2.0
214.36,-1.2606448120123597,-1.2999961305054988,0.0749881393687296,-1.3,-1.3,2.0
214.374,-1.2606448120123597,-1.2999961305054988,0.0749881393687296,-1.3,-1.3,2.0
214.38,-1.2606448120123597,-1.2999961305054988,0.0749881393687296,-1.3,-1.3,2.0
214.391,-1.2606448120123597,-1.2999961305054988,0.0749881393687296,-1.3,-1.3,2.0
214.4,-1.2606448120123597,-1.2999961305054988,0.0749881393687296,-1.3,-1.3,2.0
214.415,-1.2606448120123597,-1.2999961305054988,0.0749881393687296,-1.3,-1.3,2.0
214.421,-1.2606448120123597,-1.2999961305054988,0.0749881393687296,-1.3,-1.3,2.0
214.43,-1.2606448120123597,-1.2999961305054988,0.0749881393687296,-1.3,-1.3,2.0
214.447,-1.2606448120123597,-1.2999961305054988,0.0749881393687296,-1.3,-1.3,2.0
214.452,-1.2606448120123597,-1.2999961305054988,0.0749881393687296,-1.3,-1.3,2.0
214.46,-1.2606448120123597,-1.2999961305054988,0.0749881393687296,-1.3,-1.3,2.0
214.47,-1.2606448120123597,-1.2999961305054988,0.0749881393687296,-1.3,-1.3,2.0
214.482,-1.2606448120123597,-1.2999961305054988,0.0749881393687296,-1.3,-1.3,2.0
214.491,-1.2606448120123597,-1.2999961305054988,0.0749881393687296,-1.3,-1.3,2.0
214.507,-1.2606448120123597,-1.2999961305054988,0.0749881393687296,-1.3,-1.3,2.0
214.512,-1.2606448120123597,-1.2999961305054988,0.0749881393687296,-1.3,-1.3,2.0
214.526,-1.2606448120123597,-1.2999961305054988,0.0749881393687296,-1.3,-1.3,2.0
214.531,-1.2606448120123597,-1.2999961305054988,0.0749881393687296,-1.3,-1.3,2.0
214.546,-1.2606448120123597,-1.2999961305054988,0.0749881393687296,-1.3,-1.3,2.0
214.86,-1.2606448120123597,-1.2999961305054988,0.0749881393687296,-1.3,-1.3,2.0
214.882,-1.2606448120123597,-1.2999961305054988,0.0749881393687296,-1.3,-1.3,2.0
215.284,-1.2606448120123597,-1.2999961305054988,0.0749881393687296,-1.3,-1.3,2.0
215.29,-1.2606448120123597,-1.2999961305054988,0.0749881393687296,-1.3,-1.3,2.0
215.646,-1.2606448120123597,-1.2999961305054988,0.0749881393687296,-1.3,-1.3,2.0
215.655,-1.2606448120123597,-1.2999961305054988,0.0749881393687296,-1.3,-1.3,2.0
216.12,-1.2606448120123597,-1.2999961305054988,0.0749881393687296,-1.3,-1.3,2.0
216.137,-1.2606448120123597,-1.2999961305054988,0.0749881393687296,-1.3,-1.3,2.0
216.56,-1.2606448120123597,-1.2999961305054988,0.0749881393687296,-1.3,-1.3,2.0
216.577,-1.2606448120123597,-1.2999961305054988,0.0749881393687296,-1.3,-1.3,2.0
216.9,-1.2606448120123597,-1.2999961305054988,0.0749881393687296,-1.3,-1.3,2.0
216.914,-1.2606448120123597,-1.2999961305054988,0.0749881393687296,-1.3,-1.3,2.0
217.26,-1.2606448120123597,-1.2999961305054988,0.0749881393687296,-1.3,-1.3,2.0
217.275,-1.2606448120123597,-1.2999961305054988,0.0749881393687296,-1.3,-1.3,2.0
217.602,-1.2606448120123597,-1.2999961305054988,0.0749881393687296,-1.3,-1.3,2.0
217.611,-1.2606448120123597,-1.2999961305054988,0.0749881393687296,-1.3,-1.3,2.0
217.93,-1.2606448120123597,-1.2999961305054988,0.0749881393687296,-1.3,-1.3,2.0
217.944,-1.2606448120123597,-1.2999961305054988,0.0749881393687296,-1.3,-1.3,2.0
218.33,-1.2606448120123597,-1.2999961305054988,0.0749881393687296,-1.3,-1.3,2.0
218.341,-1.2606448120123597,-1.2999961305054988,0.0749881393687296,-1.3,-1.3,2.0
218.355,-1.2606448120123597,-1.2999961305054988,0.0749881393687296,-1.3,-1.3,2.0
218.36,-1.2606448120123597,-1.2999961305054988,0.0749881393687296,-1.3,-1.3,2.0
218.374,-1.2606448120123597,-1.2999961305054988,0.0749881393687296,-1.3,-1.3,2.0
218.382,-1.2606448120123597,-1.2999961305054988,0.0749881393687296,-1.3,-1.3,2.0
218.392,-1.2606448120123597,-1.2999961305054988,0.0749881393687296,-1.3,-1.3,2.0
218.403,-1.2606448120123597,-1.2999961305054988,0.0749881393687296,-1.3,-1.3,2.0
218.41,-1.2606448120123597,-1.2999961305054988,0.0749881393687296,-1.3,-1.3,2.0
218.426,-1.2606448120123597,-1.2999961305054988,0.0749881393687296,-1.3,-1.3,2.0
218.434,-1.2606448120123597,-1.2999961305054988,0.0749881393687296,-1.3,-1.3,2.0
218.447,-1.2606448120123597,-1.2999961305054988,0.0749881393687296,-1.3,-1.3,2.0
218.45,-1.2606448120123597,-1.2999961305054988,0.0749881393687296,-1.3,-1.3,2.0
218.46,-1.2606448120123597,-1.2999961305054988,0.0749881393687296,-1.3,-1.3,2.0
218.473,-1.2606448120123597,-1.2999961305054988,0.0749881393687296,-1.3,-1.3,2.0
218.48,-1.2606448120123597,-1.2999961305054988,0.0749881393687296,-1.3,-1.3,2.0
218.49,-1.2606448120123597,-1.2999961305054988,0.0749881393687296,-1.3,-1.3,2.0
218.502,-1.2606448120123597,-1.2999961305054988,0.0749881393687296,-1.3,-1.3,2.0
218.51,-1.2606448120123597,-1.2999961305054988,0.0749881393687296,-1.3,-1.3,2.0
218.52,-1.2606448120123597,-1.2999961305054988,0.0749881393687296,-1.3,-1.3,2.0
218.531,-1.2606448120123597,-1.2999961305054988,0.0749881393687296,-1.3,-1.3,2.0
218.541,-1.2606448120123597,-1.2999961305054988,0.0749881393687296,-1.3,-1.3,2.0
218.55,-1.2606448120123597,-1.2999961305054988,0.0749881393687296,-1.3,-1.3,2.0
218.56,-1.2606448120123597,-1.2999961305054988,0.0749881393687296,-1.3,-1.3,2.0
218.577,-1.2606448120123597,-1.2999961305054988,0.0749881393687296,-1.3,-1.3,2.0
218.581,-1.2606448120123597,-1.2999961305054988,0.0749881393687296,-1.3,-1.3,2.0
218.594,-1.2606448120123597,-1.2999961305054988,0.0749881393687296,-1.3,-1.3,2.0
218.607,-1.2606448120123597,-1.2999961305054988,0.0749881393687296,-1.3,-1.3,2.0
218.617,-1.2606448120123597,-1.2999961305054988,0.0749881393687296,-1.3,-1.3,2.0
218.625,-1.2606448120123597,-1.2999961305054988,0.0749881393687296,-1.3,-1.3,2.0
218.634,-1.2606448120123597,-1.2999961305054988,0.0749881393687296,-1.3,-1.3,2.0
218.653,-1.2606448120123597,-1.2999961305054988,0.0749881393687296,-1.3,-1.3,2.0
218.991,-1.2606448120123597,-1.2999961305054988,0.0749881393687296,-1.3,-1.3,2.0
219.001,-1.2606448120123597,-1.2999961305054988,0.0749881393687296,-1.3,-1.3,2.0
219.01,-1.2606448120123597,-1.2999961305054988,0.0749881393687296,-1.3,-1.3,2.0
219.021,-1.2606448120123597,-1.2999961305054988,0.0749881393687296,-1.3,-1.3,2.0
219.037,-1.2606448120123597,-1.2999961305054988,0.0749881393687296,-1.3,-1.3,2.0
219.041,-1.2606448120123597,-1.2999961305054988,0.0749881393687296,-1.3,-1.3,2.0
219.06,-1.2606448120123597,-1.2999961305054988,0.0749881393687296,-1.3,-1.3,2.0
219.06,-1.2606448120123597,-1.2999961305054988,0.0749881393687296,-1.3,-1.3,2.0
219.071,-1.2606448120123597,-1.2999961305054988,0.0749881393687296,-1.3,-1.3,2.0
219.082,-1.2606448120123597,-1.2999961305054988,0.0749881393687296,-1.3,-1.3,2.0
219.091,-1.2606448120123597,-1.2999961305054988,0.0749881393687296,-1.3,-1.3,2.0
219.102,-1.2606448120123597,-1.2999961305054988,0.0749881393687296,-1.3,-1.3,2.0
219.11,-1.2606448120123597,-1.2999961305054988,0.0749881393687296,-1.3,-1.3,2.0
219.122,-1.2606448120123597,-1.2999961305054988,0.0749881393687296,-1.3,-1.3,2.0
219.15,-1.2606448120123597,-1.2999961305054988,0.0749881393687296,-1.3,-1.3,2.0
219.15,-1.2606448120123597,-1.2999961305054988,0.0749881393687296,-1.3,-1.3,2.0
219.51,-1.2606448120123597,-1.2999961305054988,0.0749881393687296,-1.3,-1.3,2.0
219.524,-1.2606448120123597,-1.2999961305054988,0.0749881393687296,-1.3,-1.3,2.0
219.53,-1.2606448120123597,-1.2999961305054988,0.0749881393687296,-1.3,-1.3,2.0
219.544,-1.2606448120123597,-1.2999961305054988,0.0749881393687296,-1.3,-1.3,2.0
219.554,-1.2606448120123597,-1.2999961305054988,0.0749881393687296,-1.3,-1.3,2.0
219.56,-1.2606448120123597,-1.2999961305054988,0.0749881393687296,-1.3,-1.3,2.0
219.57,-1.2606448120123597,-1.2999961305054988,0.0749881393687296,-1.3,-1.3,2.0
219.585,-1.2606448120123597,-1.2999961305054988,0.0749881393687296,-1.3,-1.3,2.0
219.597,-1.2606448120123597,-1.2999961305054988,0.0749881393687296,-1.3,-1.3,2.0
219.611,-1.2606448120123597,-1.2999961305054988,0.0749881393687296,-1.3,-1.3,2.0
219.62,-1.2606448120123597,-1.2999961305054988,0.0749881393687296,-1.3,-1.3,2.0
219.63,-1.2606448120123597,-1.2999961305054988,0.0749881393687296,-1.3,-1.3,2.0
219.64,-1.2606448120123597,-1.2999961305054988,0.0749881393687296,-1.3,-1.3,2.0
219.654,-1.2606448120123597,-1.2999961305054988,0.0749881393687296,-1.3,-1.3,2.0
219.892,-1.2606448120123597,-1.2999961305054988,0.0749881393687296,-1.3,-1.3,2.0
219.906,-1.2606448120123597,-1.2999961305054988,0.0749881393687296,-1.3,-1.3,2.0
219.914,-1.2606448120123597,-1.2999961305054988,0.0749881393687296,-1.3,-1.3,2.0
219.921,-1.2606448120123597,-1.2999961305054988,0.0749881393687296,-1.3,-1.3,2.0
219.941,-1.2606448120123597,-1.2999961305054988,0.0749881393687296,-1.3,-1.3,2.0
219.95,-1.2606448120123597,-1.2999961305054988,0.0749881393687296,-1.3,-1.3,2.0
219.96,-1.2606448120123597,-1.2999961305054988,0.0749881393687296,-1.3,-1.3,2.0
219.971,-1.2606448120123597,-1.2999961305054988,0.0749881393687296,-1.3,-1.3,2.0
219.991,-1.2606448120123597,-1.2999961305054988,0.0749881393687296,-1.3,-1.3,2.0
220.004,-1.2606448120123597,-1.2999961305054988,0.0749881393687296,-1.3,-1.3,2.0
220.021,-1.2606448120123597,-1.2999961305054988,0.0749881393687296,-1.3,-1.3,2.0
220.03,-1.2606448120123597,-1.2999961305054988,0.0749881393687296,-1.3,-1.3,2.0
220.045,-1.2606448120123597,-1.2999961305054988,0.0749881393687296,-1.3,-1.3,2.0
220.058,-1.2606448120123597,-1.2999961305054988,0.0749881393687296,-1.3,-1.3,2.0
220.06,-1.2606448120123597,-1.2999961305054988,0.0749881393687296,-1.3,-1.3,2.0
220.071,-1.2606448120123597,-1.2999961305054988,0.0749881393687296,-1.3,-1.3,2.0
220.101,-1.2606448120123597,-1.2999961305054988,0.0749881393687296,-1.3,-1.3,2.0
220.11,-1.2606448120123597,-1.2999961305054988,0.0749881393687296,-1.3,-1.3,2.0
220.12,-1.2606448120123597,-1.2999961305054988,0.0749881393687296,-1.3,-1.3,2.0
220.137,-1.2606448120123597,-1.2999961305054988,0.0749881393687296,-1.3,-1.3,2.0
220.146,-1.2606448120123597,-1.2999961305054988,0.0749881393687296,-1.3,-1.3,2.0
220.15,-1.2606448120123597,-1.2999961305054988,0.0749881393687296,-1.3,-1.3,2.0
220.44,-1.2606448120123597,-1.2999961305054988,0.0749881393687296,-1.3,-1.3,2.0
220.46,-1.2606448120123597,-1.2999961305054988,0.0749881393687296,-1.3,-1.3,2.0
220.46,-1.2606448120123597,-1.2999961305054988,0.0749881393687296,-1.3,-1.3,2.0
220.471,-1.2606448120123597,-1.2999961305054988,0.0749881393687296,-1.3,-1.3,2.0
220.48,-1.2606448120123597,-1.2999961305054988,0.0749881393687296,-1.3,-1.3,2.0
220.49,-1.2606448120123597,-1.2999961305054988,0.0749881393687296,-1.3,-1.3,2.0
220.501,-1.2606448120123597,-1.2999961305054988,0.0749881393687296,-1.3,-1.3,2.0
220.51,-1.2606448120123597,-1.2999961305054988,0.0749881393687296,-1.3,-1.3,2.0
220.52,-1.2606448120123597,-1.2999961305054988,0.0749881393687296,-1.3,-1.3,2.0
220.531,-1.2606448120123597,-1.2999961305054988,0.0749881393687296,-1.3,-1.3,2.0
220.544,-1.2606448120123597,-1.2999961305054988,0.0749881393687296,-1.3,-1.3,2.0
220.554,-1.2606448120123597,-1.2999961305054988,0.0749881393687296,-1.3,-1.3,2.0
220.56,-1.2606448120123597,-1.2999961305054988,0.0749881393687296,-1.3,-1.3,2.0
220.603,-1.2606448120123597,-1.2999961305054988,0.0749881393687296,-1.3,-1.3,2.0
220.611,-1.2606448120123597,-1.2999961305054988,0.0749881393687296,-1.3,-1.3,2.0
220.62,-1.2606448120123597,-1.2999961305054988,0.0749881393687296,-1.3,-1.3,2.0
220.634,-1.2606448120123597,-1.2999961305054988,0.0749881393687296,-1.3,-1.3,2.0
220.642,-1.2606448120123597,-1.2999961305054988,0.0749881393687296,-1.3,-1.3,2.0
220.657,-1.2606448120123597,-1.2999961305054988,0.0749881393687296,-1.3,-1.3,2.0
220.66,-1.2606448120123597,-1.2999961305054988,0.0749881393687296,-1.3,-1.3,2.0
220.68,-1.2606448120123597,-1.2999961305054988,0.0749881393687296,-1.3,-1.3,2.0
220.685,-1.2606448120123597,-1.2999961305054988,0.0749881393687296,-1.3,-1.3,2.0
220.69,-1.2606448120123597,-1.2999961305054988,0.0749881393687296,-1.3,-1.3,2.0
220.702,-1.2606448120123597,-1.2999961305054988,0.0749881393687296,-1.3,-1.3,2.0
220.713,-1.2606448120123597,-1.2999961305054988,0.0749881393687296,-1.3,-1.3,2.0
220.729,-1.2606448120123597,-1.2999961305054988,0.0749881393687296,-1.3,-1.3,2.0
220.731,-1.2606448120123597,-1.2999961305054988,0.0749881393687296,-1.3,-1.3,2.0
220.745,-1.2606448120123597,-1.2999961305054988,0.0749881393687296,-1.3,-1.3,2.0
220.752,-1.2606448120123597,-1.2999961305054988,0.0749881393687296,-1.3,-1.3,2.0
220.76,-1.2606448120123597,-1.2999961305054988,0.0749881393687296,-1.3,-1.3,2.0
220.772,-1.2606448120123597,-1.2999961305054988,0.0749881393687296,-1.3,-1.3,2.0
220.78,-1.2606448120123597,-1.2999961305054988,0.0749881393687296,-1.3,-1.3,2.0
220.791,-1.2606448120123597,-1.2999961305054988,0.0749881393687296,-1.3,-1.3,2.0
220.8,-1.2606448120123597,-1.2999961305054988,0.0749881393687296,-1.3,-1.3,2.0
220.816,-1.2606448120123597,-1.2999961305054988,0.0749881393687296,-1.3,-1.3,2.0
220.829,-1.2606448120123597,-1.2999961305054988,0.0749881393687296,-1.3,-1.3,2.0
220.83,-1.2606448120123597,-1.2999961305054988,0.0749881393687296,-1.3,-1.3,2.0
220.841,-1.2606448120123597,-1.2999961305054988,0.0749881393687296,-1.3,-1.3,2.0
220.851,-1.2606448120123597,-1.2999961305054988,0.0749881393687296,-1.3,-1.3,2.0
220.86,-1.2606448120123597,-1.2999961305054988,0.0749881393687296,-1.3,-1.3,2.0
220.876,-1.2606448120123597,-1.2999961305054988,0.0749881393687296,-1.3,-1.3,2.0
220.88,-1.2606448120123597,-1.2999961305054988,0.0749881393687296,-1.3,-1.3,2.0
220.89,-1.2606448120123597,-1.2999961305054988,0.0749881393687296,-1.3,-1.3,2.0
220.902,-1.2606448120123597,-1.2999961305054988,0.0749881393687296,-1.3,-1.3,2.0
220.914,-1.2606448120123597,-1.2999961305054988,0.0749881393687296,-1.3,-1.3,2.0
220.926,-1.2606448120123597,-1.2999961305054988,0.0749881393687296,-1.3,-1.3,2.0
220.931,-1.2606448120123597,-1.2999961305054988,0.0749881393687296,-1.3,-1.3,2.0
220.948,-1.2606448120123597,-1.2999961305054988,0.0749881393687296,-1.3,-1.3,2.0
220.95,-1.2606448120123597,-1.2999961305054988,0.0749881393687296,-1.3,-1.3,2.0
220.96,-1.2606448120123597,-1.2999961305054988,0.0749881393687296,-1.3,-1.3,2.0
220.972,-1.2606448120123597,-1.2999961305054988,0.0749881393687296,-1.3,-1.3,2.0
220.98,-1.2606448120123597,-1.2999961305054988,0.0749881393687296,-1.3,-1.3,2.0
220.995,-1.2606448120123597,-1.2999961305054988,0.0749881393687296,-1.3,-1.3,2.0
221.003,-1.2606448120123597,-1.2999961305054988,0.0749881393687296,-1.3,-1.3,2.0
221.013,-1.2606448120123597,-1.2999961305054988,0.0749881393687296,-1.3,-1.3,2.0
221.023,-1.2606448120123597,-1.2999961305054988,0.0749881393687296,-1.3,-1.3,2.0
221.03,-1.2606448120123597,-1.2999961305054988,0.0749881393687296,-1.3,-1.3,2.0
221.04,-1.2606448120123597,-1.2999961305054988,0.0749881393687296,-1.3,-1.3,2.0
221.35,-1.2606448120123597,-1.2999961305054988,0.0749881393687296,-1.3,-1.3,2.0
221.36,-1.2606448120123597,-1.2999961305054988,0.0749881393687296,-1.3,-1.3,2.0
221.37,-1.2606448120123597,-1.2999961305054988,0.0749881393687296,-1.3,-1.3,2.0
221.381,-1.2606448120123597,-1.2999961305054988,0.0749881393687296,-1.3,-1.3,2.0
221.392,-1.2606448120123597,-1.2999961305054988,0.0749881393687296,-1.3,-1.3,2.0
221.404,-1.2606448120123597,-1.2999961305054988,0.0749881393687296,-1.3,-1.3,2.0
221.418,-1.2606448120123597,-1.2999961305054988,0.0749881393687296,-1.3,-1.3,2.0
221.42,-1.2606448120123597,-1.2999961305054988,0.0749881393687296,-1.3,-1.3,2.0
221.431,-1.2606448120123597,-1.2999961305054988,0.0749881393687296,-1.3,-1.3,2.0
221.458,-1.2606448120123597,-1.2999961305054988,0.0749881393687296,-1.3,-1.3,2.0
221.728,-1.2606448120123597,-1.2999961305054988,0.0749881393687296,-1.3,-1.3,2.0
221.73,-1.2606448120123597,-1.2999961305054988,0.0749881393687296,-1.3,-1.3,2.0
221.742,-1.2606448120123597,-1.2999961305054988,0.0749881393687296,-1.3,-1.3,2.0
221.751,-1.2606448120123597,-1.2999961305054988,0.0749881393687296,-1.3,-1.3,2.0
221.76,-1.2606448120123597,-1.2999961305054988,0.0749881393687296,-1.3,-1.3,2.0
221.77,-1.2606448120123597,-1.2999961305054988,0.0749881393687296,-1.3,-1.3,2.0
221.783,-1.2606448120123597,-1.2999961305054988,0.0749881393687296,-1.3,-1.3,2.0
221.795,-1.2606448120123597,-1.2999961305054988,0.0749881393687296,-1.3,-1.3,2.0
221.823,-1.2606448120123597,-1.2999961305054988,0.0749881393687296,-1.3,-1.3,2.0
221.831,-1.2606448120123597,-1.2999961305054988,0.0749881393687296,-1.3,-1.3,2.0
221.851,-1.2606448120123597,-1.2999961305054988,0.0749881393687296,-1.3,-1.3,2.0
221.86,-1.2606448120123597,-1.2999961305054988,0.0749881393687296,-1.3,-1.3,2.0
222.16,-1.2606448120123597,-1.2999961305054988,0.0749881393687296,-1.3,-1.3,2.0
222.16,-1.2606448120123597,-1.2999961305054988,0.0749881393687296,-1.3,-1.3,2.0
222.17,-1.2606448120123597,-1.2999961305054988,0.0749881393687296,-1.3,-1.3,2.0
222.181,-1.2606448120123597,-1.2999961305054988,0.0749881393687296,-1.3,-1.3,2.0
222.198,-1.2606448120123597,-1.2999961305054988,0.0749881393687296,-1.3,-1.3,2.0
222.205,-1.2606448120123597,-1.2999961305054988,0.0749881393687296,-1.3,-1.3,2.0
222.215,-1.2606448120123597,-1.2999961305054988,0.0749881393687296,-1.3,-1.3,2.0
222.22,-1.2606448120123597,-1.2999961305054988,0.0749881393687296,-1.3,-1.3,2.0
222.237,-1.2606448120123597,-1.2999961305054988,0.0749881393687296,-1.3,-1.3,2.0
222.24,-1.2606448120123597,-1.2999961305054988,0.0749881393687296,-1.3,-1.3,2.0
222.255,-1.2606448120123597,-1.2999961305054988,0.0749881393687296,-1.3,-1.3,2.0
222.26,-1.2606448120123597,-1.2999961305054988,0.0749881393687296,-1.3,-1.3,2.0
222.27,-1.2606448120123597,-1.2999961305054988,0.0749881393687296,-1.3,-1.3,2.0
222.281,-1.2606448120123597,-1.2999961305054988,0.0749881393687296,-1.3,-1.3,2.0
222.29,-1.2606448120123597,-1.2999961305054988,0.0749881393687296,-1.3,-1.3,2.0
222.312,-1.2606448120123597,-1.2999961305054988,0.0749881393687296,-1.3,-1.3,2.0
222.325,-1.2606448120123597,-1.2999961305054988,0.0749881393687296,-1.3,-1.3,2.0
222.337,-1.2606448120123597,-1.2999961305054988,0.0749881393687296,-1.3,-1.3,2.0
222.352,-1.2606448120123597,-1.2999961305054988,0.0749881393687296,-1.3,-1.3,2.0
222.36,-1.2606448120123597,-1.2999961305054988,0.0749881393687296,-1.3,-1.3,2.0
222.371,-1.2606448120123597,-1.2999961305054988,0.0749881393687296,-1.3,-1.3,2.0
222.385,-1.2606448120123597,-1.2999961305054988,0.0749881393687296,-1.3,-1.3,2.0
222.393,-1.2606448120123597,-1.2999961305054988,0.0749881393687296,-1.3,-1.3,2.0
222.402,-1.2606448120123597,-1.2999961305054988,0.0749881393687296,-1.3,-1.3,2.0
222.418,-1.2606448120123597,-1.2999961305054988,0.0749881393687296,-1.3,-1.3,2.0
222.425,-1.2606448120123597,-1.2999961305054988,0.0749881393687296,-1.3,-1.3,2.0
222.43,-1.2606448120123597,-1.2999961305054988,0.0749881393687296,-1.3,-1.3,2.0
222.448,-1.2606448120123597,-1.2999961305054988,0.0749881393687296,-1.3,-1.3,2.0
222.451,-1.2606448120123597,-1.2999961305054988,0.0749881393687296,-1.3,-1.3,2.0
222.46,-1.2606448120123597,-1.2999961305054988,0.0749881393687296,-1.3,-1.3,2.0
222.477,-1.2606448120123597,-1.2999961305054988,0.0749881393687296,-1.3,-1.3,2.0
222.484,-1.2606448120123597,-1.2999961305054988,0.0749881393687296,-1.3,-1.3,2.0
222.511,-1.2606448120123597,-1.2999961305054988,0.0749881393687296,-1.3,-1.3,2.0
222.52,-1.2606448120123597,-1.2999961305054988,0.0749881393687296,-1.3,-1.3,2.0
222.533,-1.2606448120123597,-1.2999961305054988,0.0749881393687296,-1.3,-1.3,2.0
222.54,-1.2606448120123597,-1.2999961305054988,0.0749881393687296,-1.3,-1.3,2.0
222.55,-1.2606448120123597,-1.2999961305054988,0.0749881393687296,-1.3,-1.3,2.0
222.56,-1.2606448120123597,-1.2999961305054988,0.0749881393687296,-1.3,-1.3,2.0
222.571,-1.2606448120123597,-1.2999961305054988,0.0749881393687296,-1.3,-1.3,2.0
222.587,-1.2606448120123597,-1.2999961305054988,0.0749881393687296,-1.3,-1.3,2.0
222.592,-1.2606448120123597,-1.2999961305054988,0.0749881393687296,-1.3,-1.3,2.0
222.606,-1.2606448120123597,-1.2999961305054988,0.0749881393687296,-1.3,-1.3,2.0
222.61,-1.2606448120123597,-1.2999961305054988,0.0749881393687296,-1.3,-1.3,2.0
222.624,-1.2606448120123597,-1.2999961305054988,0.0749881393687296,-1.3,-1.3,2.0
222.631,-1.2606448120123597,-1.2999961305054988,0.0749881393687296,-1.3,-1.3,2.0
222.64,-1.2606448120123597,-1.2999961305054988,0.0749881393687296,-1.3,-1.3,2.0
222.65,-1.2606448120123597,-1.2999961305054988,0.0749881393687296,-1.3,-1.3,2.0
222.66,-1.2606448120123597,-1.2999961305054988,0.0749881393687296,-1.3,-1.3,2.0
222.674,-1.2606448120123597,-1.2999961305054988,0.0749881393687296,-1.3,-1.3,2.0
222.685,-1.2606448120123597,-1.2999961305054988,0.0749881393687296,-1.3,-1.3,2.0
222.696,-1.2606448120123597,-1.2999961305054988,0.0749881393687296,-1.3,-1.3,2.0
222.706,-1.2606448120123597,-1.2999961305054988,0.0749881393687296,-1.3,-1.3,2.0
222.71,-1.2606448120123597,-1.2999961305054988,0.0749881393687296,-1.3,-1.3,2.0
222.72,-1.2606448120123597,-1.2999961305054988,0.0749881393687296,-1.3,-1.3,2.0
222.74,-1.2606448120123597,-1.2999961305054988,0.0749881393687296,-1.3,-1.3,2.0
222.74,-1.2606448120123597,-1.2999961305054988,0.0749881393687296,-1.3,-1.3,2.0
222.751,-1.2606448120123597,-1.2999961305054988,0.0749881393687296,-1.3,-1.3,2.0
222.76,-1.2606448120123597,-1.2999961305054988,0.0749881393687296,-1.3,-1.3,2.0
222.772,-1.2606448120123597,-1.2999961305054988,0.0749881393687296,-1.3,-1.3,2.0
222.78,-1.2606448120123597,-1.2999961305054988,0.0749881393687296,-1.3,-1.3,2.0
222.801,-1.2606448120123597,-1.2999961305054988,0.0749881393687296,-1.3,-1.3,2.0
222.81,-1.2606448120123597,-1.2999961305054988,0.0749881393687296,-1.3,-1.3,2.0
222.82,-1.2606448120123597,-1.2999961305054988,0.0749881393687296,-1.3,-1.3,2.0
222.831,-1.2606448120123597,-1.2999961305054988,0.0749881393687296,-1.3,-1.3,2.0
222.848,-1.2606448120123597,-1.2999961305054988,0.0749881393687296,-1.3,-1.3,2.0
222.851,-1.2606448120123597,-1.2999961305054988,0.0749881393687296,-1.3,-1.3,2.0
223.18,-1.2606448120123597,-1.2999961305054988,0.0749881393687296,-1.3,-1.3,2.0
223.211,-1.2606448120123597,-1.2999961305054988,0.0749881393687296,-1.3,-1.3,2.0
223.226,-1.2606448120123597,-1.2999961305054988,0.0749881393687296,-1.3,-1.3,2.0
223.236,-1.2606448120123597,-1.2999961305054988,0.0749881393687296,-1.3,-1.3,2.0
223.24,-1.2606448120123597,-1.2999961305054988,0.0749881393687296,-1.3,-1.3,2.0
223.253,-1.2606448120123597,-1.2999961305054988,0.0749881393687296,-1.3,-1.3,2.0
223.26,-1.2606448120123597,-1.2999961305054988,0.0749881393687296,-1.3,-1.3,2.0
223.273,-1.2606448120123597,-1.2999961305054988,0.0749881393687296,-1.3,-1.3,2.0
223.28,-1.2606448120123597,-1.2999961305054988,0.0749881393687296,-1.3,-1.3,2.0
223.29,-1.2606448120123597,-1.2999961305054988,0.0749881393687296,-1.3,-1.3,2.0
223.3,-1.2606448120123597,-1.2999961305054988,0.0749881393687296,-1.3,-1.3,2.0
223.314,-1.2606448120123597,-1.2999961305054988,0.0749881393687296,-1.3,-1.3,2.0
223.326,-1.2606448120123597,-1.2999961305054988,0.0749881393687296,-1.3,-1.3,2.0
223.34,-1.2606448120123597,-1.2999961305054988,0.0749881393687296,-1.3,-1.3,2.0
223.34,-1.2606448120123597,-1.2999961305054988,0.0749881393687296,-1.3,-1.3,2.0
223.353,-1.2606448120123597,-1.2999961305054988,0.0749881393687296,-1.3,-1.3,2.0
223.56,-1.2606448120123597,-1.2999961305054988,0.0749881393687296,-1.3,-1.3,2.0
223.57,-1.2606448120123597,-1.2999961305054988,0.0749881393687296,-1.3,-1.3,2.0
223.854,-1.2606448120123597,-1.2999961305054988,0.0749881393687296,-1.3,-1.3,2.0
223.86,-1.2606448120123597,-1.2999961305054988,0.0749881393687296,-1.3,-1.3,2.0
224.201,-1.2606448120123597,-1.2999961305054988,0.0749881393687296,-1.3,-1.3,2.0
224.21,-1.2606448120123597,-1.2999961305054988,0.0749881393687296,-1.3,-1.3,2.0
224.594,-1.2606448120123597,-1.2999961305054988,0.0749881393687296,-1.3,-1.3,2.0
224.6,-1.2606448120123597,-1.2999961305054988,0.0749881393687296,-1.3,-1.3,2.0
225.06,-1.2606448120123597,-1.2999961305054988,0.0749881393687296,-1.3,-1.3,2.0
225.071,-1.2606448120123597,-1.2999961305054988,0.0749881393687296,-1.3,-1.3,2.0
225.423,-1.2606448120123597,-1.2999961305054988,0.0749881393687296,-1.3,-1.3,2.0
225.434,-1.2606448120123597,-1.2999961305054988,0.0749881393687296,-1.3,-1.3,2.0
225.453,-1.2606448120123597,-1.2999961305054988,0.0749881393687296,-1.3,-1.3,2.0
225.46,-1.2606448120123597,-1.2999961305054988,0.0749881393687296,-1.3,-1.3,2.0
225.478,-1.2606448120123597,-1.2999961305054988,0.0749881393687296,-1.3,-1.3,2.0
225.483,-1.2606448120123597,-1.2999961305054988,0.0749881393687296,-1.3,-1.3,2.0
225.496,-1.2606448120123597,-1.2999961305054988,0.0749881393687296,-1.3,-1.3,2.0
225.502,-1.2606448120123597,-1.2999961305054988,0.0749881393687296,-1.3,-1.3,2.0
225.514,-1.2606448120123597,-1.2999961305054988,0.0749881393687296,-1.3,-1.3,2.0
225.526,-1.2606448120123597,-1.2999961305054988,0.0749881393687296,-1.3,-1.3,2.0
225.537,-1.2606448120123597,-1.2999961305054988,0.0749881393687296,-1.3,-1.3,2.0
225.546,-1.2606448120123597,-1.2999961305054988,0.0749881393687296,-1.3,-1.3,2.0
225.559,-1.2606448120123597,-1.2999961305054988,0.0749881393687296,-1.3,-1.3,2.0
225.56,-1.2606448120123597,-1.2999961305054988,0.0749881393687296,-1.3,-1.3,2.0
225.57,-1.2606448120123597,-1.2999961305054988,0.0749881393687296,-1.3,-1.3,2.0
225.585,-1.2606448120123597,-1.2999961305054988,0.0749881393687296,-1.3,-1.3,2.0
225.594,-1.2606448120123597,-1.2999961305054988,0.0749881393687296,-1.3,-1.3,2.0
225.603,-1.2606448120123597,-1.2999961305054988,0.0749881393687296,-1.3,-1.3,2.0
225.61,-1.2606448120123597,-1.2999961305054988,0.0749881393687296,-1.3,-1.3,2.0
225.632,-1.2606448120123597,-1.2999961305054988,0.0749881393687296,-1.3,-1.3,2.0
225.642,-1.2606448120123597,-1.2999961305054988,0.0749881393687296,-1.3,-1.3,2.0
225.65,-1.2606448120123597,-1.2999961305054988,0.0749881393687296,-1.3,-1.3,2.0
225.91,-1.2606448120123597,-1.2999961305054988,0.0749881393687296,-1.3,-1.3,2.0
225.936,-1.2606448120123597,-1.2999961305054988,0.0749881393687296,-1.3,-1.3,2.0
225.943,-1.2606448120123597,-1.2999961305054988,0.0749881393687296,-1.3,-1.3,2.0
225.95,-1.2606448120123597,-1.2999961305054988,0.0749881393687296,-1.3,-1.3,2.0
225.96,-1.2606448120123597,-1.2999961305054988,0.0749881393687296,-1.3,-1.3,2.0
225.97,-1.2606448120123597,-1.2999961305054988,0.0749881393687296,-1.3,-1.3,2.0
225.981,-1.2606448120123597,-1.2999961305054988,0.0749881393687296,-1.3,-1.3,2.0
225.994,-1.2606448120123597,-1.2999961305054988,0.0749881393687296,-1.3,-1.3,2.0
226.014,-1.2606448120123597,-1.2999961305054988,0.0749881393687296,-1.3,-1.3,2.0
226.02,-1.2606448120123597,-1.2999961305054988,0.0749881393687296,-1.3,-1.3,2.0
226.042,-1.2606448120123597,-1.2999961305054988,0.0749881393687296,-1.3,-1.3,2.0
226.051,-1.2606448120123597,-1.2999961305054988,0.0749881393687296,-1.3,-1.3,2.0
226.351,-1.2606448120123597,-1.2999961305054988,0.0749881393687296,-1.3,-1.3,2.0
226.369,-1.2606448120123597,-1.2999961305054988,0.0749881393687296,-1.3,-1.3,2.0
226.37,-1.2606448120123597,-1.2999961305054988,0.0749881393687296,-1.3,-1.3,2.0
226.384,-1.2606448120123597,-1.2999961305054988,0.0749881393687296,-1.3,-1.3,2.0
226.414,-1.2606448120123597,-1.2999961305054988,0.0749881393687296,-1.3,-1.3,2.0
226.422,-1.2606448120123597,-1.2999961305054988,0.0749881393687296,-1.3,-1.3,2.0
226.435,-1.2606448120123597,-1.2999961305054988,0.0749881393687296,-1.3,-1.3,2.0
226.441,-1.2606448120123597,-1.2999961305054988,0.0749881393687296,-1.3,-1.3,2.0
226.454,-1.2606448120123597,-1.2999961305054988,0.0749881393687296,-1.3,-1.3,2.0
226.472,-1.2606448120123597,-1.2999961305054988,0.0749881393687296,-1.3,-1.3,2.0
226.482,-1.2606448120123597,-1.2999961305054988,0.0749881393687296,-1.3,-1.3,2.0
226.494,-1.2606448120123597,-1.2999961305054988,0.0749881393687296,-1.3,-1.3,2.0
226.5,-1.2606448120123597,-1.2999961305054988,0.0749881393687296,-1.3,-1.3,2.0
226.518,-1.2606448120123597,-1.2999961305054988,0.0749881393687296,-1.3,-1.3,2.0
226.537,-1.2606448120123597,-1.2999961305054988,0.0749881393687296,-1.3,-1.3,2.0
226.545,-1.2606448120123597,-1.2999961305054988,0.0749881393687296,-1.3,-1.3,2.0
226.552,-1.2606448120123597,-1.2999961305054988,0.0749881393687296,-1.3,-1.3,2.0
226.56,-1.2606448120123597,-1.2999961305054988,0.0749881393687296,-1.3,-1.3,2.0
226.57,-1.2606448120123597,-1.2999961305054988,0.0749881393687296,-1.3,-1.3,2.0
226.58,-1.2606448120123597,-1.2999961305054988,0.0749881393687296,-1.3,-1.3,2.0
226.593,-1.2606448120123597,-1.2999961305054988,0.0749881393687296,-1.3,-1.3,2.0
226.608,-1.2606448120123597,-1.2999961305054988,0.0749881393687296,-1.3,-1.3,2.0
226.617,-1.2606448120123597,-1.2999961305054988,0.0749881393687296,-1.3,-1.3,2.0
226.634,-1.2606448120123597,-1.2999961305054988,0.0749881393687296,-1.3,-1.3,2.0
226.648,-1.2606448120123597,-1.2999961305054988,0.0749881393687296,-1.3,-1.3,2.0
226.656,-1.2606448120123597,-1.2999961305054988,0.0749881393687296,-1.3,-1.3,2.0
226.855,-1.2606448120123597,-1.2999961305054988,0.0749881393687296,-1.3,-1.3,2.0
226.86,-1.2606448120123597,-1.2999961305054988,0.0749881393687296,-1.3,-1.3,2.0
226.878,-1.2606448120123597,-1.2999961305054988,0.0749881393687296,-1.3,-1.3,2.0
226.88,-1.2606448120123597,-1.2999961305054988,0.0749881393687296,-1.3,-1.3,2.0
226.893,-1.2606448120123597,-1.2999961305054988,0.0749881393687296,-1.3,-1.3,2.0
226.908,-1.2606448120123597,-1.2999961305054988,0.0749881393687296,-1.3,-1.3,2.0
226.911,-1.2606448120123597,-1.2999961305054988,0.0749881393687296,-1.3,-1.3,2.0
226.926,-1.2606448120123597,-1.2999961305054988,0.0749881393687296,-1.3,-1.3,2.0
226.931,-1.2606448120123597,-1.2999961305054988,0.0749881393687296,-1.3,-1.3,2.0
226.943,-1.2606448120123597,-1.2999961305054988,0.0749881393687296,-1.3,-1.3,2.0
226.951,-1.2606448120123597,-1.2999961305054988,0.0749881393687296,-1.3,-1.3,2.0
226.96,-1.2606448120123597,-1.2999961305054988,0.0749881393687296,-1.3,-1.3,2.0
226.974,-1.2606448120123597,-1.2999961305054988,0.0749881393687296,-1.3,-1.3,2.0
226.98,-1.2606448120123597,-1.2999961305054988,0.0749881393687296,-1.3,-1.3,2.0
226.99,-1.2606448120123597,-1.2999961305054988,0.0749881393687296,-1.3,-1.3,2.0
227.0,-1.2606448120123597,-1.2999961305054988,0.0749881393687296,-1.3,-1.3,2.0
227.012,-1.2606448120123597,-1.2999961305054988,0.0749881393687296,-1.3,-1.3,2.0
227.022,-1.2606448120123597,-1.2999961305054988,0.0749881393687296,-1.3,-1.3,2.0
227.034,-1.2606448120123597,-1.2999961305054988,0.0749881393687296,-1.3,-1.3,2.0
227.045,-1.2606448120123597,-1.2999961305054988,0.0749881393687296,-1.3,-1.3,2.0
227.051,-1.2606448120123597,-1.2999961305054988,0.0749881393687296,-1.3,-1.3,2.0
227.06,-1.2606448120123597,-1.2999961305054988,0.0749881393687296,-1.3,-1.3,2.0
227.076,-1.2606448120123597,-1.2999961305054988,0.0749881393687296,-1.3,-1.3,2.0
227.087,-1.2606448120123597,-1.2999961305054988,0.0749881393687296,-1.3,-1.3,2.0
227.091,-1.2606448120123597,-1.2999961305054988,0.0749881393687296,-1.3,-1.3,2.0
227.1,-1.2606448120123597,-1.2999961305054988,0.0749881393687296,-1.3,-1.3,2.0
227.114,-1.2606448120123597,-1.2999961305054988,0.0749881393687296,-1.3,-1.3,2.0
227.127,-1.2606448120123597,-1.2999961305054988,0.0749881393687296,-1.3,-1.3,2.0
227.135,-1.2606448120123597,-1.2999961305054988,0.0749881393687296,-1.3,-1.3,2.0
227.141,-1.2606448120123597,-1.2999961305054988,0.0749881393687296,-1.3,-1.3,2.0
227.157,-1.2606448120123597,-1.2999961305054988,0.0749881393687296,-1.3,-1.3,2.0
227.16,-1.2606448120123597,-1.2999961305054988,0.0749881393687296,-1.3,-1.3,2.0
227.173,-1.2606448120123597,-1.2999961305054988,0.0749881393687296,-1.3,-1.3,2.0
227.18,-1.2606448120123597,-1.2999961305054988,0.0749881393687296,-1.3,-1.3,2.0
227.19,-1.2606448120123597,-1.2999961305054988,0.0749881393687296,-1.3,-1.3,2.0
227.204,-1.2606448120123597,-1.2999961305054988,0.0749881393687296,-1.3,-1.3,2.0
227.212,-1.2606448120123597,-1.2999961305054988,0.0749881393687296,-1.3,-1.3,2.0
227.222,-1.2606448120123597,-1.2999961305054988,0.0749881393687296,-1.3,-1.3,2.0
227.23,-1.2606448120123597,-1.2999961305054988,0.0749881393687296,-1.3,-1.3,2.0
227.246,-1.2606448120123597,-1.2999961305054988,0.0749881393687296,-1.3,-1.3,2.0
227.253,-1.2606448120123597,-1.2999961305054988,0.0749881393687296,-1.3,-1.3,2.0
227.26,-1.2606448120123597,-1.2999961305054988,0.0749881393687296,-1.3,-1.3,2.0
227.277,-1.2606448120123597,-1.2999961305054988,0.0749881393687296,-1.3,-1.3,2.0
227.28,-1.2606448120123597,-1.2999961305054988,0.0749881393687296,-1.3,-1.3,2.0
227.29,-1.2606448120123597,-1.2999961305054988,0.0749881393687296,-1.3,-1.3,2.0
227.3,-1.2606448120123597,-1.2999961305054988,0.0749881393687296,-1.3,-1.3,2.0
227.314,-1.2606448120123597,-1.2999961305054988,0.0749881393687296,-1.3,-1.3,2.0
227.322,-1.2606448120123597,-1.2999961305054988,0.0749881393687296,-1.3,-1.3,2.0
227.333,-1.2606448120123597,-1.2999961305054988,0.0749881393687296,-1.3,-1.3,2.0
227.343,-1.2606448120123597,-1.2999961305054988,0.0749881393687296,-1.3,-1.3,2.0
227.601,-1.2606448120123597,-1.2999961305054988,0.0749881393687296,-1.3,-1.3,2.0
227.611,-1.2606448120123597,-1.2999961305054988,0.0749881393687296,-1.3,-1.3,2.0
227.97,-1.2606448120123597,-1.2999961305054988,0.0749881393687296,-1.3,-1.3,2.0
227.982,-1.2606448120123597,-1.2999961305054988,0.0749881393687296,-1.3,-1.3,2.0
228.376,-1.2606448120123597,-1.2999961305054988,0.0749881393687296,-1.3,-1.3,2.0
228.38,-1.2606448120123597,-1.2999961305054988,0.0749881393687296,-1.3,-1.3,2.0
228.678,-1.2606448120123597,-1.2999961305054988,0.0749881393687296,-1.3,-1.3,2.0
228.68,-1.2606448120123597,-1.2999961305054988,0.0749881393687296,-1.3,-1.3,2.0
229.08,-1.2606448120123597,-1.2999961305054988,0.0749881393687296,-1.3,-1.3,2.0
229.095,-1.2606448120123597,-1.2999961305054988,0.0749881393687296,-1.3,-1.3,2.0
229.1,-1.2606448120123597,-1.2999961305054988,0.0749881393687296,-1.3,-1.3,2.0
229.112,-1.2606448120123597,-1.2999961305054988,0.0749881393687296,-1.3,-1.3,2.0
229.125,-1.2606448120123597,-1.2999961305054988,0.0749881393687296,-1.3,-1.3,2.0
229.147,-1.2606448120123597,-1.2999961305054988,0.0749881393687296,-1.3,-1.3,2.0
229.158,-1.2606448120123597,-1.2999961305054988,0.0749881393687296,-1.3,-1.3,2.0
229.16,-1.2606448120123597,-1.2999961305054988,0.0749881393687296,-1.3,-1.3,2.0
229.178,-1.2606448120123597,-1.2999961305054988,0.0749881393687296,-1.3,-1.3,2.0
229.181,-1.2606448120123597,-1.2999961305054988,0.0749881393687296,-1.3,-1.3,2.0
229.19,-1.2606448120123597,-1.2999961305054988,0.0749881393687296,-1.3,-1.3,2.0
229.214,-1.2606448120123597,-1.2999961305054988,0.0749881393687296,-1.3,-1.3,2.0
229.224,-1.2606448120123597,-1.2999961305054988,0.0749881393687296,-1.3,-1.3,2.0
229.242,-1.2606448120123597,-1.2999961305054988,0.0749881393687296,-1.3,-1.3,2.0
229.256,-1.2606448120123597,-1.2999961305054988,0.0749881393687296,-1.3,-1.3,2.0
229.26,-1.2606448120123597,-1.2999961305054988,0.0749881393687296,-1.3,-1.3,2.0
229.496,-1.2606448120123597,-1.2999961305054988,0.0749881393687296,-1.3,-1.3,2.0
229.501,-1.2606448120123597,-1.2999961305054988,0.0749881393687296,-1.3,-1.3,2.0
229.512,-1.2606448120123597,-1.2999961305054988,0.0749881393687296,-1.3,-1.3,2.0
229.521,-1.2606448120123597,-1.2999961305054988,0.0749881393687296,-1.3,-1.3,2.0
229.544,-1.2606448120123597,-1.2999961305054988,0.0749881393687296,-1.3,-1.3,2.0
229.55,-1.2606448120123597,-1.2999961305054988,0.0749881393687296,-1.3,-1.3,2.0
229.56,-1.2606448120123597,-1.2999961305054988,0.0749881393687296,-1.3,-1.3,2.0
229.57,-1.2606448120123597,-1.2999961305054988,0.0749881393687296,-1.3,-1.3,2.0
229.581,-1.2606448120123597,-1.2999961305054988,0.0749881393687296,-1.3,-1.3,2.0
229.59,-1.2606448120123597,-1.2999961305054988,0.0749881393687296,-1.3,-1.3,2.0
229.6,-1.2606448120123597,-1.2999961305054988,0.0749881393687296,-1.3,-1.3,2.0
229.615,-1.2606448120123597,-1.2999961305054988,0.0749881393687296,-1.3,-1.3,2.0
229.621,-1.2606448120123597,-1.2999961305054988,0.0749881393687296,-1.3,-1.3,2.0
229.64,-1.2606448120123597,-1.2999961305054988,0.0749881393687296,-1.3,-1.3,2.0
229.641,-1.2606448120123597,-1.2999961305054988,0.0749881393687296,-1.3,-1.3,2.0
229.651,-1.2606448120123597,-1.2999961305054988,0.0749881393687296,-1.3,-1.3,2.0
229.973,-1.2606448120123597,-1.2999961305054988,0.0749881393687296,-1.3,-1.3,2.0
229.986,-1.2606448120123597,-1.2999961305054988,0.0749881393687296,-1.3,-1.3,2.0
230.271,-1.2606448120123597,-1.2999961305054988,0.0749881393687296,-1.3,-1.3,2.0
230.28,-1.2606448120123597,-1.2999961305054988,0.0749881393687296,-1.3,-1.3,2.0
230.621,-1.2606448120123597,-1.2999961305054988,0.0749881393687296,-1.3,-1.3,2.0
230.631,-1.2606448120123597,-1.2999961305054988,0.0749881393687296,-1.3,-1.3,2.0
230.97,-1.2606448120123597,-1.2999961305054988,0.0749881393687296,-1.3,-1.3,2.0
230.982,-1.2606448120123597,-1.2999961305054988,0.0749881393687296,-1.3,-1.3,2.0
231.322,-1.2606448120123597,-1.2999961305054988,0.0749881393687296,-1.3,-1.3,2.0
231.342,-1.2606448120123597,-1.2999961305054988,0.0749881393687296,-1.3,-1.3,2.0
231.66,-1.2606448120123597,-1.2999961305054988,0.0749881393687296,-1.3,-1.3,2.0
231.67,-1.2606448120123597,-1.2999961305054988,0.0749881393687296,-1.3,-1.3,2.0
232.028,-1.2606448120123597,-1.2999961305054988,0.0749881393687296,-1.3,-1.3,2.0
232.032,-1.2606448120123597,-1.2999961305054988,0.0749881393687296,-1.3,-1.3,2.0
232.451,-1.2606448120123597,-1.2999961305054988,0.0749881393687296,-1.3,-1.3,2.0
232.46,-1.2606448120123597,-1.2999961305054988,0.0749881393687296,-1.3,-1.3,2.0
232.76,-1.2606448120123597,-1.2999961305054988,0.0749881393687296,-1.3,-1.3,2.0
232.77,-1.2606448120123597,-1.2999961305054988,0.0749881393687296,-1.3,-1.3,2.0
233.116,-1.2606448120123597,-1.2999961305054988,0.0749881393687296,-1.3,-1.3,2.0
233.127,-1.2606448120123597,-1.2999961305054988,0.0749881393687296,-1.3,-1.3,2.0
233.145,-1.2606448120123597,-1.2999961305054988,0.0749881393687296,-1.3,-1.3,2.0
233.155,-1.2606448120123597,-1.2999961305054988,0.0749881393687296,-1.3,-1.3,2.0
233.161,-1.2606448120123597,-1.2999961305054988,0.0749881393687296,-1.3,-1.3,2.0
233.18,-1.2606448120123597,-1.2999961305054988,0.0749881393687296,-1.3,-1.3,2.0
233.18,-1.2606448120123597,-1.2999961305054988,0.0749881393687296,-1.3,-1.3,2.0
233.191,-1.2606448120123597,-1.2999961305054988,0.0749881393687296,-1.3,-1.3,2.0
233.2,-1.2606448120123597,-1.2999961305054988,0.0749881393687296,-1.3,-1.3,2.0
233.218,-1.2606448120123597,-1.2999961305054988,0.0749881393687296,-1.3,-1.3,2.0
233.22,-1.2606448120123597,-1.2999961305054988,0.0749881393687296,-1.3,-1.3,2.0
233.232,-1.2606448120123597,-1.2999961305054988,0.0749881393687296,-1.3,-1.3,2.0
233.243,-1.2606448120123597,-1.2999961305054988,0.0749881393687296,-1.3,-1.3,2.0
233.25,-1.2606448120123597,-1.2999961305054988,0.0749881393687296,-1.3,-1.3,2.0
233.48,-1.2606448120123597,-1.2999961305054988,0.0749881393687296,-1.3,-1.3,2.0
233.48,-1.2606448120123597,-1.2999961305054988,0.0749881393687296,-1.3,-1.3,2.0
233.79,-1.2606448120123597,-1.2999961305054988,0.0749881393687296,-1.3,-1.3,2.0
233.803,-1.2606448120123597,-1.2999961305054988,0.0749881393687296,-1.3,-1.3,2.0
234.13,-1.2606448120123597,-1.2999961305054988,0.0749881393687296,-1.3,-1.3,2.0
234.14,-1.2606448120123597,-1.2999961305054988,0.0749881393687296,-1.3,-1.3,2.0
234.488,-1.2606448120123597,-1.2999961305054988,0.0749881393687296,-1.3,-1.3,2.0
234.496,-1.2606448120123597,-1.2999961305054988,0.0749881393687296,-1.3,-1.3,2.0
234.88,-1.2606448120123597,-1.2999961305054988,0.0749881393687296,-1.3,-1.3,2.0
234.89,-1.2606448120123597,-1.2999961305054988,0.0749881393687296,-1.3,-1.3,2.0
235.234,-1.2606448120123597,-1.2999961305054988,0.0749881393687296,-1.3,-1.3,2.0
235.248,-1.2606448120123597,-1.2999961305054988,0.0749881393687296,-1.3,-1.3,2.0
235.25,-1.2606448120123597,-1.2999961305054988,0.0749881393687296,-1.3,-1.3,2.0
235.274,-1.2606448120123597,-1.2999961305054988,0.0749881393687296,-1.3,-1.3,2.0
235.285,-1.2606448120123597,-1.2999961305054988,0.0749881393687296,-1.3,-1.3,2.0
235.293,-1.2606448120123597,-1.2999961305054988,0.0749881393687296,-1.3,-1.3,2.0
235.301,-1.2606448120123597,-1.2999961305054988,0.0749881393687296,-1.3,-1.3,2.0
235.313,-1.2606448120123597,-1.2999961305054988,0.0749881393687296,-1.3,-1.3,2.0
235.32,-1.2606448120123597,-1.2999961305054988,0.0749881393687296,-1.3,-1.3,2.0
235.331,-1.2606448120123597,-1.2999961305054988,0.0749881393687296,-1.3,-1.3,2.0
235.345,-1.2606448120123597,-1.2999961305054988,0.0749881393687296,-1.3,-1.3,2.0
235.35,-1.2606448120123597,-1.2999961305054988,0.0749881393687296,-1.3,-1.3,2.0
235.68,-1.2606448120123597,-1.2999961305054988,0.0749881393687296,-1.3,-1.3,2.0
235.694,-1.2606448120123597,-1.2999961305054988,0.0749881393687296,-1.3,-1.3,2.0
235.7,-1.2606448120123597,-1.2999961305054988,0.0749881393687296,-1.3,-1.3,2.0
235.71,-1.2606448120123597,-1.2999961305054988,0.0749881393687296,-1.3,-1.3,2.0
235.724,-1.2606448120123597,-1.2999961305054988,0.0749881393687296,-1.3,-1.3,2.0
235.734,-1.2606448120123597,-1.2999961305054988,0.0749881393687296,-1.3,-1.3,2.0
235.745,-1.2606448120123597,-1.2999961305054988,0.0749881393687296,-1.3,-1.3,2.0
235.761,-1.2606448120123597,-1.2999961305054988,0.0749881393687296,-1.3,-1.3,2.0
235.77,-1.2606448120123597,-1.2999961305054988,0.0749881393687296,-1.3,-1.3,2.0
235.78,-1.2606448120123597,-1.2999961305054988,0.0749881393687296,-1.3,-1.3,2.0
235.796,-1.2606448120123597,-1.2999961305054988,0.0749881393687296,-1.3,-1.3,2.0
235.8,-1.2606448120123597,-1.2999961305054988,0.0749881393687296,-1.3,-1.3,2.0
235.811,-1.2606448120123597,-1.2999961305054988,0.0749881393687296,-1.3,-1.3,2.0
235.828,-1.2606448120123597,-1.2999961305054988,0.0749881393687296,-1.3,-1.3,2.0
235.833,-1.2606448120123597,-1.2999961305054988,0.0749881393687296,-1.3,-1.3,2.0
235.84,-1.2606448120123597,-1.2999961305054988,0.0749881393687296,-1.3,-1.3,2.0
235.859,-1.2606448120123597,-1.2999961305054988,0.0749881393687296,-1.3,-1.3,2.0
235.86,-1.2606448120123597,-1.2999961305054988,0.0749881393687296,-1.3,-1.3,2.0
235.871,-1.2606448120123597,-1.2999961305054988,0.0749881393687296,-1.3,-1.3,2.0
235.885,-1.2606448120123597,-1.2999961305054988,0.0749881393687296,-1.3,-1.3,2.0
235.893,-1.2606448120123597,-1.2999961305054988,0.0749881393687296,-1.3,-1.3,2.0
235.907,-1.2606448120123597,-1.2999961305054988,0.0749881393687296,-1.3,-1.3,2.0
235.91,-1.2606448120123597,-1.2999961305054988,0.0749881393687296,-1.3,-1.3,2.0
235.921,-1.2606448120123597,-1.2999961305054988,0.0749881393687296,-1.3,-1.3,2.0
235.931,-1.2606448120123597,-1.2999961305054988,0.0749881393687296,-1.3,-1.3,2.0
235.943,-1.2606448120123597,-1.2999961305054988,0.0749881393687296,-1.3,-1.3,2.0
235.953,-1.2606448120123597,-1.2999961305054988,0.0749881393687296,-1.3,-1.3,2.0
235.96,-1.2606448120123597,-1.2999961305054988,0.0749881393687296,-1.3,-1.3,2.0
235.979,-1.2606448120123597,-1.2999961305054988,0.0749881393687296,-1.3,-1.3,2.0
235.981,-1.2606448120123597,-1.2999961305054988,0.0749881393687296,-1.3,-1.3,2.0
235.993,-1.2606448120123597,-1.2999961305054988,0.0749881393687296,-1.3,-1.3,2.0
236.009,-1.2606448120123597,-1.2999961305054988,0.0749881393687296,-1.3,-1.3,2.0
236.012,-1.2606448120123597,-1.2999961305054988,0.0749881393687296,-1.3,-1.3,2.0
236.026,-1.2606448120123597,-1.2999961305054988,0.0749881393687296,-1.3,-1.3,2.0
236.031,-1.2606448120123597,-1.2999961305054988,0.0749881393687296,-1.3,-1.3,2.0
236.042,-1.2606448120123597,-1.2999961305054988,0.0749881393687296,-1.3,-1.3,2.0
236.051,-1.2606448120123597,-1.2999961305054988,0.0749881393687296,-1.3,-1.3,2.0
236.06,-1.2606448120123597,-1.2999961305054988,0.0749881393687296,-1.3,-1.3,2.0
236.078,-1.2606448120123597,-1.2999961305054988,0.0749881393687296,-1.3,-1.3,2.0
236.095,-1.2606448120123597,-1.2999961305054988,0.0749881393687296,-1.3,-1.3,2.0
236.104,-1.2606448120123597,-1.2999961305054988,0.0749881393687296,-1.3,-1.3,2.0
236.114,-1.2606448120123597,-1.2999961305054988,0.0749881393687296,-1.3,-1.3,2.0
236.121,-1.2606448120123597,-1.2999961305054988,0.0749881393687296,-1.3,-1.3,2.0
236.143,-1.2606448120123597,-1.2999961305054988,0.0749881393687296,-1.3,-1.3,2.0
236.152,-1.2606448120123597,-1.2999961305054988,0.0749881393687296,-1.3,-1.3,2.0
236.16,-1.2606448120123597,-1.2999961305054988,0.0749881393687296,-1.3,-1.3,2.0
236.17,-1.2606448120123597,-1.2999961305054988,0.0749881393687296,-1.3,-1.3,2.0
236.18,-1.2606448120123597,-1.2999961305054988,0.0749881393687296,-1.3,-1.3,2.0
236.197,-1.2606448120123597,-1.2999961305054988,0.0749881393687296,-1.3,-1.3,2.0
236.209,-1.2606448120123597,-1.2999961305054988,0.0749881393687296,-1.3,-1.3,2.0
236.21,-1.2606448120123597,-1.2999961305054988,0.0749881393687296,-1.3,-1.3,2.0
236.222,-1.2606448120123597,-1.2999961305054988,0.0749881393687296,-1.3,-1.3,2.0
236.237,-1.2606448120123597,-1.2999961305054988,0.0749881393687296,-1.3,-1.3,2.0
236.245,-1.2606448120123597,-1.2999961305054988,0.0749881393687296,-1.3,-1.3,2.0
236.257,-1.2606448120123597,-1.2999961305054988,0.0749881393687296,-1.3,-1.3,2.0
236.26,-1.2606448120123597,-1.2999961305054988,0.0749881393687296,-1.3,-1.3,2.0
236.27,-1.2606448120123597,-1.2999961305054988,0.0749881393687296,-1.3,-1.3,2.0
236.284,-1.2606448120123597,-1.2999961305054988,0.0749881393687296,-1.3,-1.3,2.0
236.295,-1.2606448120123597,-1.2999961305054988,0.0749881393687296,-1.3,-1.3,2.0
236.303,-1.2606448120123597,-1.2999961305054988,0.0749881393687296,-1.3,-1.3,2.0
236.31,-1.2606448120123597,-1.2999961305054988,0.0749881393687296,-1.3,-1.3,2.0
236.338,-1.2606448120123597,-1.2999961305054988,0.0749881393687296,-1.3,-1.3,2.0
236.342,-1.2606448120123597,-1.2999961305054988,0.0749881393687296,-1.3,-1.3,2.0
236.354,-1.2606448120123597,-1.2999961305054988,0.0749881393687296,-1.3,-1.3,2.0
236.643,-1.2606448120123597,-1.2999961305054988,0.0749881393687296,-1.3,-1.3,2.0
236.652,-1.2606448120123597,-1.2999961305054988,0.0749881393687296,-1.3,-1.3,2.0
236.954,-1.2606448120123597,-1.2999961305054988,0.0749881393687296,-1.3,-1.3,2.0
236.96,-1.2606448120123597,-1.2999961305054988,0.0749881393687296,-1.3,-1.3,2.0
236.97,-1.2606448120123597,-1.2999961305054988,0.0749881393687296,-1.3,-1.3,2.0
236.994,-1.2606448120123597,-1.2999961305054988,0.0749881393687296,-1.3,-1.3,2.0
237.0,-1.2606448120123597,-1.2999961305054988,0.0749881393687296,-1.3,-1.3,2.0
237.019,-1.2606448120123597,-1.2999961305054988,0.0749881393687296,-1.3,-1.3,2.0
237.02,-1.2606448120123597,-1.2999961305054988,0.0749881393687296,-1.3,-1.3,2.0
237.03,-1.2606448120123597,-1.2999961305054988,0.0749881393687296,-1.3,-1.3,2.0
237.042,-1.2606448120123597,-1.2999961305054988,0.0749881393687296,-1.3,-1.3,2.0
237.05,-1.2606448120123597,-1.2999961305054988,0.0749881393687296,-1.3,-1.3,2.0
237.06,-1.2606448120123597,-1.2999961305054988,0.0749881393687296,-1.3,-1.3,2.0
237.074,-1.2606448120123597,-1.2999961305054988,0.0749881393687296,-1.3,-1.3,2.0
237.08,-1.2606448120123597,-1.2999961305054988,0.0749881393687296,-1.3,-1.3,2.0
237.092,-1.2606448120123597,-1.2999961305054988,0.0749881393687296,-1.3,-1.3,2.0
237.106,-1.2606448120123597,-1.2999961305054988,0.0749881393687296,-1.3,-1.3,2.0
237.123,-1.2606448120123597,-1.2999961305054988,0.0749881393687296,-1.3,-1.3,2.0
237.13,-1.2606448120123597,-1.2999961305054988,0.0749881393687296,-1.3,-1.3,2.0
237.144,-1.2606448120123597,-1.2999961305054988,0.0749881393687296,-1.3,-1.3,2.0
237.152,-1.2606448120123597,-1.2999961305054988,0.0749881393687296,-1.3,-1.3,2.0
237.16,-1.2606448120123597,-1.2999961305054988,0.0749881393687296,-1.3,-1.3,2.0
237.173,-1.2606448120123597,-1.2999961305054988,0.0749881393687296,-1.3,-1.3,2.0
237.18,-1.2606448120123597,-1.2999961305054988,0.0749881393687296,-1.3,-1.3,2.0
237.19,-1.2606448120123597,-1.2999961305054988,0.0749881393687296,-1.3,-1.3,2.0
237.2,-1.2606448120123597,-1.2999961305054988,0.0749881393687296,-1.3,-1.3,2.0
237.218,-1.2606448120123597,-1.2999961305054988,0.0749881393687296,-1.3,-1.3,2.0
237.22,-1.2606448120123597,-1.2999961305054988,0.0749881393687296,-1.3,-1.3,2.0
237.236,-1.2606448120123597,-1.2999961305054988,0.0749881393687296,-1.3,-1.3,2.0
237.252,-1.2606448120123597,-1.2999961305054988,0.0749881393687296,-1.3,-1.3,2.0
237.523,-1.2606448120123597,-1.2999961305054988,0.0749881393687296,-1.3,-1.3,2.0
237.531,-1.2606448120123597,-1.2999961305054988,0.0749881393687296,-1.3,-1.3,2.0
237.549,-1.2606448120123597,-1.2999961305054988,0.0749881393687296,-1.3,-1.3,2.0
237.56,-1.2606448120123597,-1.2999961305054988,0.0749881393687296,-1.3,-1.3,2.0
237.56,-1.2606448120123597,-1.2999961305054988,0.0749881393687296,-1.3,-1.3,2.0
237.577,-1.2606448120123597,-1.2999961305054988,0.0749881393687296,-1.3,-1.3,2.0
237.581,-1.2606448120123597,-1.2999961305054988,0.0749881393687296,-1.3,-1.3,2.0
237.59,-1.2606448120123597,-1.2999961305054988,0.0749881393687296,-1.3,-1.3,2.0
237.6,-1.2606448120123597,-1.2999961305054988,0.0749881393687296,-1.3,-1.3,2.0
237.615,-1.2606448120123597,-1.2999961305054988,0.0749881393687296,-1.3,-1.3,2.0
237.623,-1.2606448120123597,-1.2999961305054988,0.0749881393687296,-1.3,-1.3,2.0
237.63,-1.2606448120123597,-1.2999961305054988,0.0749881393687296,-1.3,-1.3,2.0
237.64,-1.2606448120123597,-1.2999961305054988,0.0749881393687296,-1.3,-1.3,2.0
237.65,-1.2606448120123597,-1.2999961305054988,0.0749881393687296,-1.3,-1.3,2.0
237.933,-1.2606448120123597,-1.2999961305054988,0.0749881393687296,-1.3,-1.3,2.0
237.945,-1.2606448120123597,-1.2999961305054988,0.0749881393687296,-1.3,-1.3,2.0
237.958,-1.2606448120123597,-1.2999961305054988,0.0749881393687296,-1.3,-1.3,2.0
237.96,-1.2606448120123597,-1.2999961305054988,0.0749881393687296,-1.3,-1.3,2.0
237.972,-1.2606448120123597,-1.2999961305054988,0.0749881393687296,-1.3,-1.3,2.0
237.98,-1.2606448120123597,-1.2999961305054988,0.0749881393687296,-1.3,-1.3,2.0
237.998,-1.2606448120123597,-1.2999961305054988,0.0749881393687296,-1.3,-1.3,2.0
238.001,-1.2606448120123597,-1.2999961305054988,0.0749881393687296,-1.3,-1.3,2.0
238.023,-1.2606448120123597,-1.2999961305054988,0.0749881393687296,-1.3,-1.3,2.0
238.03,-1.2606448120123597,-1.2999961305054988,0.0749881393687296,-1.3,-1.3,2.0
238.04,-1.2606448120123597,-1.2999961305054988,0.0749881393687296,-1.3,-1.3,2.0
238.057,-1.2606448120123597,-1.2999961305054988,0.0749881393687296,-1.3,-1.3,2.0
238.282,-1.2606448120123597,-1.2999961305054988,0.0749881393687296,-1.3,-1.3,2.0
238.29,-1.2606448120123597,-1.2999961305054988,0.0749881393687296,-1.3,-1.3,2.0
238.724,-1.2606448120123597,-1.2999961305054988,0.0749881393687296,-1.3,-1.3,2.0
238.735,-1.2606448120123597,-1.2999961305054988,0.0749881393687296,-1.3,-1.3,2.0
239.051,-1.2606448120123597,-1.2999961305054988,0.0749881393687296,-1.3,-1.3,2.0
239.06,-1.2606448120123597,-1.2999961305054988,0.0749881393687296,-1.3,-1.3,2.0
239.442,-1.2606448120123597,-1.2999961305054988,0.0749881393687296,-1.3,-1.3,2.0
239.453,-1.2606448120123597,-1.2999961305054988,0.0749881393687296,-1.3,-1.3,2.0
239.8,-1.2606448120123597,-1.2999961305054988,0.0749881393687296,-1.3,-1.3,2.0
239.812,-1.2606448120123597,-1.2999961305054988,0.0749881393687296,-1.3,-1.3,2.0
240.171,-1.2606448120123597,-1.2999961305054988,0.0749881393687296,-1.3,-1.3,2.0
240.18,-1.2606448120123597,-1.2999961305054988,0.0749881393687296,-1.3,-1.3,2.0
240.491,-1.2606448120123597,-1.2999961305054988,0.0749881393687296,-1.3,-1.3,2.0
240.502,-1.2606448120123597,-1.2999961305054988,0.0749881393687296,-1.3,-1.3,2.0
240.86,-1.2606448120123597,-1.2999961305054988,0.0749881393687296,-1.3,-1.3,2.0
240.87,-1.2606448120123597,-1.2999961305054988,0.0749881393687296,-1.3,-1.3,2.0
241.19,-1.2606448120123597,-1.2999961305054988,0.0749881393687296,-1.3,-1.3,2.0
241.208,-1.2606448120123597,-1.2999961305054988,0.0749881393687296,-1.3,-1.3,2.0
241.584,-1.2606448120123597,-1.2999961305054988,0.0749881393687296,-1.3,-1.3,2.0
241.597,-1.2606448120123597,-1.2999961305054988,0.0749881393687296,-1.3,-1.3,2.0
241.98,-1.2606448120123597,-1.2999961305054988,0.0749881393687296,-1.3,-1.3,2.0
241.991,-1.2606448120123597,-1.2999961305054988,0.0749881393687296,-1.3,-1.3,2.0
242.301,-1.2606448120123597,-1.2999961305054988,0.0749881393687296,-1.3,-1.3,2.0
242.31,-1.2606448120123597,-1.2999961305054988,0.0749881393687296,-1.3,-1.3,2.0
242.754,-1.2606448120123597,-1.2999961305054988,0.0749881393687296,-1.3,-1.3,2.0
242.768,-1.2606448120123597,-1.2999961305054988,0.0749881393687296,-1.3,-1.3,2.0
243.113,-1.2606448120123597,-1.2999961305054988,0.0749881393687296,-1.3,-1.3,2.0
243.134,-1.2606448120123597,-1.2999961305054988,0.0749881393687296,-1.3,-1.3,2.0
243.46,-1.2606448120123597,-1.2999961305054988,0.0749881393687296,-1.3,-1.3,2.0
243.49,-1.2606448120123597,-1.2999961305054988,0.0749881393687296,-1.3,-1.3,2.0
243.806,-1.2606448120123597,-1.2999961305054988,0.0749881393687296,-1.3,-1.3,2.0
243.819,-1.2606448120123597,-1.2999961305054988,0.0749881393687296,-1.3,-1.3,2.0
244.13,-1.2606448120123597,-1.2999961305054988,0.0749881393687296,-1.3,-1.3,2.0
244.16,-1.2606448120123597,-1.2999961305054988,0.0749881393687296,-1.3,-1.3,2.0
244.471,-1.2606448120123597,-1.2999961305054988,0.0749881393687296,-1.3,-1.3,2.0
244.488,-1.2606448120123597,-1.2999961305054988,0.0749881393687296,-1.3,-1.3,2.0
244.82,-1.2606448120123597,-1.2999961305054988,0.0749881393687296,-1.3,-1.3,2.0
244.841,-1.2606448120123597,-1.2999961305054988,0.0749881393687296,-1.3,-1.3,2.0
245.19,-1.2606448120123597,-1.2999961305054988,0.0749881393687296,-1.3,-1.3,2.0
245.215,-1.2606448120123597,-1.2999961305054988,0.0749881393687296,-1.3,-1.3,2.0
245.584,-1.2606448120123597,-1.2999961305054988,0.0749881393687296,-1.3,-1.3,2.0
245.593,-1.2606448120123597,-1.2999961305054988,0.0749881393687296,-1.3,-1.3,2.0
245.94,-1.2606448120123597,-1.2999961305054988,0.0749881393687296,-1.3,-1.3,2.0
245.95,-1.2606448120123597,-1.2999961305054988,0.0749881393687296,-1.3,-1.3,2.0
246.283,-1.2606448120123597,-1.2999961305054988,0.0749881393687296,-1.3,-1.3,2.0
246.292,-1.2606448120123597,-1.2999961305054988,0.0749881393687296,-1.3,-1.3,2.0
246.57,-1.2606448120123597,-1.2999961305054988,0.0749881393687296,-1.3,-1.3,2.0
246.586,-1.2606448120123597,-1.2999961305054988,0.0749881393687296,-1.3,-1.3,2.0
246.94,-1.2606448120123597,-1.2999961305054988,0.0749881393687296,-1.3,-1.3,2.0
246.96,-1.2606448120123597,-1.2999961305054988,0.0749881393687296,-1.3,-1.3,2.0
247.26,-1.2606448120123597,-1.2999961305054988,0.0749881393687296,-1.3,-1.3,2.0
247.26,-1.2606448120123597,-1.2999961305054988,0.0749881393687296,-1.3,-1.3,2.0
247.305,-1.2606448120123597,-1.2999961305054988,0.0749881393687296,-1.3,-1.3,2.0
247.314,-1.2606448120123597,-1.2999961305054988,0.0749881393687296,-1.3,-1.3,2.0
247.324,-1.2606448120123597,-1.2999961305054988,0.0749881393687296,-1.3,-1.3,2.0
247.332,-1.2606448120123597,-1.2999961305054988,0.0749881393687296,-1.3,-1.3,2.0
247.351,-1.2606448120123597,-1.2999961305054988,0.0749881393687296,-1.3,-1.3,2.0
247.36,-1.2606448120123597,-1.2999961305054988,0.0749881393687296,-1.3,-1.3,2.0
247.37,-1.2606448120123597,-1.2999961305054988,0.0749881393687296,-1.3,-1.3,2.0
247.384,-1.2606448120123597,-1.2999961305054988,0.0749881393687296,-1.3,-1.3,2.0
247.392,-1.2606448120123597,-1.2999961305054988,0.0749881393687296,-1.3,-1.3,2.0
247.4,-1.2606448120123597,-1.2999961305054988,0.0749881393687296,-1.3,-1.3,2.0
247.41,-1.2606448120123597,-1.2999961305054988,0.0749881393687296,-1.3,-1.3,2.0
247.425,-1.2606448120123597,-1.2999961305054988,0.0749881393687296,-1.3,-1.3,2.0
247.436,-1.2606448120123597,-1.2999961305054988,0.0749881393687296,-1.3,-1.3,2.0
247.44,-1.2606448120123597,-1.2999961305054988,0.0749881393687296,-1.3,-1.3,2.0
247.452,-1.2606448120123597,-1.2999961305054988,0.0749881393687296,-1.3,-1.3,2.0
247.46,-1.2606448120123597,-1.2999961305054988,0.0749881393687296,-1.3,-1.3,2.0
247.47,-1.2606448120123597,-1.2999961305054988,0.0749881393687296,-1.3,-1.3,2.0
247.48,-1.2606448120123597,-1.2999961305054988,0.0749881393687296,-1.3,-1.3,2.0
247.49,-1.2606448120123597,-1.2999961305054988,0.0749881393687296,-1.3,-1.3,2.0
247.5,-1.2606448120123597,-1.2999961305054988,0.0749881393687296,-1.3,-1.3,2.0
247.515,-1.2606448120123597,-1.2999961305054988,0.0749881393687296,-1.3,-1.3,2.0
247.522,-1.2606448120123597,-1.2999961305054988,0.0749881393687296,-1.3,-1.3,2.0
247.531,-1.2606448120123597,-1.2999961305054988,0.0749881393687296,-1.3,-1.3,2.0
247.546,-1.2606448120123597,-1.2999961305054988,0.0749881393687296,-1.3,-1.3,2.0
247.836,-1.2606448120123597,-1.2999961305054988,0.0749881393687296,-1.3,-1.3,2.0
247.845,-1.2606448120123597,-1.2999961305054988,0.0749881393687296,-1.3,-1.3,2.0
247.854,-1.2606448120123597,-1.2999961305054988,0.0749881393687296,-1.3,-1.3,2.0
247.86,-1.2606448120123597,-1.2999961305054988,0.0749881393687296,-1.3,-1.3,2.0
247.87,-1.2606448120123597,-1.2999961305054988,0.0749881393687296,-1.3,-1.3,2.0
247.882,-1.2606448120123597,-1.2999961305054988,0.0749881393687296,-1.3,-1.3,2.0
247.891,-1.2606448120123597,-1.2999961305054988,0.0749881393687296,-1.3,-1.3,2.0
247.906,-1.2606448120123597,-1.2999961305054988,0.0749881393687296,-1.3,-1.3,2.0
247.917,-1.2606448120123597,-1.2999961305054988,0.0749881393687296,-1.3,-1.3,2.0
247.92,-1.2606448120123597,-1.2999961305054988,0.0749881393687296,-1.3,-1.3,2.0
247.933,-1.2606448120123597,-1.2999961305054988,0.0749881393687296,-1.3,-1.3,2.0
247.944,-1.2606448120123597,-1.2999961305054988,0.0749881393687296,-1.3,-1.3,2.0
247.954,-1.2606448120123597,-1.2999961305054988,0.0749881393687296,-1.3,-1.3,2.0
247.96,-1.2606448120123597,-1.2999961305054988,0.0749881393687296,-1.3,-1.3,2.0
248.26,-1.2606448120123597,-1.2999961305054988,0.0749881393687296,-1.3,-1.3,2.0
248.271,-1.2606448120123597,-1.2999961305054988,0.0749881393687296,-1.3,-1.3,2.0
248.281,-1.2606448120123597,-1.2999961305054988,0.0749881393687296,-1.3,-1.3,2.0
248.295,-1.2606448120123597,-1.2999961305054988,0.0749881393687296,-1.3,-1.3,2.0
248.3,-1.2606448120123597,-1.2999961305054988,0.0749881393687296,-1.3,-1.3,2.0
248.321,-1.2606448120123597,-1.2999961305054988,0.0749881393687296,-1.3,-1.3,2.0
248.331,-1.2606448120123597,-1.2999961305054988,0.0749881393687296,-1.3,-1.3,2.0
248.34,-1.2606448120123597,-1.2999961305054988,0.0749881393687296,-1.3,-1.3,2.0
248.358,-1.2606448120123597,-1.2999961305054988,0.0749881393687296,-1.3,-1.3,2.0
248.364,-1.2606448120123597,-1.2999961305054988,0.0749881393687296,-1.3,-1.3,2.0
248.37,-1.2606448120123597,-1.2999961305054988,0.0749881393687296,-1.3,-1.3,2.0
248.381,-1.2606448120123597,-1.2999961305054988,0.0749881393687296,-1.3,-1.3,2.0
248.39,-1.2606448120123597,-1.2999961305054988,0.0749881393687296,-1.3,-1.3,2.0
248.405,-1.2606448120123597,-1.2999961305054988,0.0749881393687296,-1.3,-1.3,2.0
248.419,-1.2606448120123597,-1.2999961305054988,0.0749881393687296,-1.3,-1.3,2.0
248.42,-1.2606448120123597,-1.2999961305054988,0.0749881393687296,-1.3,-1.3,2.0
248.431,-1.2606448120123597,-1.2999961305054988,0.0749881393687296,-1.3,-1.3,2.0
248.445,-1.2606448120123597,-1.2999961305054988,0.0749881393687296,-1.3,-1.3,2.0
248.453,-1.2606448120123597,-1.2999961305054988,0.0749881393687296,-1.3,-1.3,2.0
248.46,-1.2606448120123597,-1.2999961305054988,0.0749881393687296,-1.3,-1.3,2.0
248.472,-1.2606448120123597,-1.2999961305054988,0.0749881393687296,-1.3,-1.3,2.0
248.48,-1.2606448120123597,-1.2999961305054988,0.0749881393687296,-1.3,-1.3,2.0
248.5,-1.2606448120123597,-1.2999961305054988,0.0749881393687296,-1.3,-1.3,2.0
248.517,-1.2606448120123597,-1.2999961305054988,0.0749881393687296,-1.3,-1.3,2.0
248.529,-1.2606448120123597,-1.2999961305054988,0.0749881393687296,-1.3,-1.3,2.0
248.531,-1.2606448120123597,-1.2999961305054988,0.0749881393687296,-1.3,-1.3,2.0
248.54,-1.2606448120123597,-1.2999961305054988,0.0749881393687296,-1.3,-1.3,2.0
248.553,-1.2606448120123597,-1.2999961305054988,0.0749881393687296,-1.3,-1.3,2.0
248.835,-1.2606448120123597,-1.2999961305054988,0.0749881393687296,-1.3,-1.3,2.0
248.841,-1.2606448120123597,-1.2999961305054988,0.0749881393687296,-1.3,-1.3,2.0
248.851,-1.2606448120123597,-1.2999961305054988,0.0749881393687296,-1.3,-1.3,2.0
248.86,-1.2606448120123597,-1.2999961305054988,0.0749881393687296,-1.3,-1.3,2.0
248.872,-1.2606448120123597,-1.2999961305054988,0.0749881393687296,-1.3,-1.3,2.0
248.88,-1.2606448120123597,-1.2999961305054988,0.0749881393687296,-1.3,-1.3,2.0
248.89,-1.2606448120123597,-1.2999961305054988,0.0749881393687296,-1.3,-1.3,2.0
248.901,-1.2606448120123597,-1.2999961305054988,0.0749881393687296,-1.3,-1.3,2.0
248.912,-1.2606448120123597,-1.2999961305054988,0.0749881393687296,-1.3,-1.3,2.0
248.92,-1.2606448120123597,-1.2999961305054988,0.0749881393687296,-1.3,-1.3,2.0
248.93,-1.2606448120123597,-1.2999961305054988,0.0749881393687296,-1.3,-1.3,2.0
248.943,-1.2606448120123597,-1.2999961305054988,0.0749881393687296,-1.3,-1.3,2.0
248.958,-1.2606448120123597,-1.2999961305054988,0.0749881393687296,-1.3,-1.3,2.0
248.96,-1.2606448120123597,-1.2999961305054988,0.0749881393687296,-1.3,-1.3,2.0
248.975,-1.2606448120123597,-1.2999961305054988,0.0749881393687296,-1.3,-1.3,2.0
248.988,-1.2606448120123597,-1.2999961305054988,0.0749881393687296,-1.3,-1.3,2.0
248.99,-1.2606448120123597,-1.2999961305054988,0.0749881393687296,-1.3,-1.3,2.0
249.014,-1.2606448120123597,-1.2999961305054988,0.0749881393687296,-1.3,-1.3,2.0
249.026,-1.2606448120123597,-1.2999961305054988,0.0749881393687296,-1.3,-1.3,2.0
249.044,-1.2606448120123597,-1.2999961305054988,0.0749881393687296,-1.3,-1.3,2.0
249.05,-1.2606448120123597,-1.2999961305054988,0.0749881393687296,-1.3,-1.3,2.0
249.06,-1.2606448120123597,-1.2999961305054988,0.0749881393687296,-1.3,-1.3,2.0
249.342,-1.2606448120123597,-1.2999961305054988,0.0749881393687296,-1.3,-1.3,2.0
249.356,-1.2606448120123597,-1.2999961305054988,0.0749881393687296,-1.3,-1.3,2.0
249.368,-1.2606448120123597,-1.2999961305054988,0.0749881393687296,-1.3,-1.3,2.0
249.375,-1.2606448120123597,-1.2999961305054988,0.0749881393687296,-1.3,-1.3,2.0
249.38,-1.2606448120123597,-1.2999961305054988,0.0749881393687296,-1.3,-1.3,2.0
249.403,-1.2606448120123597,-1.2999961305054988,0.0749881393687296,-1.3,-1.3,2.0
249.412,-1.2606448120123597,-1.2999961305054988,0.0749881393687296,-1.3,-1.3,2.0
249.429,-1.2606448120123597,-1.2999961305054988,0.0749881393687296,-1.3,-1.3,2.0
249.431,-1.2606448120123597,-1.2999961305054988,0.0749881393687296,-1.3,-1.3,2.0
249.44,-1.2606448120123597,-1.2999961305054988,0.0749881393687296,-1.3,-1.3,2.0
249.473,-1.2606448120123597,-1.2999961305054988,0.0749881393687296,-1.3,-1.3,2.0
249.483,-1.2606448120123597,-1.2999961305054988,0.0749881393687296,-1.3,-1.3,2.0
249.495,-1.2606448120123597,-1.2999961305054988,0.0749881393687296,-1.3,-1.3,2.0
249.501,-1.2606448120123597,-1.2999961305054988,0.0749881393687296,-1.3,-1.3,2.0
249.51,-1.2606448120123597,-1.2999961305054988,0.0749881393687296,-1.3,-1.3,2.0
249.522,-1.2606448120123597,-1.2999961305054988,0.0749881393687296,-1.3,-1.3,2.0
249.535,-1.2606448120123597,-1.2999961305054988,0.0749881393687296,-1.3,-1.3,2.0
249.54,-1.2606448120123597,-1.2999961305054988,0.0749881393687296,-1.3,-1.3,2.0
249.818,-1.2606448120123597,-1.2999961305054988,0.0749881393687296,-1.3,-1.3,2.0
249.822,-1.2606448120123597,-1.2999961305054988,0.0749881393687296,-1.3,-1.3,2.0
249.83,-1.2606448120123597,-1.2999961305054988,0.0749881393687296,-1.3,-1.3,2.0
249.842,-1.2606448120123597,-1.2999961305054988,0.0749881393687296,-1.3,-1.3,2.0
249.85,-1.2606448120123597,-1.2999961305054988,0.0749881393687296,-1.3,-1.3,2.0
249.86,-1.2606448120123597,-1.2999961305054988,0.0749881393687296,-1.3,-1.3,2.0
249.872,-1.2606448120123597,-1.2999961305054988,0.0749881393687296,-1.3,-1.3,2.0
249.882,-1.2606448120123597,-1.2999961305054988,0.0749881393687296,-1.3,-1.3,2.0
249.89,-1.2606448120123597,-1.2999961305054988,0.0749881393687296,-1.3,-1.3,2.0
249.904,-1.2606448120123597,-1.2999961305054988,0.0749881393687296,-1.3,-1.3,2.0
249.919,-1.2606448120123597,-1.2999961305054988,0.0749881393687296,-1.3,-1.3,2.0
249.92,-1.2606448120123597,-1.2999961305054988,0.0749881393687296,-1.3,-1.3,2.0
249.933,-1.2606448120123597,-1.2999961305054988,0.0749881393687296,-1.3,-1.3,2.0
249.944,-1.2606448120123597,-1.2999961305054988,0.0749881393687296,-1.3,-1.3,2.0
250.178,-1.2606448120123597,-1.2999961305054988,0.0749881393687296,-1.3,-1.3,2.0
250.18,-1.2606448120123597,-1.2999961305054988,0.0749881393687296,-1.3,-1.3,2.0
250.529,-1.2606448120123597,-1.2999961305054988,0.0749881393687296,-1.3,-1.3,2.0
250.531,-1.2606448120123597,-1.2999961305054988,0.0749881393687296,-1.3,-1.3,2.0
250.875,-1.2606448120123597,-1.2999961305054988,0.0749881393687296,-1.3,-1.3,2.0
250.883,-1.2606448120123597,-1.2999961305054988,0.0749881393687296,-1.3,-1.3,2.0
251.26,-1.2606448120123597,-1.2999961305054988,0.0749881393687296,-1.3,-1.3,2.0
251.275,-1.2606448120123597,-1.2999961305054988,0.0749881393687296,-1.3,-1.3,2.0
251.607,-1.2606448120123597,-1.2999961305054988,0.0749881393687296,-1.3,-1.3,2.0
251.613,-1.2606448120123597,-1.2999961305054988,0.0749881393687296,-1.3,-1.3,2.0
252.14,-1.2606448120123597,-1.2999961305054988,0.0749881393687296,-1.3,-1.3,2.0
252.15,-1.2606448120123597,-1.2999961305054988,0.0749881393687296,-1.3,-1.3,2.0
252.46,-1.2606448120123597,-1.2999961305054988,0.0749881393687296,-1.3,-1.3,2.0
252.471,-1.2606448120123597,-1.2999961305054988,0.0749881393687296,-1.3,-1.3,2.0
252.86,-1.2606448120123597,-1.2999961305054988,0.0749881393687296,-1.3,-1.3,2.0
252.86,-1.2606448120123597,-1.2999961305054988,0.0749881393687296,-1.3,-1.3,2.0
253.16,-1.2606448120123597,-1.2999961305054988,0.0749881393687296,-1.3,-1.3,2.0
253.182,-1.2606448120123597,-1.2999961305054988,0.0749881393687296,-1.3,-1.3,2.0
253.46,-1.2606448120123597,-1.2999961305054988,0.0749881393687296,-1.3,-1.3,2.0
253.481,-1.2606448120123597,-1.2999961305054988,0.0749881393687296,-1.3,-1.3,2.0
253.833,-1.2606448120123597,-1.2999961305054988,0.0749881393687296,-1.3,-1.3,2.0
253.846,-1.2606448120123597,-1.2999961305054988,0.0749881393687296,-1.3,-1.3,2.0
254.196,-1.2606448120123597,-1.2999961305054988,0.0749881393687296,-1.3,-1.3,2.0
254.202,-1.2606448120123597,-1.2999961305054988,0.0749881393687296,-1.3,-1.3,2.0
254.57,-1.2606448120123597,-1.2999961305054988,0.0749881393687296,-1.3,-1.3,2.0
254.586,-1.2606448120123597,-1.2999961305054988,0.0749881393687296,-1.3,-1.3,2.0
254.947,-1.2606448120123597,-1.2999961305054988,0.0749881393687296,-1.3,-1.3,2.0
254.954,-1.2606448120123597,-1.2999961305054988,0.0749881393687296,-1.3,-1.3,2.0
255.27,-1.2606448120123597,-1.2999961305054988,0.0749881393687296,-1.3,-1.3,2.0
255.28,-1.2606448120123597,-1.2999961305054988,0.0749881393687296,-1.3,-1.3,2.0
255.672,-1.2606448120123597,-1.2999961305054988,0.0749881393687296,-1.3,-1.3,2.0
255.685,-1.2606448120123597,-1.2999961305054988,0.0749881393687296,-1.3,-1.3,2.0
256.038,-1.2606448120123597,-1.2999961305054988,0.0749881393687296,-1.3,-1.3,2.0
256.04,-1.2606448120123597,-1.2999961305054988,0.0749881393687296,-1.3,-1.3,2.0
256.431,-1.2606448120123597,-1.2999961305054988,0.0749881393687296,-1.3,-1.3,2.0
256.44,-1.2606448120123597,-1.2999961305054988,0.0749881393687296,-1.3,-1.3,2.0
256.734,-1.2606448120123597,-1.2999961305054988,0.0749881393687296,-1.3,-1.3,2.0
256.741,-1.2606448120123597,-1.2999961305054988,0.0749881393687296,-1.3,-1.3,2.0
257.06,-1.2606448120123597,-1.2999961305054988,0.0749881393687296,-1.3,-1.3,2.0
257.073,-1.2606448120123597,-1.2999961305054988,0.0749881393687296,-1.3,-1.3,2.0
257.473,-1.2606448120123597,-1.2999961305054988,0.0749881393687296,-1.3,-1.3,2.0
257.48,-1.2606448120123597,-1.2999961305054988,0.0749881393687296,-1.3,-1.3,2.0
257.89,-1.2606448120123597,-1.2999961305054988,0.0749881393687296,-1.3,-1.3,2.0
257.904,-1.2606448120123597,-1.2999961305054988,0.0749881393687296,-1.3,-1.3,2.0
258.26,-1.2606448120123597,-1.2999961305054988,0.0749881393687296,-1.3,-1.3,2.0
258.272,-1.2606448120123597,-1.2999961305054988,0.0749881393687296,-1.3,-1.3,2.0
258.653,-1.2606448120123597,-1.2999961305054988,0.0749881393687296,-1.3,-1.3,2.0
258.66,-1.2606448120123597,-1.2999961305054988,0.0749881393687296,-1.3,-1.3,2.0
258.97,-1.2606448120123597,-1.2999961305054988,0.0749881393687296,-1.3,-1.3,2.0
258.99,-1.2606448120123597,-1.2999961305054988,0.0749881393687296,-1.3,-1.3,2.0
259.311,-1.2606448120123597,-1.2999961305054988,0.0749881393687296,-1.3,-1.3,2.0
259.32,-1.2606448120123597,-1.2999961305054988,0.0749881393687296,-1.3,-1.3,2.0
259.672,-1.2606448120123597,-1.2999961305054988,0.0749881393687296,-1.3,-1.3,2.0
259.685,-1.2606448120123597,-1.2999961305054988,0.0749881393687296,-1.3,-1.3,2.0
259.99,-1.2606448120123597,-1.2999961305054988,0.0749881393687296,-1.3,-1.3,2.0
260.003,-1.2606448120123597,-1.2999961305054988,0.0749881393687296,-1.3,-1.3,2.0
260.31,-1.2606448120123597,-1.2999961305054988,0.0749881393687296,-1.3,-1.3,2.0
260.321,-1.2606448120123597,-1.2999961305054988,0.0749881393687296,-1.3,-1.3,2.0
260.69,-1.2606448120123597,-1.2999961305054988,0.0749881393687296,-1.3,-1.3,2.0
260.719,-1.2606448120123597,-1.2999961305054988,0.0749881393687296,-1.3,-1.3,2.0
261.136,-1.2606448120123597,-1.2999961305054988,0.0749881393687296,-1.3,-1.3,2.0
261.144,-1.2606448120123597,-1.2999961305054988,0.0749881393687296,-1.3,-1.3,2.0
261.53,-1.2606448120123597,-1.2999961305054988,0.0749881393687296,-1.3,-1.3,2.0
261.559,-1.2606448120123597,-1.2999961305054988,0.0749881393687296,-1.3,-1.3,2.0
261.921,-1.2606448120123597,-1.2999961305054988,0.0749881393687296,-1.3,-1.3,2.0
261.934,-1.2606448120123597,-1.2999961305054988,0.0749881393687296,-1.3,-1.3,2.0
262.289,-1.2606448120123597,-1.2999961305054988,0.0749881393687296,-1.3,-1.3,2.0
262.299,-1.2606448120123597,-1.2999961305054988,0.0749881393687296,-1.3,-1.3,2.0
262.303,-1.2606448120123597,-1.2999961305054988,0.0749881393687296,-1.3,-1.3,2.0
262.319,-1.2606448120123597,-1.2999961305054988,0.0749881393687296,-1.3,-1.3,2.0
262.32,-1.2606448120123597,-1.2999961305054988,0.0749881393687296,-1.3,-1.3,2.0
262.332,-1.2606448120123597,-1.2999961305054988,0.0749881393687296,-1.3,-1.3,2.0
262.342,-1.2606448120123597,-1.2999961305054988,0.0749881393687296,-1.3,-1.3,2.0
262.35,-1.2606448120123597,-1.2999961305054988,0.0749881393687296,-1.3,-1.3,2.0
262.37,-1.2606448120123597,-1.2999961305054988,0.0749881393687296,-1.3,-1.3,2.0
262.37,-1.2606448120123597,-1.2999961305054988,0.0749881393687296,-1.3,-1.3,2.0
262.386,-1.2606448120123597,-1.2999961305054988,0.0749881393687296,-1.3,-1.3,2.0
262.391,-1.2606448120123597,-1.2999961305054988,0.0749881393687296,-1.3,-1.3,2.0
262.401,-1.2606448120123597,-1.2999961305054988,0.0749881393687296,-1.3,-1.3,2.0
262.413,-1.2606448120123597,-1.2999961305054988,0.0749881393687296,-1.3,-1.3,2.0
262.421,-1.2606448120123597,-1.2999961305054988,0.0749881393687296,-1.3,-1.3,2.0
262.438,-1.2606448120123597,-1.2999961305054988,0.0749881393687296,-1.3,-1.3,2.0
262.447,-1.2606448120123597,-1.2999961305054988,0.0749881393687296,-1.3,-1.3,2.0
262.456,-1.2606448120123597,-1.2999961305054988,0.0749881393687296,-1.3,-1.3,2.0
262.712,-1.2606448120123597,-1.2999961305054988,0.0749881393687296,-1.3,-1.3,2.0
262.721,-1.2606448120123597,-1.2999961305054988,0.0749881393687296,-1.3,-1.3,2.0
262.734,-1.2606448120123597,-1.2999961305054988,0.0749881393687296,-1.3,-1.3,2.0
262.744,-1.2606448120123597,-1.2999961305054988,0.0749881393687296,-1.3,-1.3,2.0
262.753,-1.2606448120123597,-1.2999961305054988,0.0749881393687296,-1.3,-1.3,2.0
262.76,-1.2606448120123597,-1.2999961305054988,0.0749881393687296,-1.3,-1.3,2.0
262.77,-1.2606448120123597,-1.2999961305054988,0.0749881393687296,-1.3,-1.3,2.0
262.787,-1.2606448120123597,-1.2999961305054988,0.0749881393687296,-1.3,-1.3,2.0
262.805,-1.2606448120123597,-1.2999961305054988,0.0749881393687296,-1.3,-1.3,2.0
262.811,-1.2606448120123597,-1.2999961305054988,0.0749881393687296,-1.3,-1.3,2.0
262.837,-1.2606448120123597,-1.2999961305054988,0.0749881393687296,-1.3,-1.3,2.0
262.842,-1.2606448120123597,-1.2999961305054988,0.0749881393687296,-1.3,-1.3,2.0
263.12,-1.2606448120123597,-1.2999961305054988,0.0749881393687296,-1.3,-1.3,2.0
263.12,-1.2606448120123597,-1.2999961305054988,0.0749881393687296,-1.3,-1.3,2.0
263.134,-1.2606448120123597,-1.2999961305054988,0.0749881393687296,-1.3,-1.3,2.0
263.142,-1.2606448120123597,-1.2999961305054988,0.0749881393687296,-1.3,-1.3,2.0
263.15,-1.2606448120123597,-1.2999961305054988,0.0749881393687296,-1.3,-1.3,2.0
263.16,-1.2606448120123597,-1.2999961305054988,0.0749881393687296,-1.3,-1.3,2.0
263.171,-1.2606448120123597,-1.2999961305054988,0.0749881393687296,-1.3,-1.3,2.0
263.182,-1.2606448120123597,-1.2999961305054988,0.0749881393687296,-1.3,-1.3,2.0
263.196,-1.2606448120123597,-1.2999961305054988,0.0749881393687296,-1.3,-1.3,2.0
263.2,-1.2606448120123597,-1.2999961305054988,0.0749881393687296,-1.3,-1.3,2.0
263.216,-1.2606448120123597,-1.2999961305054988,0.0749881393687296,-1.3,-1.3,2.0
263.222,-1.2606448120123597,-1.2999961305054988,0.0749881393687296,-1.3,-1.3,2.0
263.231,-1.2606448120123597,-1.2999961305054988,0.0749881393687296,-1.3,-1.3,2.0
263.24,-1.2606448120123597,-1.2999961305054988,0.0749881393687296,-1.3,-1.3,2.0
263.25,-1.2606448120123597,-1.2999961305054988,0.0749881393687296,-1.3,-1.3,2.0
263.26,-1.2606448120123597,-1.2999961305054988,0.0749881393687296,-1.3,-1.3,2.0
263.504,-1.2606448120123597,-1.2999961305054988,0.0749881393687296,-1.3,-1.3,2.0
263.519,-1.2606448120123597,-1.2999961305054988,0.0749881393687296,-1.3,-1.3,2.0
263.52,-1.2606448120123597,-1.2999961305054988,0.0749881393687296,-1.3,-1.3,2.0
263.533,-1.2606448120123597,-1.2999961305054988,0.0749881393687296,-1.3,-1.3,2.0
263.542,-1.2606448120123597,-1.2999961305054988,0.0749881393687296,-1.3,-1.3,2.0
263.55,-1.2606448120123597,-1.2999961305054988,0.0749881393687296,-1.3,-1.3,2.0
263.56,-1.2606448120123597,-1.2999961305054988,0.0749881393687296,-1.3,-1.3,2.0
263.57,-1.2606448120123597,-1.2999961305054988,0.0749881393687296,-1.3,-1.3,2.0
263.587,-1.2606448120123597,-1.2999961305054988,0.0749881393687296,-1.3,-1.3,2.0
263.594,-1.2606448120123597,-1.2999961305054988,0.0749881393687296,-1.3,-1.3,2.0
263.606,-1.2606448120123597,-1.2999961305054988,0.0749881393687296,-1.3,-1.3,2.0
263.619,-1.2606448120123597,-1.2999961305054988,0.0749881393687296,-1.3,-1.3,2.0
263.623,-1.2606448120123597,-1.2999961305054988,0.0749881393687296,-1.3,-1.3,2.0
263.63,-1.2606448120123597,-1.2999961305054988,0.0749881393687296,-1.3,-1.3,2.0
263.647,-1.2606448120123597,-1.2999961305054988,0.0749881393687296,-1.3,-1.3,2.0
263.65,-1.2606448120123597,-1.2999961305054988,0.0749881393687296,-1.3,-1.3,2.0
263.914,-1.2606448120123597,-1.2999961305054988,0.0749881393687296,-1.3,-1.3,2.0
263.921,-1.2606448120123597,-1.2999961305054988,0.0749881393687296,-1.3,-1.3,2.0
263.93,-1.2606448120123597,-1.2999961305054988,0.0749881393687296,-1.3,-1.3,2.0
263.941,-1.2606448120123597,-1.2999961305054988,0.0749881393687296,-1.3,-1.3,2.0
263.959,-1.2606448120123597,-1.2999961305054988,0.0749881393687296,-1.3,-1.3,2.0
263.96,-1.2606448120123597,-1.2999961305054988,0.0749881393687296,-1.3,-1.3,2.0
263.971,-1.2606448120123597,-1.2999961305054988,0.0749881393687296,-1.3,-1.3,2.0
263.98,-1.2606448120123597,-1.2999961305054988,0.0749881393687296,-1.3,-1.3,2.0
263.993,-1.2606448120123597,-1.2999961305054988,0.0749881393687296,-1.3,-1.3,2.0
264.004,-1.2606448120123597,-1.2999961305054988,0.0749881393687296,-1.3,-1.3,2.0
264.012,-1.2606448120123597,-1.2999961305054988,0.0749881393687296,-1.3,-1.3,2.0
264.025,-1.2606448120123597,-1.2999961305054988,0.0749881393687296,-1.3,-1.3,2.0
264.03,-1.2606448120123597,-1.2999961305054988,0.0749881393687296,-1.3,-1.3,2.0
264.042,-1.2606448120123597,-1.2999961305054988,0.0749881393687296,-1.3,-1.3,2.0
264.291,-1.2606448120123597,-1.2999961305054988,0.0749881393687296,-1.3,-1.3,2.0
264.312,-1.2606448120123597,-1.2999961305054988,0.0749881393687296,-1.3,-1.3,2.0
264.324,-1.2606448120123597,-1.2999961305054988,0.0749881393687296,-1.3,-1.3,2.0
264.339,-1.2606448120123597,-1.2999961305054988,0.0749881393687296,-1.3,-1.3,2.0
264.34,-1.2606448120123597,-1.2999961305054988,0.0749881393687296,-1.3,-1.3,2.0
264.357,-1.2606448120123597,-1.2999961305054988,0.0749881393687296,-1.3,-1.3,2.0
264.36,-1.2606448120123597,-1.2999961305054988,0.0749881393687296,-1.3,-1.3,2.0
264.371,-1.2606448120123597,-1.2999961305054988,0.0749881393687296,-1.3,-1.3,2.0
264.38,-1.2606448120123597,-1.2999961305054988,0.0749881393687296,-1.3,-1.3,2.0
264.39,-1.2606448120123597,-1.2999961305054988,0.0749881393687296,-1.3,-1.3,2.0
264.4,-1.2606448120123597,-1.2999961305054988,0.0749881393687296,-1.3,-1.3,2.0
264.411,-1.2606448120123597,-1.2999961305054988,0.0749881393687296,-1.3,-1.3,2.0
264.42,-1.2606448120123597,-1.2999961305054988,0.0749881393687296,-1.3,-1.3,2.0
264.43,-1.2606448120123597,-1.2999961305054988,0.0749881393687296,-1.3,-1.3,2.0
264.45,-1.2606448120123597,-1.2999961305054988,0.0749881393687296,-1.3,-1.3,2.0
264.45,-1.2606448120123597,-1.2999961305054988,0.0749881393687296,-1.3,-1.3,2.0
264.854,-1.2606448120123597,-1.2999961305054988,0.0749881393687296,-1.3,-1.3,2.0
264.86,-1.2606448120123597,-1.2999961305054988,0.0749881393687296,-1.3,-1.3,2.0
264.87,-1.2606448120123597,-1.2999961305054988,0.0749881393687296,-1.3,-1.3,2.0
264.887,-1.2606448120123597,-1.2999961305054988,0.0749881393687296,-1.3,-1.3,2.0
264.896,-1.2606448120123597,-1.2999961305054988,0.0749881393687296,-1.3,-1.3,2.0
264.902,-1.2606448120123597,-1.2999961305054988,0.0749881393687296,-1.3,-1.3,2.0
264.912,-1.2606448120123597,-1.2999961305054988,0.0749881393687296,-1.3,-1.3,2.0
264.921,-1.2606448120123597,-1.2999961305054988,0.0749881393687296,-1.3,-1.3,2.0
265.221,-1.2606448120123597,-1.2999961305054988,0.0749881393687296,-1.3,-1.3,2.0
265.23,-1.2606448120123597,-1.2999961305054988,0.0749881393687296,-1.3,-1.3,2.0
265.6,-1.2606448120123597,-1.2999961305054988,0.0749881393687296,-1.3,-1.3,2.0
265.611,-1.2606448120123597,-1.2999961305054988,0.0749881393687296,-1.3,-1.3,2.0
265.96,-1.2606448120123597,-1.2999961305054988,0.0749881393687296,-1.3,-1.3,2.0
265.971,-1.2606448120123597,-1.2999961305054988,0.0749881393687296,-1.3,-1.3,2.0
266.37,-1.2606448120123597,-1.2999961305054988,0.0749881393687296,-1.3,-1.3,2.0
266.383,-1.2606448120123597,-1.2999961305054988,0.0749881393687296,-1.3,-1.3,2.0
266.79,-1.2606448120123597,-1.2999961305054988,0.0749881393687296,-1.3,-1.3,2.0
266.807,-1.2606448120123597,-1.2999961305054988,0.0749881393687296,-1.3,-1.3,2.0
267.081,-1.2606448120123597,-1.2999961305054988,0.0749881393687296,-1.3,-1.3,2.0
267.096,-1.2606448120123597,-1.2999961305054988,0.0749881393687296,-1.3,-1.3,2.0
267.507,-1.2606448120123597,-1.2999961305054988,0.0749881393687296,-1.3,-1.3,2.0
267.511,-1.2606448120123597,-1.2999961305054988,0.0749881393687296,-1.3,-1.3,2.0
267.86,-1.2606448120123597,-1.2999961305054988,0.0749881393687296,-1.3,-1.3,2.0
267.886,-1.2606448120123597,-1.2999961305054988,0.0749881393687296,-1.3,-1.3,2.0
267.89,-1.2606448120123597,-1.2999961305054988,0.0749881393687296,-1.3,-1.3,2.0
267.904,-1.2606448120123597,-1.2999961305054988,0.0749881393687296,-1.3,-1.3,2.0
267.919,-1.2606448120123597,-1.2999961305054988,0.0749881393687296,-1.3,-1.3,2.0
267.92,-1.2606448120123597,-1.2999961305054988,0.0749881393687296,-1.3,-1.3,2.0
267.934,-1.2606448120123597,-1.2999961305054988,0.0749881393687296,-1.3,-1.3,2.0
267.96,-1.2606448120123597,-1.2999961305054988,0.0749881393687296,-1.3,-1.3,2.0
267.96,-1.2606448120123597,-1.2999961305054988,0.0749881393687296,-1.3,-1.3,2.0
267.972,-1.2606448120123597,-1.2999961305054988,0.0749881393687296,-1.3,-1.3,2.0
267.98,-1.2606448120123597,-1.2999961305054988,0.0749881393687296,-1.3,-1.3,2.0
267.992,-1.2606448120123597,-1.2999961305054988,0.0749881393687296,-1.3,-1.3,2.0
268.007,-1.2606448120123597,-1.2999961305054988,0.0749881393687296,-1.3,-1.3,2.0
268.014,-1.2606448120123597,-1.2999961305054988,0.0749881393687296,-1.3,-1.3,2.0
268.02,-1.2606448120123597,-1.2999961305054988,0.0749881393687296,-1.3,-1.3,2.0
268.058,-1.2606448120123597,-1.2999961305054988,0.0749881393687296,-1.3,-1.3,2.0
268.303,-1.2606448120123597,-1.2999961305054988,0.0749881393687296,-1.3,-1.3,2.0
268.311,-1.2606448120123597,-1.2999961305054988,0.0749881393687296,-1.3,-1.3,2.0
268.32,-1.2606448120123597,-1.2999961305054988,0.0749881393687296,-1.3,-1.3,2.0
268.332,-1.2606448120123597,-1.2999961305054988,0.0749881393687296,-1.3,-1.3,2.0
268.358,-1.2606448120123597,-1.2999961305054988,0.0749881393687296,-1.3,-1.3,2.0
268.36,-1.2606448120123597,-1.2999961305054988,0.0749881393687296,-1.3,-1.3,2.0
268.381,-1.2606448120123597,-1.2999961305054988,0.0749881393687296,-1.3,-1.3,2.0
268.391,-1.2606448120123597,-1.2999961305054988,0.0749881393687296,-1.3,-1.3,2.0
268.407,-1.2606448120123597,-1.2999961305054988,0.0749881393687296,-1.3,-1.3,2.0
268.412,-1.2606448120123597,-1.2999961305054988,0.0749881393687296,-1.3,-1.3,2.0
268.428,-1.2606448120123597,-1.2999961305054988,0.0749881393687296,-1.3,-1.3,2.0
268.43,-1.2606448120123597,-1.2999961305054988,0.0749881393687296,-1.3,-1.3,2.0
268.452,-1.2606448120123597,-1.2999961305054988,0.0749881393687296,-1.3,-1.3,2.0
268.46,-1.2606448120123597,-1.2999961305054988,0.0749881393687296,-1.3,-1.3,2.0
268.473,-1.2606448120123597,-1.2999961305054988,0.0749881393687296,-1.3,-1.3,2.0
268.48,-1.2606448120123597,-1.2999961305054988,0.0749881393687296,-1.3,-1.3,2.0
268.49,-1.2606448120123597,-1.2999961305054988,0.0749881393687296,-1.3,-1.3,2.0
268.5,-1.2606448120123597,-1.2999961305054988,0.0749881393687296,-1.3,-1.3,2.0
268.511,-1.2606448120123597,-1.2999961305054988,0.0749881393687296,-1.3,-1.3,2.0
268.523,-1.2606448120123597,-1.2999961305054988,0.0749881393687296,-1.3,-1.3,2.0
268.532,-1.2606448120123597,-1.2999961305054988,0.0749881393687296,-1.3,-1.3,2.0
268.54,-1.2606448120123597,-1.2999961305054988,0.0749881393687296,-1.3,-1.3,2.0
268.553,-1.2606448120123597,-1.2999961305054988,0.0749881393687296,-1.3,-1.3,2.0
268.58,-1.2606448120123597,-1.2999961305054988,0.0749881393687296,-1.3,-1.3,2.0
268.841,-1.2606448120123597,-1.2999961305054988,0.0749881393687296,-1.3,-1.3,2.0
268.851,-1.2606448120123597,-1.2999961305054988,0.0749881393687296,-1.3,-1.3,2.0
269.18,-1.2606448120123597,-1.2999961305054988,0.0749881393687296,-1.3,-1.3,2.0
269.196,-1.2606448120123597,-1.2999961305054988,0.0749881393687296,-1.3,-1.3,2.0
269.56,-1.2606448120123597,-1.2999961305054988,0.0749881393687296,-1.3,-1.3,2.0
269.572,-1.2606448120123597,-1.2999961305054988,0.0749881393687296,-1.3,-1.3,2.0
269.9,-1.2606448120123597,-1.2999961305054988,0.0749881393687296,-1.3,-1.3,2.0
269.91,-1.2606448120123597,-1.2999961305054988,0.0749881393687296,-1.3,-1.3,2.0
270.252,-1.2606448120123597,-1.2999961305054988,0.0749881393687296,-1.3,-1.3,2.0
270.26,-1.2606448120123597,-1.2999961305054988,0.0749881393687296,-1.3,-1.3,2.0
270.63,-1.2606448120123597,-1.2999961305054988,0.0749881393687296,-1.3,-1.3,2.0
270.642,-1.2606448120123597,-1.2999961305054988,0.0749881393687296,-1.3,-1.3,2.0
270.991,-1.2606448120123597,-1.2999961305054988,0.0749881393687296,-1.3,-1.3,2.0
271.01,-1.2606448120123597,-1.2999961305054988,0.0749881393687296,-1.3,-1.3,2.0
271.412,-1.2606448120123597,-1.2999961305054988,0.0749881393687296,-1.3,-1.3,2.0
271.42,-1.2606448120123597,-1.2999961305054988,0.0749881393687296,-1.3,-1.3,2.0
271.814,-1.2606448120123597,-1.2999961305054988,0.0749881393687296,-1.3,-1.3,2.0
271.827,-1.2606448120123597,-1.2999961305054988,0.0749881393687296,-1.3,-1.3,2.0
272.232,-1.2606448120123597,-1.2999961305054988,0.0749881393687296,-1.3,-1.3,2.0
272.245,-1.2606448120123597,-1.2999961305054988,0.0749881393687296,-1.3,-1.3,2.0
272.256,-1.2606448120123597,-1.2999961305054988,0.0749881393687296,-1.3,-1.3,2.0
272.265,-1.2606448120123597,-1.2999961305054988,0.0749881393687296,-1.3,-1.3,2.0
272.27,-1.2606448120123597,-1.2999961305054988,0.0749881393687296,-1.3,-1.3,2.0
272.296,-1.2606448120123597,-1.2999961305054988,0.0749881393687296,-1.3,-1.3,2.0
272.309,-1.2606448120123597,-1.2999961305054988,0.0749881393687296,-1.3,-1.3,2.0
272.315,-1.2606448120123597,-1.2999961305054988,0.0749881393687296,-1.3,-1.3,2.0
272.326,-1.2606448120123597,-1.2999961305054988,0.0749881393687296,-1.3,-1.3,2.0
272.331,-1.2606448120123597,-1.2999961305054988,0.0749881393687296,-1.3,-1.3,2.0
272.342,-1.2606448120123597,-1.2999961305054988,0.0749881393687296,-1.3,-1.3,2.0
272.35,-1.2606448120123597,-1.2999961305054988,0.0749881393687296,-1.3,-1.3,2.0
272.653,-1.2606448120123597,-1.2999961305054988,0.0749881393687296,-1.3,-1.3,2.0
272.663,-1.2606448120123597,-1.2999961305054988,0.0749881393687296,-1.3,-1.3,2.0
272.677,-1.2606448120123597,-1.2999961305054988,0.0749881393687296,-1.3,-1.3,2.0
272.68,-1.2606448120123597,-1.2999961305054988,0.0749881393687296,-1.3,-1.3,2.0
272.69,-1.2606448120123597,-1.2999961305054988,0.0749881393687296,-1.3,-1.3,2.0
272.703,-1.2606448120123597,-1.2999961305054988,0.0749881393687296,-1.3,-1.3,2.0
272.717,-1.2606448120123597,-1.2999961305054988,0.0749881393687296,-1.3,-1.3,2.0
272.721,-1.2606448120123597,-1.2999961305054988,0.0749881393687296,-1.3,-1.3,2.0
272.734,-1.2606448120123597,-1.2999961305054988,0.0749881393687296,-1.3,-1.3,2.0
272.743,-1.2606448120123597,-1.2999961305054988,0.0749881393687296,-1.3,-1.3,2.0
272.972,-1.2606448120123597,-1.2999961305054988,0.0749881393687296,-1.3,-1.3,2.0
272.98,-1.2606448120123597,-1.2999961305054988,0.0749881393687296,-1.3,-1.3,2.0
273.346,-1.2606448120123597,-1.2999961305054988,0.0749881393687296,-1.3,-1.3,2.0
273.354,-1.2606448120123597,-1.2999961305054988,0.0749881393687296,-1.3,-1.3,2.0
273.7,-1.2606448120123597,-1.2999961305054988,0.0749881393687296,-1.3,-1.3,2.0
273.712,-1.2606448120123597,-1.2999961305054988,0.0749881393687296,-1.3,-1.3,2.0
274.082,-1.2606448120123597,-1.2999961305054988,0.0749881393687296,-1.3,-1.3,2.0
274.092,-1.2606448120123597,-1.2999961305054988,0.0749881393687296,-1.3,-1.3,2.0
274.46,-1.2606448120123597,-1.2999961305054988,0.0749881393687296,-1.3,-1.3,2.0
274.473,-1.2606448120123597,-1.2999961305054988,0.0749881393687296,-1.3,-1.3,2.0
274.852,-1.2606448120123597,-1.2999961305054988,0.0749881393687296,-1.3,-1.3,2.0
274.86,-1.2606448120123597,-1.2999961305054988,0.0749881393687296,-1.3,-1.3,2.0
274.87,-1.2606448120123597,-1.2999961305054988,0.0749881393687296,-1.3,-1.3,2.0
274.886,-1.2606448120123597,-1.2999961305054988,0.0749881393687296,-1.3,-1.3,2.0
274.9,-1.2606448120123597,-1.2999961305054988,0.0749881393687296,-1.3,-1.3,2.0
274.9,-1.2606448120123597,-1.2999961305054988,0.0749881393687296,-1.3,-1.3,2.0
274.91,-1.2606448120123597,-1.2999961305054988,0.0749881393687296,-1.3,-1.3,2.0
274.92,-1.2606448120123597,-1.2999961305054988,0.0749881393687296,-1.3,-1.3,2.0
274.932,-1.2606448120123597,-1.2999961305054988,0.0749881393687296,-1.3,-1.3,2.0
274.943,-1.2606448120123597,-1.2999961305054988,0.0749881393687296,-1.3,-1.3,2.0
274.952,-1.2606448120123597,-1.2999961305054988,0.0749881393687296,-1.3,-1.3,2.0
274.96,-1.2606448120123597,-1.2999961305054988,0.0749881393687296,-1.3,-1.3,2.0
274.983,-1.2606448120123597,-1.2999961305054988,0.0749881393687296,-1.3,-1.3,2.0
274.997,-1.2606448120123597,-1.2999961305054988,0.0749881393687296,-1.3,-1.3,2.0
275.008,-1.2606448120123597,-1.2999961305054988,0.0749881393687296,-1.3,-1.3,2.0
275.01,-1.2606448120123597,-1.2999961305054988,0.0749881393687296,-1.3,-1.3,2.0
275.02,-1.2606448120123597,-1.2999961305054988,0.0749881393687296,-1.3,-1.3,2.0
275.035,-1.2606448120123597,-1.2999961305054988,0.0749881393687296,-1.3,-1.3,2.0
275.041,-1.2606448120123597,-1.2999961305054988,0.0749881393687296,-1.3,-1.3,2.0
275.052,-1.2606448120123597,-1.2999961305054988,0.0749881393687296,-1.3,-1.3,2.0
275.38,-1.2606448120123597,-1.2999961305054988,0.0749881393687296,-1.3,-1.3,2.0
275.395,-1.2606448120123597,-1.2999961305054988,0.0749881393687296,-1.3,-1.3,2.0
275.417,-1.2606448120123597,-1.2999961305054988,0.0749881393687296,-1.3,-1.3,2.0
275.423,-1.2606448120123597,-1.2999961305054988,0.0749881393687296,-1.3,-1.3,2.0
275.435,-1.2606448120123597,-1.2999961305054988,0.0749881393687296,-1.3,-1.3,2.0
275.447,-1.2606448120123597,-1.2999961305054988,0.0749881393687296,-1.3,-1.3,2.0
275.457,-1.2606448120123597,-1.2999961305054988,0.0749881393687296,-1.3,-1.3,2.0
275.461,-1.2606448120123597,-1.2999961305054988,0.0749881393687296,-1.3,-1.3,2.0
275.472,-1.2606448120123597,-1.2999961305054988,0.0749881393687296,-1.3,-1.3,2.0
275.484,-1.2606448120123597,-1.2999961305054988,0.0749881393687296,-1.3,-1.3,2.0
275.497,-1.2606448120123597,-1.2999961305054988,0.0749881393687296,-1.3,-1.3,2.0
275.509,-1.2606448120123597,-1.2999961305054988,0.0749881393687296,-1.3,-1.3,2.0
275.522,-1.2606448120123597,-1.2999961305054988,0.0749881393687296,-1.3,-1.3,2.0
275.532,-1.2606448120123597,-1.2999961305054988,0.0749881393687296,-1.3,-1.3,2.0
275.54,-1.2606448120123597,-1.2999961305054988,0.0749881393687296,-1.3,-1.3,2.0
275.556,-1.2606448120123597,-1.2999961305054988,0.0749881393687296,-1.3,-1.3,2.0
275.564,-1.2606448120123597,-1.2999961305054988,0.0749881393687296,-1.3,-1.3,2.0
275.575,-1.2606448120123597,-1.2999961305054988,0.0749881393687296,-1.3,-1.3,2.0
275.58,-1.2606448120123597,-1.2999961305054988,0.0749881393687296,-1.3,-1.3,2.0
275.59,-1.2606448120123597,-1.2999961305054988,0.0749881393687296,-1.3,-1.3,2.0
275.601,-1.2606448120123597,-1.2999961305054988,0.0749881393687296,-1.3,-1.3,2.0
275.612,-1.2606448120123597,-1.2999961305054988,0.0749881393687296,-1.3,-1.3,2.0
275.62,-1.2606448120123597,-1.2999961305054988,0.0749881393687296,-1.3,-1.3,2.0
275.636,-1.2606448120123597,-1.2999961305054988,0.0749881393687296,-1.3,-1.3,2.0
275.64,-1.2606448120123597,-1.2999961305054988,0.0749881393687296,-1.3,-1.3,2.0
275.66,-1.2606448120123597,-1.2999961305054988,0.0749881393687296,-1.3,-1.3,2.0
275.66,-1.2606448120123597,-1.2999961305054988,0.0749881393687296,-1.3,-1.3,2.0
275.675,-1.2606448120123597,-1.2999961305054988,0.0749881393687296,-1.3,-1.3,2.0
275.68,-1.2606448120123597,-1.2999961305054988,0.0749881393687296,-1.3,-1.3,2.0
275.697,-1.2606448120123597,-1.2999961305054988,0.0749881393687296,-1.3,-1.3,2.0
275.704,-1.2606448120123597,-1.2999961305054988,0.0749881393687296,-1.3,-1.3,2.0
275.716,-1.2606448120123597,-1.2999961305054988,0.0749881393687296,-1.3,-1.3,2.0
275.725,-1.2606448120123597,-1.2999961305054988,0.0749881393687296,-1.3,-1.3,2.0
275.734,-1.2606448120123597,-1.2999961305054988,0.0749881393687296,-1.3,-1.3,2.0
275.74,-1.2606448120123597,-1.2999961305054988,0.0749881393687296,-1.3,-1.3,2.0
275.753,-1.2606448120123597,-1.2999961305054988,0.0749881393687296,-1.3,-1.3,2.0
276.0,-1.2606448120123597,-1.2999961305054988,0.0749881393687296,-1.3,-1.3,2.0
276.011,-1.2606448120123597,-1.2999961305054988,0.0749881393687296,-1.3,-1.3,2.0
276.02,-1.2606448120123597,-1.2999961305054988,0.0749881393687296,-1.3,-1.3,2.0
276.033,-1.2606448120123597,-1.2999961305054988,0.0749881393687296,-1.3,-1.3,2.0
276.041,-1.2606448120123597,-1.2999961305054988,0.0749881393687296,-1.3,-1.3,2.0
276.061,-1.2606448120123597,-1.2999961305054988,0.0749881393687296,-1.3,-1.3,2.0
276.074,-1.2606448120123597,-1.2999961305054988,0.0749881393687296,-1.3,-1.3,2.0
276.08,-1.2606448120123597,-1.2999961305054988,0.0749881393687296,-1.3,-1.3,2.0
276.093,-1.2606448120123597,-1.2999961305054988,0.0749881393687296,-1.3,-1.3,2.0
276.1,-1.2606448120123597,-1.2999961305054988,0.0749881393687296,-1.3,-1.3,2.0
276.117,-1.2606448120123597,-1.2999961305054988,0.0749881393687296,-1.3,-1.3,2.0
276.12,-1.2606448120123597,-1.2999961305054988,0.0749881393687296,-1.3,-1.3,2.0
276.134,-1.2606448120123597,-1.2999961305054988,0.0749881393687296,-1.3,-1.3,2.0
276.14,-1.2606448120123597,-1.2999961305054988,0.0749881393687296,-1.3,-1.3,2.0
276.15,-1.2606448120123597,-1.2999961305054988,0.0749881393687296,-1.3,-1.3,2.0
276.16,-1.2606448120123597,-1.2999961305054988,0.0749881393687296,-1.3,-1.3,2.0
276.17,-1.2606448120123597,-1.2999961305054988,0.0749881393687296,-1.3,-1.3,2.0
276.188,-1.2606448120123597,-1.2999961305054988,0.0749881393687296,-1.3,-1.3,2.0
276.191,-1.2606448120123597,-1.2999961305054988,0.0749881393687296,-1.3,-1.3,2.0
276.2,-1.2606448120123597,-1.2999961305054988,0.0749881393687296,-1.3,-1.3,2.0
276.21,-1.2606448120123597,-1.2999961305054988,0.0749881393687296,-1.3,-1.3,2.0
276.225,-1.2606448120123597,-1.2999961305054988,0.0749881393687296,-1.3,-1.3,2.0
276.23,-1.2606448120123597,-1.2999961305054988,0.0749881393687296,-1.3,-1.3,2.0
276.248,-1.2606448120123597,-1.2999961305054988,0.0749881393687296,-1.3,-1.3,2.0
276.493,-1.2606448120123597,-1.2999961305054988,0.0749881393687296,-1.3,-1.3,2.0
276.502,-1.2606448120123597,-1.2999961305054988,0.0749881393687296,-1.3,-1.3,2.0
276.525,-1.2606448120123597,-1.2999961305054988,0.0749881393687296,-1.3,-1.3,2.0
276.533,-1.2606448120123597,-1.2999961305054988,0.0749881393687296,-1.3,-1.3,2.0
276.542,-1.2606448120123597,-1.2999961305054988,0.0749881393687296,-1.3,-1.3,2.0
276.552,-1.2606448120123597,-1.2999961305054988,0.0749881393687296,-1.3,-1.3,2.0
276.56,-1.2606448120123597,-1.2999961305054988,0.0749881393687296,-1.3,-1.3,2.0
276.577,-1.2606448120123597,-1.2999961305054988,0.0749881393687296,-1.3,-1.3,2.0
276.58,-1.2606448120123597,-1.2999961305054988,0.0749881393687296,-1.3,-1.3,2.0
276.59,-1.2606448120123597,-1.2999961305054988,0.0749881393687296,-1.3,-1.3,2.0
276.6,-1.2606448120123597,-1.2999961305054988,0.0749881393687296,-1.3,-1.3,2.0
276.612,-1.2606448120123597,-1.2999961305054988,0.0749881393687296,-1.3,-1.3,2.0
276.621,-1.2606448120123597,-1.2999961305054988,0.0749881393687296,-1.3,-1.3,2.0
276.637,-1.2606448120123597,-1.2999961305054988,0.0749881393687296,-1.3,-1.3,2.0
276.654,-1.2606448120123597,-1.2999961305054988,0.0749881393687296,-1.3,-1.3,2.0
276.66,-1.2606448120123597,-1.2999961305054988,0.0749881393687296,-1.3,-1.3,2.0
276.68,-1.2606448120123597,-1.2999961305054988,0.0749881393687296,-1.3,-1.3,2.0
276.682,-1.2606448120123597,-1.2999961305054988,0.0749881393687296,-1.3,-1.3,2.0
276.69,-1.2606448120123597,-1.2999961305054988,0.0749881393687296,-1.3,-1.3,2.0
276.7,-1.2606448120123597,-1.2999961305054988,0.0749881393687296,-1.3,-1.3,2.0
276.715,-1.2606448120123597,-1.2999961305054988,0.0749881393687296,-1.3,-1.3,2.0
276.731,-1.2606448120123597,-1.2999961305054988,0.0749881393687296,-1.3,-1.3,2.0
276.745,-1.2606448120123597,-1.2999961305054988,0.0749881393687296,-1.3,-1.3,2.0
276.753,-1.2606448120123597,-1.2999961305054988,0.0749881393687296,-1.3,-1.3,2.0
276.96,-1.2606448120123597,-1.2999961305054988,0.0749881393687296,-1.3,-1.3,2.0
276.97,-1.2606448120123597,-1.2999961305054988,0.0749881393687296,-1.3,-1.3,2.0
276.986,-1.2606448120123597,-1.2999961305054988,0.0749881393687296,-1.3,-1.3,2.0
276.991,-1.2606448120123597,-1.2999961305054988,0.0749881393687296,-1.3,-1.3,2.0
277.0,-1.2606448120123597,-1.2999961305054988,0.0749881393687296,-1.3,-1.3,2.0
277.034,-1.2606448120123597,-1.2999961305054988,0.0749881393687296,-1.3,-1.3,2.0
277.049,-1.2606448120123597,-1.2999961305054988,0.0749881393687296,-1.3,-1.3,2.0
277.05,-1.2606448120123597,-1.2999961305054988,0.0749881393687296,-1.3,-1.3,2.0
277.06,-1.2606448120123597,-1.2999961305054988,0.0749881393687296,-1.3,-1.3,2.0
277.071,-1.2606448120123597,-1.2999961305054988,0.0749881393687296,-1.3,-1.3,2.0
277.084,-1.2606448120123597,-1.2999961305054988,0.0749881393687296,-1.3,-1.3,2.0
277.091,-1.2606448120123597,-1.2999961305054988,0.0749881393687296,-1.3,-1.3,2.0
277.101,-1.2606448120123597,-1.2999961305054988,0.0749881393687296,-1.3,-1.3,2.0
277.116,-1.2606448120123597,-1.2999961305054988,0.0749881393687296,-1.3,-1.3,2.0
277.133,-1.2606448120123597,-1.2999961305054988,0.0749881393687296,-1.3,-1.3,2.0
277.147,-1.2606448120123597,-1.2999961305054988,0.0749881393687296,-1.3,-1.3,2.0
277.153,-1.2606448120123597,-1.2999961305054988,0.0749881393687296,-1.3,-1.3,2.0
277.16,-1.2606448120123597,-1.2999961305054988,0.0749881393687296,-1.3,-1.3,2.0
277.171,-1.2606448120123597,-1.2999961305054988,0.0749881393687296,-1.3,-1.3,2.0
277.183,-1.2606448120123597,-1.2999961305054988,0.0749881393687296,-1.3,-1.3,2.0
277.19,-1.2606448120123597,-1.2999961305054988,0.0749881393687296,-1.3,-1.3,2.0
277.2,-1.2606448120123597,-1.2999961305054988,0.0749881393687296,-1.3,-1.3,2.0
277.214,-1.2606448120123597,-1.2999961305054988,0.0749881393687296,-1.3,-1.3,2.0
277.225,-1.2606448120123597,-1.2999961305054988,0.0749881393687296,-1.3,-1.3,2.0
277.233,-1.2606448120123597,-1.2999961305054988,0.0749881393687296,-1.3,-1.3,2.0
277.252,-1.2606448120123597,-1.2999961305054988,0.0749881393687296,-1.3,-1.3,2.0
277.545,-1.2606448120123597,-1.2999961305054988,0.0749881393687296,-1.3,-1.3,2.0
277.552,-1.2606448120123597,-1.2999961305054988,0.0749881393687296,-1.3,-1.3,2.0
277.56,-1.2606448120123597,-1.2999961305054988,0.0749881393687296,-1.3,-1.3,2.0
277.574,-1.2606448120123597,-1.2999961305054988,0.0749881393687296,-1.3,-1.3,2.0
277.58,-1.2606448120123597,-1.2999961305054988,0.0749881393687296,-1.3,-1.3,2.0
277.597,-1.2606448120123597,-1.2999961305054988,0.0749881393687296,-1.3,-1.3,2.0
277.6,-1.2606448120123597,-1.2999961305054988,0.0749881393687296,-1.3,-1.3,2.0
277.624,-1.2606448120123597,-1.2999961305054988,0.0749881393687296,-1.3,-1.3,2.0
277.64,-1.2606448120123597,-1.2999961305054988,0.0749881393687296,-1.3,-1.3,2.0
277.64,-1.2606448120123597,-1.2999961305054988,0.0749881393687296,-1.3,-1.3,2.0
277.65,-1.2606448120123597,-1.2999961305054988,0.0749881393687296,-1.3,-1.3,2.0
277.66,-1.2606448120123597,-1.2999961305054988,0.0749881393687296,-1.3,-1.3,2.0
277.67,-1.2606448120123597,-1.2999961305054988,0.0749881393687296,-1.3,-1.3,2.0
277.68,-1.2606448120123597,-1.2999961305054988,0.0749881393687296,-1.3,-1.3,2.0
277.692,-1.2606448120123597,-1.2999961305054988,0.0749881393687296,-1.3,-1.3,2.0
277.707,-1.2606448120123597,-1.2999961305054988,0.0749881393687296,-1.3,-1.3,2.0
277.73,-1.2606448120123597,-1.2999961305054988,0.0749881393687296,-1.3,-1.3,2.0
277.73,-1.2606448120123597,-1.2999961305054988,0.0749881393687296,-1.3,-1.3,2.0
277.756,-1.2606448120123597,-1.2999961305054988,0.0749881393687296,-1.3,-1.3,2.0
277.76,-1.2606448120123597,-1.2999961305054988,0.0749881393687296,-1.3,-1.3,2.0
277.77,-1.2606448120123597,-1.2999961305054988,0.0749881393687296,-1.3,-1.3,2.0
277.78,-1.2606448120123597,-1.2999961305054988,0.0749881393687296,-1.3,-1.3,2.0
277.791,-1.2606448120123597,-1.2999961305054988,0.0749881393687296,-1.3,-1.3,2.0
277.803,-1.2606448120123597,-1.2999961305054988,0.0749881393687296,-1.3,-1.3,2.0
277.811,-1.2606448120123597,-1.2999961305054988,0.0749881393687296,-1.3,-1.3,2.0
277.822,-1.2606448120123597,-1.2999961305054988,0.0749881393687296,-1.3,-1.3,2.0
277.831,-1.2606448120123597,-1.2999961305054988,0.0749881393687296,-1.3,-1.3,2.0
277.84,-1.2606448120123597,-1.2999961305054988,0.0749881393687296,-1.3,-1.3,2.0
278.103,-1.2606448120123597,-1.2999961305054988,0.0749881393687296,-1.3,-1.3,2.0
278.11,-1.2606448120123597,-1.2999961305054988,0.0749881393687296,-1.3,-1.3,2.0
278.533,-1.2606448120123597,-1.2999961305054988,0.0749881393687296,-1.3,-1.3,2.0
278.541,-1.2606448120123597,-1.2999961305054988,0.0749881393687296,-1.3,-1.3,2.0
278.9,-1.2606448120123597,-1.2999961305054988,0.0749881393687296,-1.3,-1.3,2.0
278.91,-1.2606448120123597,-1.2999961305054988,0.0749881393687296,-1.3,-1.3,2.0
279.311,-1.2606448120123597,-1.2999961305054988,0.0749881393687296,-1.3,-1.3,2.0
279.321,-1.2606448120123597,-1.2999961305054988,0.0749881393687296,-1.3,-1.3,2.0
279.672,-1.2606448120123597,-1.2999961305054988,0.0749881393687296,-1.3,-1.3,2.0
279.68,-1.2606448120123597,-1.2999961305054988,0.0749881393687296,-1.3,-1.3,2.0
280.04,-1.2606448120123597,-1.2999961305054988,0.0749881393687296,-1.3,-1.3,2.0
280.06,-1.2606448120123597,-1.2999961305054988,0.0749881393687296,-1.3,-1.3,2.0
280.331,-1.2606448120123597,-1.2999961305054988,0.0749881393687296,-1.3,-1.3,2.0
280.341,-1.2606448120123597,-1.2999961305054988,0.0749881393687296,-1.3,-1.3,2.0
280.738,-1.2606448120123597,-1.2999961305054988,0.0749881393687296,-1.3,-1.3,2.0
280.74,-1.2606448120123597,-1.2999961305054988,0.0749881393687296,-1.3,-1.3,2.0
281.133,-1.2606448120123597,-1.2999961305054988,0.0749881393687296,-1.3,-1.3,2.0
281.141,-1.2606448120123597,-1.2999961305054988,0.0749881393687296,-1.3,-1.3,2.0
281.53,-1.2606448120123597,-1.2999961305054988,0.0749881393687296,-1.3,-1.3,2.0
281.54,-1.2606448120123597,-1.2999961305054988,0.0749881393687296,-1.3,-1.3,2.0
281.552,-1.2606448120123597,-1.2999961305054988,0.0749881393687296,-1.3,-1.3,2.0
281.56,-1.2606448120123597,-1.2999961305054988,0.0749881393687296,-1.3,-1.3,2.0
281.57,-1.2606448120123597,-1.2999961305054988,0.0749881393687296,-1.3,-1.3,2.0
281.586,-1.2606448120123597,-1.2999961305054988,0.0749881393687296,-1.3,-1.3,2.0
281.602,-1.2606448120123597,-1.2999961305054988,0.0749881393687296,-1.3,-1.3,2.0
281.618,-1.2606448120123597,-1.2999961305054988,0.0749881393687296,-1.3,-1.3,2.0
281.622,-1.2606448120123597,-1.2999961305054988,0.0749881393687296,-1.3,-1.3,2.0
281.634,-1.2606448120123597,-1.2999961305054988,0.0749881393687296,-1.3,-1.3,2.0
281.646,-1.2606448120123597,-1.2999961305054988,0.0749881393687296,-1.3,-1.3,2.0
281.652,-1.2606448120123597,-1.2999961305054988,0.0749881393687296,-1.3,-1.3,2.0
281.971,-1.2606448120123597,-1.2999961305054988,0.0749881393687296,-1.3,-1.3,2.0
281.984,-1.2606448120123597,-1.2999961305054988,0.0749881393687296,-1.3,-1.3,2.0
281.993,-1.2606448120123597,-1.2999961305054988,0.0749881393687296,-1.3,-1.3,2.0
282.0,-1.2606448120123597,-1.2999961305054988,0.0749881393687296,-1.3,-1.3,2.0
282.013,-1.2606448120123597,-1.2999961305054988,0.0749881393687296,-1.3,-1.3,2.0
282.024,-1.2606448120123597,-1.2999961305054988,0.0749881393687296,-1.3,-1.3,2.0
282.033,-1.2606448120123597,-1.2999961305054988,0.0749881393687296,-1.3,-1.3,2.0
282.046,-1.2606448120123597,-1.2999961305054988,0.0749881393687296,-1.3,-1.3,2.0
282.05,-1.2606448120123597,-1.2999961305054988,0.0749881393687296,-1.3,-1.3,2.0
282.076,-1.2606448120123597,-1.2999961305054988,0.0749881393687296,-1.3,-1.3,2.0
282.08,-1.2606448120123597,-1.2999961305054988,0.0749881393687296,-1.3,-1.3,2.0
282.091,-1.2606448120123597,-1.2999961305054988,0.0749881393687296,-1.3,-1.3,2.0
282.1,-1.2606448120123597,-1.2999961305054988,0.0749881393687296,-1.3,-1.3,2.0
282.113,-1.2606448120123597,-1.2999961305054988,0.0749881393687296,-1.3,-1.3,2.0
282.128,-1.2606448120123597,-1.2999961305054988,0.0749881393687296,-1.3,-1.3,2.0
282.132,-1.2606448120123597,-1.2999961305054988,0.0749881393687296,-1.3,-1.3,2.0
282.141,-1.2606448120123597,-1.2999961305054988,0.0749881393687296,-1.3,-1.3,2.0
282.154,-1.2606448120123597,-1.2999961305054988,0.0749881393687296,-1.3,-1.3,2.0
282.16,-1.2606448120123597,-1.2999961305054988,0.0749881393687296,-1.3,-1.3,2.0
282.179,-1.2606448120123597,-1.2999961305054988,0.0749881393687296,-1.3,-1.3,2.0
282.18,-1.2606448120123597,-1.2999961305054988,0.0749881393687296,-1.3,-1.3,2.0
282.19,-1.2606448120123597,-1.2999961305054988,0.0749881393687296,-1.3,-1.3,2.0
282.214,-1.2606448120123597,-1.2999961305054988,0.0749881393687296,-1.3,-1.3,2.0
282.221,-1.2606448120123597,-1.2999961305054988,0.0749881393687296,-1.3,-1.3,2.0
282.233,-1.2606448120123597,-1.2999961305054988,0.0749881393687296,-1.3,-1.3,2.0
282.241,-1.2606448120123597,-1.2999961305054988,0.0749881393687296,-1.3,-1.3,2.0
282.25,-1.2606448120123597,-1.2999961305054988,0.0749881393687296,-1.3,-1.3,2.0
282.276,-1.2606448120123597,-1.2999961305054988,0.0749881393687296,-1.3,-1.3,2.0
282.286,-1.2606448120123597,-1.2999961305054988,0.0749881393687296,-1.3,-1.3,2.0
282.297,-1.2606448120123597,-1.2999961305054988,0.0749881393687296,-1.3,-1.3,2.0
282.307,-1.2606448120123597,-1.2999961305054988,0.0749881393687296,-1.3,-1.3,2.0
282.311,-1.2606448120123597,-1.2999961305054988,0.0749881393687296,-1.3,-1.3,2.0
282.325,-1.2606448120123597,-1.2999961305054988,0.0749881393687296,-1.3,-1.3,2.0
282.33,-1.2606448120123597,-1.2999961305054988,0.0749881393687296,-1.3,-1.3,2.0
282.345,-1.2606448120123597,-1.2999961305054988,0.0749881393687296,-1.3,-1.3,2.0
282.353,-1.2606448120123597,-1.2999961305054988,0.0749881393687296,-1.3,-1.3,2.0
282.67,-1.2606448120123597,-1.2999961305054988,0.0749881393687296,-1.3,-1.3,2.0
282.68,-1.2606448120123597,-1.2999961305054988,0.0749881393687296,-1.3,-1.3,2.0
283.04,-1.2606448120123597,-1.2999961305054988,0.0749881393687296,-1.3,-1.3,2.0
283.05,-1.2606448120123597,-1.2999961305054988,0.0749881393687296,-1.3,-1.3,2.0
283.351,-1.2606448120123597,-1.2999961305054988,0.0749881393687296,-1.3,-1.3,2.0
283.36,-1.2606448120123597,-1.2999961305054988,0.0749881393687296,-1.3,-1.3,2.0
283.701,-1.2606448120123597,-1.2999961305054988,0.0749881393687296,-1.3,-1.3,2.0
283.712,-1.2606448120123597,-1.2999961305054988,0.0749881393687296,-1.3,-1.3,2.0
284.031,-1.2606448120123597,-1.2999961305054988,0.0749881393687296,-1.3,-1.3,2.0
284.046,-1.2606448120123597,-1.2999961305054988,0.0749881393687296,-1.3,-1.3,2.0
284.05,-1.2606448120123597,-1.2999961305054988,0.0749881393687296,-1.3,-1.3,2.0
284.06,-1.2606448120123597,-1.2999961305054988,0.0749881393687296,-1.3,-1.3,2.0
284.076,-1.2606448120123597,-1.2999961305054988,0.0749881393687296,-1.3,-1.3,2.0
284.08,-1.2606448120123597,-1.2999961305054988,0.0749881393687296,-1.3,-1.3,2.0
284.102,-1.2606448120123597,-1.2999961305054988,0.0749881393687296,-1.3,-1.3,2.0
284.112,-1.2606448120123597,-1.2999961305054988,0.0749881393687296,-1.3,-1.3,2.0
284.122,-1.2606448120123597,-1.2999961305054988,0.0749881393687296,-1.3,-1.3,2.0
284.13,-1.2606448120123597,-1.2999961305054988,0.0749881393687296,-1.3,-1.3,2.0
284.141,-1.2606448120123597,-1.2999961305054988,0.0749881393687296,-1.3,-1.3,2.0
284.156,-1.2606448120123597,-1.2999961305054988,0.0749881393687296,-1.3,-1.3,2.0
284.414,-1.2606448120123597,-1.2999961305054988,0.0749881393687296,-1.3,-1.3,2.0
284.423,-1.2606448120123597,-1.2999961305054988,0.0749881393687296,-1.3,-1.3,2.0
284.743,-1.2606448120123597,-1.2999961305054988,0.0749881393687296,-1.3,-1.3,2.0
284.764,-1.2606448120123597,-1.2999961305054988,0.0749881393687296,-1.3,-1.3,2.0
284.772,-1.2606448120123597,-1.2999961305054988,0.0749881393687296,-1.3,-1.3,2.0
284.78,-1.2606448120123597,-1.2999961305054988,0.0749881393687296,-1.3,-1.3,2.0
284.801,-1.2606448120123597,-1.2999961305054988,0.0749881393687296,-1.3,-1.3,2.0
284.813,-1.2606448120123597,-1.2999961305054988,0.0749881393687296,-1.3,-1.3,2.0
284.825,-1.2606448120123597,-1.2999961305054988,0.0749881393687296,-1.3,-1.3,2.0
284.833,-1.2606448120123597,-1.2999961305054988,0.0749881393687296,-1.3,-1.3,2.0
284.84,-1.2606448120123597,-1.2999961305054988,0.0749881393687296,-1.3,-1.3,2.0
284.854,-1.2606448120123597,-1.2999961305054988,0.0749881393687296,-1.3,-1.3,2.0
284.86,-1.2606448120123597,-1.2999961305054988,0.0749881393687296,-1.3,-1.3,2.0
284.87,-1.2606448120123597,-1.2999961305054988,0.0749881393687296,-1.3,-1.3,2.0
284.88,-1.2606448120123597,-1.2999961305054988,0.0749881393687296,-1.3,-1.3,2.0
284.894,-1.2606448120123597,-1.2999961305054988,0.0749881393687296,-1.3,-1.3,2.0
284.902,-1.2606448120123597,-1.2999961305054988,0.0749881393687296,-1.3,-1.3,2.0
284.914,-1.2606448120123597,-1.2999961305054988,0.0749881393687296,-1.3,-1.3,2.0
284.921,-1.2606448120123597,-1.2999961305054988,0.0749881393687296,-1.3,-1.3,2.0
284.93,-1.2606448120123597,-1.2999961305054988,0.0749881393687296,-1.3,-1.3,2.0
284.947,-1.2606448120123597,-1.2999961305054988,0.0749881393687296,-1.3,-1.3,2.0
284.952,-1.2606448120123597,-1.2999961305054988,0.0749881393687296,-1.3,-1.3,2.0
284.96,-1.2606448120123597,-1.2999961305054988,0.0749881393687296,-1.3,-1.3,2.0
284.971,-1.2606448120123597,-1.2999961305054988,0.0749881393687296,-1.3,-1.3,2.0
284.98,-1.2606448120123597,-1.2999961305054988,0.0749881393687296,-1.3,-1.3,2.0
284.999,-1.2606448120123597,-1.2999961305054988,0.0749881393687296,-1.3,-1.3,2.0
285.006,-1.2606448120123597,-1.2999961305054988,0.0749881393687296,-1.3,-1.3,2.0
285.01,-1.2606448120123597,-1.2999961305054988,0.0749881393687296,-1.3,-1.3,2.0
285.024,-1.2606448120123597,-1.2999961305054988,0.0749881393687296,-1.3,-1.3,2.0
285.046,-1.2606448120123597,-1.2999961305054988,0.0749881393687296,-1.3,-1.3,2.0
285.05,-1.2606448120123597,-1.2999961305054988,0.0749881393687296,-1.3,-1.3,2.0
285.06,-1.2606448120123597,-1.2999961305054988,0.0749881393687296,-1.3,-1.3,2.0
285.076,-1.2606448120123597,-1.2999961305054988,0.0749881393687296,-1.3,-1.3,2.0
285.08,-1.2606448120123597,-1.2999961305054988,0.0749881393687296,-1.3,-1.3,2.0
285.09,-1.2606448120123597,-1.2999961305054988,0.0749881393687296,-1.3,-1.3,2.0
285.102,-1.2606448120123597,-1.2999961305054988,0.0749881393687296,-1.3,-1.3,2.0
285.11,-1.2606448120123597,-1.2999961305054988,0.0749881393687296,-1.3,-1.3,2.0
285.122,-1.2606448120123597,-1.2999961305054988,0.0749881393687296,-1.3,-1.3,2.0
285.14,-1.2606448120123597,-1.2999961305054988,0.0749881393687296,-1.3,-1.3,2.0
285.143,-1.2606448120123597,-1.2999961305054988,0.0749881393687296,-1.3,-1.3,2.0
285.154,-1.2606448120123597,-1.2999961305054988,0.0749881393687296,-1.3,-1.3,2.0
285.173,-1.2606448120123597,-1.2999961305054988,0.0749881393687296,-1.3,-1.3,2.0
285.184,-1.2606448120123597,-1.2999961305054988,0.0749881393687296,-1.3,-1.3,2.0
285.192,-1.2606448120123597,-1.2999961305054988,0.0749881393687296,-1.3,-1.3,2.0
285.201,-1.2606448120123597,-1.2999961305054988,0.0749881393687296,-1.3,-1.3,2.0
285.21,-1.2606448120123597,-1.2999961305054988,0.0749881393687296,-1.3,-1.3,2.0
285.22,-1.2606448120123597,-1.2999961305054988,0.0749881393687296,-1.3,-1.3,2.0
285.242,-1.2606448120123597,-1.2999961305054988,0.0749881393687296,-1.3,-1.3,2.0
285.255,-1.2606448120123597,-1.2999961305054988,0.0749881393687296,-1.3,-1.3,2.0
285.26,-1.2606448120123597,-1.2999961305054988,0.0749881393687296,-1.3,-1.3,2.0
285.486,-1.2606448120123597,-1.2999961305054988,0.0749881393687296,-1.3,-1.3,2.0
285.511,-1.2606448120123597,-1.2999961305054988,0.0749881393687296,-1.3,-1.3,2.0
285.523,-1.2606448120123597,-1.2999961305054988,0.0749881393687296,-1.3,-1.3,2.0
285.531,-1.2606448120123597,-1.2999961305054988,0.0749881393687296,-1.3,-1.3,2.0
285.541,-1.2606448120123597,-1.2999961305054988,0.0749881393687296,-1.3,-1.3,2.0
285.551,-1.2606448120123597,-1.2999961305054988,0.0749881393687296,-1.3,-1.3,2.0
285.572,-1.2606448120123597,-1.2999961305054988,0.0749881393687296,-1.3,-1.3,2.0
285.58,-1.2606448120123597,-1.2999961305054988,0.0749881393687296,-1.3,-1.3,2.0
285.592,-1.2606448120123597,-1.2999961305054988,0.0749881393687296,-1.3,-1.3,2.0
285.604,-1.2606448120123597,-1.2999961305054988,0.0749881393687296,-1.3,-1.3,2.0
285.61,-1.2606448120123597,-1.2999961305054988,0.0749881393687296,-1.3,-1.3,2.0
285.624,-1.2606448120123597,-1.2999961305054988,0.0749881393687296,-1.3,-1.3,2.0
285.631,-1.2606448120123597,-1.2999961305054988,0.0749881393687296,-1.3,-1.3,2.0
285.641,-1.2606448120123597,-1.2999961305054988,0.0749881393687296,-1.3,-1.3,2.0
285.65,-1.2606448120123597,-1.2999961305054988,0.0749881393687296,-1.3,-1.3,2.0
285.66,-1.2606448120123597,-1.2999961305054988,0.0749881393687296,-1.3,-1.3,2.0
285.676,-1.2606448120123597,-1.2999961305054988,0.0749881393687296,-1.3,-1.3,2.0
285.681,-1.2606448120123597,-1.2999961305054988,0.0749881393687296,-1.3,-1.3,2.0
285.691,-1.2606448120123597,-1.2999961305054988,0.0749881393687296,-1.3,-1.3,2.0
285.716,-1.2606448120123597,-1.2999961305054988,0.0749881393687296,-1.3,-1.3,2.0
285.725,-1.2606448120123597,-1.2999961305054988,0.0749881393687296,-1.3,-1.3,2.0
285.731,-1.2606448120123597,-1.2999961305054988,0.0749881393687296,-1.3,-1.3,2.0
285.741,-1.2606448120123597,-1.2999961305054988,0.0749881393687296,-1.3,-1.3,2.0
285.756,-1.2606448120123597,-1.2999961305054988,0.0749881393687296,-1.3,-1.3,2.0
285.76,-1.2606448120123597,-1.2999961305054988,0.0749881393687296,-1.3,-1.3,2.0
285.77,-1.2606448120123597,-1.2999961305054988,0.0749881393687296,-1.3,-1.3,2.0
285.783,-1.2606448120123597,-1.2999961305054988,0.0749881393687296,-1.3,-1.3,2.0
285.79,-1.2606448120123597,-1.2999961305054988,0.0749881393687296,-1.3,-1.3,2.0
285.8,-1.2606448120123597,-1.2999961305054988,0.0749881393687296,-1.3,-1.3,2.0
285.82,-1.2606448120123597,-1.2999961305054988,0.0749881393687296,-1.3,-1.3,2.0
285.82,-1.2606448120123597,-1.2999961305054988,0.0749881393687296,-1.3,-1.3,2.0
285.838,-1.2606448120123597,-1.2999961305054988,0.0749881393687296,-1.3,-1.3,2.0
285.847,-1.2606448120123597,-1.2999961305054988,0.0749881393687296,-1.3,-1.3,2.0
285.856,-1.2606448120123597,-1.2999961305054988,0.0749881393687296,-1.3,-1.3,2.0
285.87,-1.2606448120123597,-1.2999961305054988,0.0749881393687296,-1.3,-1.3,2.0
285.87,-1.2606448120123597,-1.2999961305054988,0.0749881393687296,-1.3,-1.3,2.0
285.88,-1.2606448120123597,-1.2999961305054988,0.0749881393687296,-1.3,-1.3,2.0
285.894,-1.2606448120123597,-1.2999961305054988,0.0749881393687296,-1.3,-1.3,2.0
285.904,-1.2606448120123597,-1.2999961305054988,0.0749881393687296,-1.3,-1.3,2.0
285.911,-1.2606448120123597,-1.2999961305054988,0.0749881393687296,-1.3,-1.3,2.0
285.937,-1.2606448120123597,-1.2999961305054988,0.0749881393687296,-1.3,-1.3,2.0
285.946,-1.2606448120123597,-1.2999961305054988,0.0749881393687296,-1.3,-1.3,2.0
285.951,-1.2606448120123597,-1.2999961305054988,0.0749881393687296,-1.3,-1.3,2.0
285.96,-1.2606448120123597,-1.2999961305054988,0.0749881393687296,-1.3,-1.3,2.0
285.972,-1.2606448120123597,-1.2999961305054988,0.0749881393687296,-1.3,-1.3,2.0
285.981,-1.2606448120123597,-1.2999961305054988,0.0749881393687296,-1.3,-1.3,2.0
285.993,-1.2606448120123597,-1.2999961305054988,0.0749881393687296,-1.3,-1.3,2.0
286.0,-1.2606448120123597,-1.2999961305054988,0.0749881393687296,-1.3,-1.3,2.0
286.013,-1.2606448120123597,-1.2999961305054988,0.0749881393687296,-1.3,-1.3,2.0
286.028,-1.2606448120123597,-1.2999961305054988,0.0749881393687296,-1.3,-1.3,2.0
286.033,-1.2606448120123597,-1.2999961305054988,0.0749881393687296,-1.3,-1.3,2.0
286.04,-1.2606448120123597,-1.2999961305054988,0.0749881393687296,-1.3,-1.3,2.0
286.057,-1.2606448120123597,-1.2999961305054988,0.0749881393687296,-1.3,-1.3,2.0
286.06,-1.2606448120123597,-1.2999961305054988,0.0749881393687296,-1.3,-1.3,2.0
286.07,-1.2606448120123597,-1.2999961305054988,0.0749881393687296,-1.3,-1.3,2.0
286.08,-1.2606448120123597,-1.2999961305054988,0.0749881393687296,-1.3,-1.3,2.0
286.09,-1.2606448120123597,-1.2999961305054988,0.0749881393687296,-1.3,-1.3,2.0
286.101,-1.2606448120123597,-1.2999961305054988,0.0749881393687296,-1.3,-1.3,2.0
286.113,-1.2606448120123597,-1.2999961305054988,0.0749881393687296,-1.3,-1.3,2.0
286.12,-1.2606448120123597,-1.2999961305054988,0.0749881393687296,-1.3,-1.3,2.0
286.135,-1.2606448120123597,-1.2999961305054988,0.0749881393687296,-1.3,-1.3,2.0
286.14,-1.2606448120123597,-1.2999961305054988,0.0749881393687296,-1.3,-1.3,2.0
286.158,-1.2606448120123597,-1.2999961305054988,0.0749881393687296,-1.3,-1.3,2.0
286.16,-1.2606448120123597,-1.2999961305054988,0.0749881393687296,-1.3,-1.3,2.0
286.17,-1.2606448120123597,-1.2999961305054988,0.0749881393687296,-1.3,-1.3,2.0
286.186,-1.2606448120123597,-1.2999961305054988,0.0749881393687296,-1.3,-1.3,2.0
286.19,-1.2606448120123597,-1.2999961305054988,0.0749881393687296,-1.3,-1.3,2.0
286.2,-1.2606448120123597,-1.2999961305054988,0.0749881393687296,-1.3,-1.3,2.0
286.212,-1.2606448120123597,-1.2999961305054988,0.0749881393687296,-1.3,-1.3,2.0
286.227,-1.2606448120123597,-1.2999961305054988,0.0749881393687296,-1.3,-1.3,2.0
286.23,-1.2606448120123597,-1.2999961305054988,0.0749881393687296,-1.3,-1.3,2.0
286.24,-1.2606448120123597,-1.2999961305054988,0.0749881393687296,-1.3,-1.3,2.0
286.253,-1.2606448120123597,-1.2999961305054988,0.0749881393687296,-1.3,-1.3,2.0
286.26,-1.2606448120123597,-1.2999961305054988,0.0749881393687296,-1.3,-1.3,2.0
286.273,-1.2606448120123597,-1.2999961305054988,0.0749881393687296,-1.3,-1.3,2.0
286.28,-1.2606448120123597,-1.2999961305054988,0.0749881393687296,-1.3,-1.3,2.0
286.29,-1.2606448120123597,-1.2999961305054988,0.0749881393687296,-1.3,-1.3,2.0
286.303,-1.2606448120123597,-1.2999961305054988,0.0749881393687296,-1.3,-1.3,2.0
286.31,-1.2606448120123597,-1.2999961305054988,0.0749881393687296,-1.3,-1.3,2.0
286.336,-1.2606448120123597,-1.2999961305054988,0.0749881393687296,-1.3,-1.3,2.0
286.343,-1.2606448120123597,-1.2999961305054988,0.0749881393687296,-1.3,-1.3,2.0
286.352,-1.2606448120123597,-1.2999961305054988,0.0749881393687296,-1.3,-1.3,2.0
286.57,-1.2606448120123597,-1.2999961305054988,0.0749881393687296,-1.3,-1.3,2.0
286.585,-1.2606448120123597,-1.2999961305054988,0.0749881393687296,-1.3,-1.3,2.0
286.871,-1.2606448120123597,-1.2999961305054988,0.0749881393687296,-1.3,-1.3,2.0
286.88,-1.2606448120123597,-1.2999961305054988,0.0749881393687296,-1.3,-1.3,2.0
287.305,-1.2606448120123597,-1.2999961305054988,0.0749881393687296,-1.3,-1.3,2.0
287.313,-1.2606448120123597,-1.2999961305054988,0.0749881393687296,-1.3,-1.3,2.0
287.67,-1.2606448120123597,-1.2999961305054988,0.0749881393687296,-1.3,-1.3,2.0
287.681,-1.2606448120123597,-1.2999961305054988,0.0749881393687296,-1.3,-1.3,2.0
288.101,-1.2606448120123597,-1.2999961305054988,0.0749881393687296,-1.3,-1.3,2.0
288.118,-1.2606448120123597,-1.2999961305054988,0.0749881393687296,-1.3,-1.3,2.0
288.511,-1.2606448120123597,-1.2999961305054988,0.0749881393687296,-1.3,-1.3,2.0
288.526,-1.2606448120123597,-1.2999961305054988,0.0749881393687296,-1.3,-1.3,2.0
288.956,-1.2606448120123597,-1.2999961305054988,0.0749881393687296,-1.3,-1.3,2.0
288.962,-1.2606448120123597,-1.2999961305054988,0.0749881393687296,-1.3,-1.3,2.0
289.312,-1.2606448120123597,-1.2999961305054988,0.0749881393687296,-1.3,-1.3,2.0
289.322,-1.2606448120123597,-1.2999961305054988,0.0749881393687296,-1.3,-1.3,2.0
289.66,-1.2606448120123597,-1.2999961305054988,0.0749881393687296,-1.3,-1.3,2.0
289.66,-1.2606448120123597,-1.2999961305054988,0.0749881393687296,-1.3,-1.3,2.0
289.96,-1.2606448120123597,-1.2999961305054988,0.0749881393687296,-1.3,-1.3,2.0
289.96,-1.2606448120123597,-1.2999961305054988,0.0749881393687296,-1.3,-1.3,2.0
290.335,-1.2606448120123597,-1.2999961305054988,0.0749881393687296,-1.3,-1.3,2.0
290.34,-1.2606448120123597,-1.2999961305054988,0.0749881393687296,-1.3,-1.3,2.0
290.75,-1.2606448120123597,-1.2999961305054988,0.0749881393687296,-1.3,-1.3,2.0
290.75,-1.2606448120123597,-1.2999961305054988,0.0749881393687296,-1.3,-1.3,2.0
291.112,-1.2606448120123597,-1.2999961305054988,0.0749881393687296,-1.3,-1.3,2.0
291.121,-1.2606448120123597,-1.2999961305054988,0.0749881393687296,-1.3,-1.3,2.0
291.46,-1.2606448120123597,-1.2999961305054988,0.0749881393687296,-1.3,-1.3,2.0
291.47,-1.2606448120123597,-1.2999961305054988,0.0749881393687296,-1.3,-1.3,2.0
291.815,-1.2606448120123597,-1.2999961305054988,0.0749881393687296,-1.3,-1.3,2.0
291.822,-1.2606448120123597,-1.2999961305054988,0.0749881393687296,-1.3,-1.3,2.0
291.832,-1.2606448120123597,-1.2999961305054988,0.0749881393687296,-1.3,-1.3,2.0
291.842,-1.2606448120123597,-1.2999961305054988,0.0749881393687296,-1.3,-1.3,2.0
291.854,-1.2606448120123597,-1.2999961305054988,0.0749881393687296,-1.3,-1.3,2.0
291.86,-1.2606448120123597,-1.2999961305054988,0.0749881393687296,-1.3,-1.3,2.0
291.885,-1.2606448120123597,-1.2999961305054988,0.0749881393687296,-1.3,-1.3,2.0
291.893,-1.2606448120123597,-1.2999961305054988,0.0749881393687296,-1.3,-1.3,2.0
291.9,-1.2606448120123597,-1.2999961305054988,0.0749881393687296,-1.3,-1.3,2.0
291.911,-1.2606448120123597,-1.2999961305054988,0.0749881393687296,-1.3,-1.3,2.0
291.943,-1.2606448120123597,-1.2999961305054988,0.0749881393687296,-1.3,-1.3,2.0
291.956,-1.2606448120123597,-1.2999961305054988,0.0749881393687296,-1.3,-1.3,2.0
292.215,-1.2606448120123597,-1.2999961305054988,0.0749881393687296,-1.3,-1.3,2.0
292.242,-1.2606448120123597,-1.2999961305054988,0.0749881393687296,-1.3,-1.3,2.0
292.251,-1.2606448120123597,-1.2999961305054988,0.0749881393687296,-1.3,-1.3,2.0
292.262,-1.2606448120123597,-1.2999961305054988,0.0749881393687296,-1.3,-1.3,2.0
292.274,-1.2606448120123597,-1.2999961305054988,0.0749881393687296,-1.3,-1.3,2.0
292.28,-1.2606448120123597,-1.2999961305054988,0.0749881393687296,-1.3,-1.3,2.0
292.294,-1.2606448120123597,-1.2999961305054988,0.0749881393687296,-1.3,-1.3,2.0
292.306,-1.2606448120123597,-1.2999961305054988,0.0749881393687296,-1.3,-1.3,2.0
292.313,-1.2606448120123597,-1.2999961305054988,0.0749881393687296,-1.3,-1.3,2.0
292.324,-1.2606448120123597,-1.2999961305054988,0.0749881393687296,-1.3,-1.3,2.0
292.348,-1.2606448120123597,-1.2999961305054988,0.0749881393687296,-1.3,-1.3,2.0
292.352,-1.2606448120123597,-1.2999961305054988,0.0749881393687296,-1.3,-1.3,2.0
292.599,-1.2606448120123597,-1.2999961305054988,0.0749881393687296,-1.3,-1.3,2.0
292.602,-1.2606448120123597,-1.2999961305054988,0.0749881393687296,-1.3,-1.3,2.0
292.633,-1.2606448120123597,-1.2999961305054988,0.0749881393687296,-1.3,-1.3,2.0
292.642,-1.2606448120123597,-1.2999961305054988,0.0749881393687296,-1.3,-1.3,2.0
292.651,-1.2606448120123597,-1.2999961305054988,0.0749881393687296,-1.3,-1.3,2.0
292.66,-1.2606448120123597,-1.2999961305054988,0.0749881393687296,-1.3,-1.3,2.0
292.67,-1.2606448120123597,-1.2999961305054988,0.0749881393687296,-1.3,-1.3,2.0
292.68,-1.2606448120123597,-1.2999961305054988,0.0749881393687296,-1.3,-1.3,2.0
292.692,-1.2606448120123597,-1.2999961305054988,0.0749881393687296,-1.3,-1.3,2.0
292.701,-1.2606448120123597,-1.2999961305054988,0.0749881393687296,-1.3,-1.3,2.0
292.722,-1.2606448120123597,-1.2999961305054988,0.0749881393687296,-1.3,-1.3,2.0
292.731,-1.2606448120123597,-1.2999961305054988,0.0749881393687296,-1.3,-1.3,2.0
292.752,-1.2606448120123597,-1.2999961305054988,0.0749881393687296,-1.3,-1.3,2.0
292.762,-1.2606448120123597,-1.2999961305054988,0.0749881393687296,-1.3,-1.3,2.0
292.77,-1.2606448120123597,-1.2999961305054988,0.0749881393687296,-1.3,-1.3,2.0
292.781,-1.2606448120123597,-1.2999961305054988,0.0749881393687296,-1.3,-1.3,2.0
292.79,-1.2606448120123597,-1.2999961305054988,0.0749881393687296,-1.3,-1.3,2.0
292.8,-1.2606448120123597,-1.2999961305054988,0.0749881393687296,-1.3,-1.3,2.0
292.819,-1.2606448120123597,-1.2999961305054988,0.0749881393687296,-1.3,-1.3,2.0
292.833,-1.2606448120123597,-1.2999961305054988,0.0749881393687296,-1.3,-1.3,2.0
292.842,-1.2606448120123597,-1.2999961305054988,0.0749881393687296,-1.3,-1.3,2.0
292.86,-1.2606448120123597,-1.2999961305054988,0.0749881393687296,-1.3,-1.3,2.0
292.86,-1.2606448120123597,-1.2999961305054988,0.0749881393687296,-1.3,-1.3,2.0
292.87,-1.2606448120123597,-1.2999961305054988,0.0749881393687296,-1.3,-1.3,2.0
292.886,-1.2606448120123597,-1.2999961305054988,0.0749881393687296,-1.3,-1.3,2.0
292.892,-1.2606448120123597,-1.2999961305054988,0.0749881393687296,-1.3,-1.3,2.0
292.907,-1.2606448120123597,-1.2999961305054988,0.0749881393687296,-1.3,-1.3,2.0
292.934,-1.2606448120123597,-1.2999961305054988,0.0749881393687296,-1.3,-1.3,2.0
292.945,-1.2606448120123597,-1.2999961305054988,0.0749881393687296,-1.3,-1.3,2.0
292.951,-1.2606448120123597,-1.2999961305054988,0.0749881393687296,-1.3,-1.3,2.0
293.15,-1.2606448120123597,-1.2999961305054988,0.0749881393687296,-1.3,-1.3,2.0
293.16,-1.2606448120123597,-1.2999961305054988,0.0749881393687296,-1.3,-1.3,2.0
293.19,-1.2606448120123597,-1.2999961305054988,0.0749881393687296,-1.3,-1.3,2.0
293.19,-1.2606448120123597,-1.2999961305054988,0.0749881393687296,-1.3,-1.3,2.0
293.2,-1.2606448120123597,-1.2999961305054988,0.0749881393687296,-1.3,-1.3,2.0
293.211,-1.2606448120123597,-1.2999961305054988,0.0749881393687296,-1.3,-1.3,2.0
293.223,-1.2606448120123597,-1.2999961305054988,0.0749881393687296,-1.3,-1.3,2.0
293.23,-1.2606448120123597,-1.2999961305054988,0.0749881393687296,-1.3,-1.3,2.0
293.24,-1.2606448120123597,-1.2999961305054988,0.0749881393687296,-1.3,-1.3,2.0
293.253,-1.2606448120123597,-1.2999961305054988,0.0749881393687296,-1.3,-1.3,2.0
293.505,-1.2606448120123597,-1.2999961305054988,0.0749881393687296,-1.3,-1.3,2.0
293.512,-1.2606448120123597,-1.2999961305054988,0.0749881393687296,-1.3,-1.3,2.0
293.524,-1.2606448120123597,-1.2999961305054988,0.0749881393687296,-1.3,-1.3,2.0
293.53,-1.2606448120123597,-1.2999961305054988,0.0749881393687296,-1.3,-1.3,2.0
293.543,-1.2606448120123597,-1.2999961305054988,0.0749881393687296,-1.3,-1.3,2.0
293.558,-1.2606448120123597,-1.2999961305054988,0.0749881393687296,-1.3,-1.3,2.0
293.56,-1.2606448120123597,-1.2999961305054988,0.0749881393687296,-1.3,-1.3,2.0
293.574,-1.2606448120123597,-1.2999961305054988,0.0749881393687296,-1.3,-1.3,2.0
293.582,-1.2606448120123597,-1.2999961305054988,0.0749881393687296,-1.3,-1.3,2.0
293.596,-1.2606448120123597,-1.2999961305054988,0.0749881393687296,-1.3,-1.3,2.0
293.6,-1.2606448120123597,-1.2999961305054988,0.0749881393687296,-1.3,-1.3,2.0
293.638,-1.2606448120123597,-1.2999961305054988,0.0749881393687296,-1.3,-1.3,2.0
293.64,-1.2606448120123597,-1.2999961305054988,0.0749881393687296,-1.3,-1.3,2.0
293.653,-1.2606448120123597,-1.2999961305054988,0.0749881393687296,-1.3,-1.3,2.0
293.66,-1.2606448120123597,-1.2999961305054988,0.0749881393687296,-1.3,-1.3,2.0
293.677,-1.2606448120123597,-1.2999961305054988,0.0749881393687296,-1.3,-1.3,2.0
293.68,-1.2606448120123597,-1.2999961305054988,0.0749881393687296,-1.3,-1.3,2.0
293.69,-1.2606448120123597,-1.2999961305054988,0.0749881393687296,-1.3,-1.3,2.0
293.707,-1.2606448120123597,-1.2999961305054988,0.0749881393687296,-1.3,-1.3,2.0
293.715,-1.2606448120123597,-1.2999961305054988,0.0749881393687296,-1.3,-1.3,2.0
293.728,-1.2606448120123597,-1.2999961305054988,0.0749881393687296,-1.3,-1.3,2.0
293.748,-1.2606448120123597,-1.2999961305054988,0.0749881393687296,-1.3,-1.3,2.0
294.06,-1.2606448120123597,-1.2999961305054988,0.0749881393687296,-1.3,-1.3,2.0
294.076,-1.2606448120123597,-1.2999961305054988,0.0749881393687296,-1.3,-1.3,2.0
294.46,-1.2606448120123597,-1.2999961305054988,0.0749881393687296,-1.3,-1.3,2.0
294.473,-1.2606448120123597,-1.2999961305054988,0.0749881393687296,-1.3,-1.3,2.0
294.855,-1.2606448120123597,-1.2999961305054988,0.0749881393687296,-1.3,-1.3,2.0
294.87,-1.2606448120123597,-1.2999961305054988,0.0749881393687296,-1.3,-1.3,2.0
295.26,-1.2606448120123597,-1.2999961305054988,0.0749881393687296,-1.3,-1.3,2.0
295.273,-1.2606448120123597,-1.2999961305054988,0.0749881393687296,-1.3,-1.3,2.0
295.604,-1.2606448120123597,-1.2999961305054988,0.0749881393687296,-1.3,-1.3,2.0
295.61,-1.2606448120123597,-1.2999961305054988,0.0749881393687296,-1.3,-1.3,2.0
295.971,-1.2606448120123597,-1.2999961305054988,0.0749881393687296,-1.3,-1.3,2.0
295.98,-1.2606448120123597,-1.2999961305054988,0.0749881393687296,-1.3,-1.3,2.0
296.291,-1.2606448120123597,-1.2999961305054988,0.0749881393687296,-1.3,-1.3,2.0
296.3,-1.2606448120123597,-1.2999961305054988,0.0749881393687296,-1.3,-1.3,2.0
296.66,-1.2606448120123597,-1.2999961305054988,0.0749881393687296,-1.3,-1.3,2.0
296.676,-1.2606448120123597,-1.2999961305054988,0.0749881393687296,-1.3,-1.3,2.0
297.054,-1.2606448120123597,-1.2999961305054988,0.0749881393687296,-1.3,-1.3,2.0
297.06,-1.2606448120123597,-1.2999961305054988,0.0749881393687296,-1.3,-1.3,2.0
297.351,-1.2606448120123597,-1.2999961305054988,0.0749881393687296,-1.3,-1.3,2.0
297.36,-1.2606448120123597,-1.2999961305054988,0.0749881393687296,-1.3,-1.3,2.0
297.733,-1.2606448120123597,-1.2999961305054988,0.0749881393687296,-1.3,-1.3,2.0
297.754,-1.2606448120123597,-1.2999961305054988,0.0749881393687296,-1.3,-1.3,2.0
298.143,-1.2606448120123597,-1.2999961305054988,0.0749881393687296,-1.3,-1.3,2.0
298.15,-1.2606448120123597,-1.2999961305054988,0.0749881393687296,-1.3,-1.3,2.0
298.526,-1.2606448120123597,-1.2999961305054988,0.0749881393687296,-1.3,-1.3,2.0
298.534,-1.2606448120123597,-1.2999961305054988,0.0749881393687296,-1.3,-1.3,2.0
298.901,-1.2606448120123597,-1.2999961305054988,0.0749881393687296,-1.3,-1.3,2.0
298.91,-1.2606448120123597,-1.2999961305054988,0.0749881393687296,-1.3,-1.3,2.0
299.307,-1.2606448120123597,-1.2999961305054988,0.0749881393687296,-1.3,-1.3,2.0
299.316,-1.2606448120123597,-1.2999961305054988,0.0749881393687296,-1.3,-1.3,2.0
299.646,-1.2606448120123597,-1.2999961305054988,0.0749881393687296,-1.3,-1.3,2.0
299.651,-1.2606448120123597,-1.2999961305054988,0.0749881393687296,-1.3,-1.3,2.0
299.96,-1.2606448120123597,-1.2999961305054988,0.0749881393687296,-1.3,-1.3,2.0
299.972,-1.2606448120123597,-1.2999961305054988,0.0749881393687296,-1.3,-1.3,2.0
300.277,-1.2606448120123597,-1.2999961305054988,0.0749881393687296,-1.3,-1.3,2.0
300.28,-1.2606448120123597,-1.2999961305054988,0.0749881393687296,-1.3,-1.3,2.0
300.632,-1.2606448120123597,-1.2999961305054988,0.0749881393687296,-1.3,-1.3,2.0
300.645,-1.2606448120123597,-1.2999961305054988,0.0749881393687296,-1.3,-1.3,2.0
301.032,-1.2606448120123597,-1.2999961305054988,0.0749881393687296,-1.3,-1.3,2.0
301.04,-1.2606448120123597,-1.2999961305054988,0.0749881393687296,-1.3,-1.3,2.0
301.451,-1.2606448120123597,-1.2999961305054988,0.0749881393687296,-1.3,-1.3,2.0
301.469,-1.2606448120123597,-1.2999961305054988,0.0749881393687296,-1.3,-1.3,2.0
301.884,-1.2606448120123597,-1.2999961305054988,0.0749881393687296,-1.3,-1.3,2.0
301.891,-1.2606448120123597,-1.2999961305054988,0.0749881393687296,-1.3,-1.3,2.0
302.274,-1.2606448120123597,-1.2999961305054988,0.0749881393687296,-1.3,-1.3,2.0
302.282,-1.2606448120123597,-1.2999961305054988,0.0749881393687296,-1.3,-1.3,2.0
302.612,-1.2606448120123597,-1.2999961305054988,0.0749881393687296,-1.3,-1.3,2.0
302.62,-1.2606448120123597,-1.2999961305054988,0.0749881393687296,-1.3,-1.3,2.0
302.633,-1.2606448120123597,-1.2999961305054988,0.0749881393687296,-1.3,-1.3,2.0
302.641,-1.2606448120123597,-1.2999961305054988,0.0749881393687296,-1.3,-1.3,2.0
302.653,-1.2606448120123597,-1.2999961305054988,0.0749881393687296,-1.3,-1.3,2.0
302.66,-1.2606448120123597,-1.2999961305054988,0.0749881393687296,-1.3,-1.3,2.0
302.673,-1.2606448120123597,-1.2999961305054988,0.0749881393687296,-1.3,-1.3,2.0
302.68,-1.2606448120123597,-1.2999961305054988,0.0749881393687296,-1.3,-1.3,2.0
302.697,-1.2606448120123597,-1.2999961305054988,0.0749881393687296,-1.3,-1.3,2.0
302.7,-1.2606448120123597,-1.2999961305054988,0.0749881393687296,-1.3,-1.3,2.0
302.717,-1.2606448120123597,-1.2999961305054988,0.0749881393687296,-1.3,-1.3,2.0
302.72,-1.2606448120123597,-1.2999961305054988,0.0749881393687296,-1.3,-1.3,2.0
302.734,-1.2606448120123597,-1.2999961305054988,0.0749881393687296,-1.3,-1.3,2.0
302.741,-1.2606448120123597,-1.2999961305054988,0.0749881393687296,-1.3,-1.3,2.0
302.75,-1.2606448120123597,-1.2999961305054988,0.0749881393687296,-1.3,-1.3,2.0
302.76,-1.2606448120123597,-1.2999961305054988,0.0749881393687296,-1.3,-1.3,2.0
302.776,-1.2606448120123597,-1.2999961305054988,0.0749881393687296,-1.3,-1.3,2.0
302.783,-1.2606448120123597,-1.2999961305054988,0.0749881393687296,-1.3,-1.3,2.0
302.79,-1.2606448120123597,-1.2999961305054988,0.0749881393687296,-1.3,-1.3,2.0
302.801,-1.2606448120123597,-1.2999961305054988,0.0749881393687296,-1.3,-1.3,2.0
302.826,-1.2606448120123597,-1.2999961305054988,0.0749881393687296,-1.3,-1.3,2.0
302.831,-1.2606448120123597,-1.2999961305054988,0.0749881393687296,-1.3,-1.3,2.0
302.85,-1.2606448120123597,-1.2999961305054988,0.0749881393687296,-1.3,-1.3,2.0
302.85,-1.2606448120123597,-1.2999961305054988,0.0749881393687296,-1.3,-1.3,2.0
303.103,-1.2606448120123597,-1.2999961305054988,0.0749881393687296,-1.3,-1.3,2.0
303.121,-1.2606448120123597,-1.2999961305054988,0.0749881393687296,-1.3,-1.3,2.0
303.13,-1.2606448120123597,-1.2999961305054988,0.0749881393687296,-1.3,-1.3,2.0
303.14,-1.2606448120123597,-1.2999961305054988,0.0749881393687296,-1.3,-1.3,2.0
303.15,-1.2606448120123597,-1.2999961305054988,0.0749881393687296,-1.3,-1.3,2.0
303.16,-1.2606448120123597,-1.2999961305054988,0.0749881393687296,-1.3,-1.3,2.0
303.17,-1.2606448120123597,-1.2999961305054988,0.0749881393687296,-1.3,-1.3,2.0
303.18,-1.2606448120123597,-1.2999961305054988,0.0749881393687296,-1.3,-1.3,2.0
303.19,-1.2606448120123597,-1.2999961305054988,0.0749881393687296,-1.3,-1.3,2.0
303.2,-1.2606448120123597,-1.2999961305054988,0.0749881393687296,-1.3,-1.3,2.0
303.217,-1.2606448120123597,-1.2999961305054988,0.0749881393687296,-1.3,-1.3,2.0
303.22,-1.2606448120123597,-1.2999961305054988,0.0749881393687296,-1.3,-1.3,2.0
303.23,-1.2606448120123597,-1.2999961305054988,0.0749881393687296,-1.3,-1.3,2.0
303.26,-1.2606448120123597,-1.2999961305054988,0.0749881393687296,-1.3,-1.3,2.0
303.26,-1.2606448120123597,-1.2999961305054988,0.0749881393687296,-1.3,-1.3,2.0
303.272,-1.2606448120123597,-1.2999961305054988,0.0749881393687296,-1.3,-1.3,2.0
303.28,-1.2606448120123597,-1.2999961305054988,0.0749881393687296,-1.3,-1.3,2.0
303.291,-1.2606448120123597,-1.2999961305054988,0.0749881393687296,-1.3,-1.3,2.0
303.3,-1.2606448120123597,-1.2999961305054988,0.0749881393687296,-1.3,-1.3,2.0
303.311,-1.2606448120123597,-1.2999961305054988,0.0749881393687296,-1.3,-1.3,2.0
303.324,-1.2606448120123597,-1.2999961305054988,0.0749881393687296,-1.3,-1.3,2.0
303.33,-1.2606448120123597,-1.2999961305054988,0.0749881393687296,-1.3,-1.3,2.0
303.34,-1.2606448120123597,-1.2999961305054988,0.0749881393687296,-1.3,-1.3,2.0
303.351,-1.2606448120123597,-1.2999961305054988,0.0749881393687296,-1.3,-1.3,2.0
303.604,-1.2606448120123597,-1.2999961305054988,0.0749881393687296,-1.3,-1.3,2.0
303.61,-1.2606448120123597,-1.2999961305054988,0.0749881393687296,-1.3,-1.3,2.0
303.622,-1.2606448120123597,-1.2999961305054988,0.0749881393687296,-1.3,-1.3,2.0
303.631,-1.2606448120123597,-1.2999961305054988,0.0749881393687296,-1.3,-1.3,2.0
303.64,-1.2606448120123597,-1.2999961305054988,0.0749881393687296,-1.3,-1.3,2.0
303.659,-1.2606448120123597,-1.2999961305054988,0.0749881393687296,-1.3,-1.3,2.0
303.66,-1.2606448120123597,-1.2999961305054988,0.0749881393687296,-1.3,-1.3,2.0
303.674,-1.2606448120123597,-1.2999961305054988,0.0749881393687296,-1.3,-1.3,2.0
303.684,-1.2606448120123597,-1.2999961305054988,0.0749881393687296,-1.3,-1.3,2.0
303.691,-1.2606448120123597,-1.2999961305054988,0.0749881393687296,-1.3,-1.3,2.0
303.704,-1.2606448120123597,-1.2999961305054988,0.0749881393687296,-1.3,-1.3,2.0
303.711,-1.2606448120123597,-1.2999961305054988,0.0749881393687296,-1.3,-1.3,2.0
303.72,-1.2606448120123597,-1.2999961305054988,0.0749881393687296,-1.3,-1.3,2.0
303.745,-1.2606448120123597,-1.2999961305054988,0.0749881393687296,-1.3,-1.3,2.0
303.75,-1.2606448120123597,-1.2999961305054988,0.0749881393687296,-1.3,-1.3,2.0
303.76,-1.2606448120123597,-1.2999961305054988,0.0749881393687296,-1.3,-1.3,2.0
303.771,-1.2606448120123597,-1.2999961305054988,0.0749881393687296,-1.3,-1.3,2.0
303.78,-1.2606448120123597,-1.2999961305054988,0.0749881393687296,-1.3,-1.3,2.0
303.792,-1.2606448120123597,-1.2999961305054988,0.0749881393687296,-1.3,-1.3,2.0
303.811,-1.2606448120123597,-1.2999961305054988,0.0749881393687296,-1.3,-1.3,2.0
303.824,-1.2606448120123597,-1.2999961305054988,0.0749881393687296,-1.3,-1.3,2.0
303.837,-1.2606448120123597,-1.2999961305054988,0.0749881393687296,-1.3,-1.3,2.0
303.843,-1.2606448120123597,-1.2999961305054988,0.0749881393687296,-1.3,-1.3,2.0
303.857,-1.2606448120123597,-1.2999961305054988,0.0749881393687296,-1.3,-1.3,2.0
303.86,-1.2606448120123597,-1.2999961305054988,0.0749881393687296,-1.3,-1.3,2.0
303.872,-1.2606448120123597,-1.2999961305054988,0.0749881393687296,-1.3,-1.3,2.0
303.889,-1.2606448120123597,-1.2999961305054988,0.0749881393687296,-1.3,-1.3,2.0
303.891,-1.2606448120123597,-1.2999961305054988,0.0749881393687296,-1.3,-1.3,2.0
303.903,-1.2606448120123597,-1.2999961305054988,0.0749881393687296,-1.3,-1.3,2.0
303.923,-1.2606448120123597,-1.2999961305054988,0.0749881393687296,-1.3,-1.3,2.0
303.933,-1.2606448120123597,-1.2999961305054988,0.0749881393687296,-1.3,-1.3,2.0
303.945,-1.2606448120123597,-1.2999961305054988,0.0749881393687296,-1.3,-1.3,2.0
303.959,-1.2606448120123597,-1.2999961305054988,0.0749881393687296,-1.3,-1.3,2.0
303.96,-1.2606448120123597,-1.2999961305054988,0.0749881393687296,-1.3,-1.3,2.0
303.98,-1.2606448120123597,-1.2999961305054988,0.0749881393687296,-1.3,-1.3,2.0
303.983,-1.2606448120123597,-1.2999961305054988,0.0749881393687296,-1.3,-1.3,2.0
304.0,-1.2606448120123597,-1.2999961305054988,0.0749881393687296,-1.3,-1.3,2.0
304.0,-1.2606448120123597,-1.2999961305054988,0.0749881393687296,-1.3,-1.3,2.0
304.011,-1.2606448120123597,-1.2999961305054988,0.0749881393687296,-1.3,-1.3,2.0
304.025,-1.2606448120123597,-1.2999961305054988,0.0749881393687296,-1.3,-1.3,2.0
304.036,-1.2606448120123597,-1.2999961305054988,0.0749881393687296,-1.3,-1.3,2.0
304.042,-1.2606448120123597,-1.2999961305054988,0.0749881393687296,-1.3,-1.3,2.0
304.31,-1.2606448120123597,-1.2999961305054988,0.0749881393687296,-1.3,-1.3,2.0
304.321,-1.2606448120123597,-1.2999961305054988,0.0749881393687296,-1.3,-1.3,2.0
304.33,-1.2606448120123597,-1.2999961305054988,0.0749881393687296,-1.3,-1.3,2.0
304.34,-1.2606448120123597,-1.2999961305054988,0.0749881393687296,-1.3,-1.3,2.0
304.356,-1.2606448120123597,-1.2999961305054988,0.0749881393687296,-1.3,-1.3,2.0
304.36,-1.2606448120123597,-1.2999961305054988,0.0749881393687296,-1.3,-1.3,2.0
304.381,-1.2606448120123597,-1.2999961305054988,0.0749881393687296,-1.3,-1.3,2.0
304.393,-1.2606448120123597,-1.2999961305054988,0.0749881393687296,-1.3,-1.3,2.0
304.402,-1.2606448120123597,-1.2999961305054988,0.0749881393687296,-1.3,-1.3,2.0
304.426,-1.2606448120123597,-1.2999961305054988,0.0749881393687296,-1.3,-1.3,2.0
304.431,-1.2606448120123597,-1.2999961305054988,0.0749881393687296,-1.3,-1.3,2.0
304.44,-1.2606448120123597,-1.2999961305054988,0.0749881393687296,-1.3,-1.3,2.0
304.452,-1.2606448120123597,-1.2999961305054988,0.0749881393687296,-1.3,-1.3,2.0
304.46,-1.2606448120123597,-1.2999961305054988,0.0749881393687296,-1.3,-1.3,2.0
304.484,-1.2606448120123597,-1.2999961305054988,0.0749881393687296,-1.3,-1.3,2.0
304.494,-1.2606448120123597,-1.2999961305054988,0.0749881393687296,-1.3,-1.3,2.0
304.514,-1.2606448120123597,-1.2999961305054988,0.0749881393687296,-1.3,-1.3,2.0
304.526,-1.2606448120123597,-1.2999961305054988,0.0749881393687296,-1.3,-1.3,2.0
304.53,-1.2606448120123597,-1.2999961305054988,0.0749881393687296,-1.3,-1.3,2.0
304.552,-1.2606448120123597,-1.2999961305054988,0.0749881393687296,-1.3,-1.3,2.0
304.844,-1.2606448120123597,-1.2999961305054988,0.0749881393687296,-1.3,-1.3,2.0
304.852,-1.2606448120123597,-1.2999961305054988,0.0749881393687296,-1.3,-1.3,2.0
304.865,-1.2606448120123597,-1.2999961305054988,0.0749881393687296,-1.3,-1.3,2.0
304.872,-1.2606448120123597,-1.2999961305054988,0.0749881393687296,-1.3,-1.3,2.0
304.88,-1.2606448120123597,-1.2999961305054988,0.0749881393687296,-1.3,-1.3,2.0
304.89,-1.2606448120123597,-1.2999961305054988,0.0749881393687296,-1.3,-1.3,2.0
304.912,-1.2606448120123597,-1.2999961305054988,0.0749881393687296,-1.3,-1.3,2.0
304.921,-1.2606448120123597,-1.2999961305054988,0.0749881393687296,-1.3,-1.3,2.0
304.936,-1.2606448120123597,-1.2999961305054988,0.0749881393687296,-1.3,-1.3,2.0
304.943,-1.2606448120123597,-1.2999961305054988,0.0749881393687296,-1.3,-1.3,2.0
304.956,-1.2606448120123597,-1.2999961305054988,0.0749881393687296,-1.3,-1.3,2.0
304.96,-1.2606448120123597,-1.2999961305054988,0.0749881393687296,-1.3,-1.3,2.0
304.97,-1.2606448120123597,-1.2999961305054988,0.0749881393687296,-1.3,-1.3,2.0
304.982,-1.2606448120123597,-1.2999961305054988,0.0749881393687296,-1.3,-1.3,2.0
304.992,-1.2606448120123597,-1.2999961305054988,0.0749881393687296,-1.3,-1.3,2.0
305.001,-1.2606448120123597,-1.2999961305054988,0.0749881393687296,-1.3,-1.3,2.0
305.021,-1.2606448120123597,-1.2999961305054988,0.0749881393687296,-1.3,-1.3,2.0
305.034,-1.2606448120123597,-1.2999961305054988,0.0749881393687296,-1.3,-1.3,2.0
305.045,-1.2606448120123597,-1.2999961305054988,0.0749881393687296,-1.3,-1.3,2.0
305.05,-1.2606448120123597,-1.2999961305054988,0.0749881393687296,-1.3,-1.3,2.0
305.42,-1.2606448120123597,-1.2999961305054988,0.0749881393687296,-1.3,-1.3,2.0
305.435,-1.2606448120123597,-1.2999961305054988,0.0749881393687296,-1.3,-1.3,2.0
305.447,-1.2606448120123597,-1.2999961305054988,0.0749881393687296,-1.3,-1.3,2.0
305.46,-1.2606448120123597,-1.2999961305054988,0.0749881393687296,-1.3,-1.3,2.0
305.46,-1.2606448120123597,-1.2999961305054988,0.0749881393687296,-1.3,-1.3,2.0
305.472,-1.2606448120123597,-1.2999961305054988,0.0749881393687296,-1.3,-1.3,2.0
305.48,-1.2606448120123597,-1.2999961305054988,0.0749881393687296,-1.3,-1.3,2.0
305.493,-1.2606448120123597,-1.2999961305054988,0.0749881393687296,-1.3,-1.3,2.0
305.51,-1.2606448120123597,-1.2999961305054988,0.0749881393687296,-1.3,-1.3,2.0
305.51,-1.2606448120123597,-1.2999961305054988,0.0749881393687296,-1.3,-1.3,2.0
305.541,-1.2606448120123597,-1.2999961305054988,0.0749881393687296,-1.3,-1.3,2.0
305.554,-1.2606448120123597,-1.2999961305054988,0.0749881393687296,-1.3,-1.3,2.0
305.56,-1.2606448120123597,-1.2999961305054988,0.0749881393687296,-1.3,-1.3,2.0
305.57,-1.2606448120123597,-1.2999961305054988,0.0749881393687296,-1.3,-1.3,2.0
305.584,-1.2606448120123597,-1.2999961305054988,0.0749881393687296,-1.3,-1.3,2.0
305.603,-1.2606448120123597,-1.2999961305054988,0.0749881393687296,-1.3,-1.3,2.0
305.61,-1.2606448120123597,-1.2999961305054988,0.0749881393687296,-1.3,-1.3,2.0
305.622,-1.2606448120123597,-1.2999961305054988,0.0749881393687296,-1.3,-1.3,2.0
305.633,-1.2606448120123597,-1.2999961305054988,0.0749881393687296,-1.3,-1.3,2.0
305.644,-1.2606448120123597,-1.2999961305054988,0.0749881393687296,-1.3,-1.3,2.0
305.926,-1.2606448120123597,-1.2999961305054988,0.0749881393687296,-1.3,-1.3,2.0
305.939,-1.2606448120123597,-1.2999961305054988,0.0749881393687296,-1.3,-1.3,2.0
305.944,-1.2606448120123597,-1.2999961305054988,0.0749881393687296,-1.3,-1.3,2.0
305.95,-1.2606448120123597,-1.2999961305054988,0.0749881393687296,-1.3,-1.3,2.0
305.96,-1.2606448120123597,-1.2999961305054988,0.0749881393687296,-1.3,-1.3,2.0
305.97,-1.2606448120123597,-1.2999961305054988,0.0749881393687296,-1.3,-1.3,2.0
305.98,-1.2606448120123597,-1.2999961305054988,0.0749881393687296,-1.3,-1.3,2.0
305.99,-1.2606448120123597,-1.2999961305054988,0.0749881393687296,-1.3,-1.3,2.0
306.0,-1.2606448120123597,-1.2999961305054988,0.0749881393687296,-1.3,-1.3,2.0
306.013,-1.2606448120123597,-1.2999961305054988,0.0749881393687296,-1.3,-1.3,2.0
306.028,-1.2606448120123597,-1.2999961305054988,0.0749881393687296,-1.3,-1.3,2.0
306.032,-1.2606448120123597,-1.2999961305054988,0.0749881393687296,-1.3,-1.3,2.0
306.047,-1.2606448120123597,-1.2999961305054988,0.0749881393687296,-1.3,-1.3,2.0
306.055,-1.2606448120123597,-1.2999961305054988,0.0749881393687296,-1.3,-1.3,2.0
306.32,-1.2606448120123597,-1.2999961305054988,0.0749881393687296,-1.3,-1.3,2.0
306.332,-1.2606448120123597,-1.2999961305054988,0.0749881393687296,-1.3,-1.3,2.0
306.341,-1.2606448120123597,-1.2999961305054988,0.0749881393687296,-1.3,-1.3,2.0
306.354,-1.2606448120123597,-1.2999961305054988,0.0749881393687296,-1.3,-1.3,2.0
306.36,-1.2606448120123597,-1.2999961305054988,0.0749881393687296,-1.3,-1.3,2.0
306.371,-1.2606448120123597,-1.2999961305054988,0.0749881393687296,-1.3,-1.3,2.0
306.397,-1.2606448120123597,-1.2999961305054988,0.0749881393687296,-1.3,-1.3,2.0
306.404,-1.2606448120123597,-1.2999961305054988,0.0749881393687296,-1.3,-1.3,2.0
306.41,-1.2606448120123597,-1.2999961305054988,0.0749881393687296,-1.3,-1.3,2.0
306.42,-1.2606448120123597,-1.2999961305054988,0.0749881393687296,-1.3,-1.3,2.0
306.43,-1.2606448120123597,-1.2999961305054988,0.0749881393687296,-1.3,-1.3,2.0
306.442,-1.2606448120123597,-1.2999961305054988,0.0749881393687296,-1.3,-1.3,2.0
306.451,-1.2606448120123597,-1.2999961305054988,0.0749881393687296,-1.3,-1.3,2.0
306.46,-1.2606448120123597,-1.2999961305054988,0.0749881393687296,-1.3,-1.3,2.0
306.47,-1.2606448120123597,-1.2999961305054988,0.0749881393687296,-1.3,-1.3,2.0
306.482,-1.2606448120123597,-1.2999961305054988,0.0749881393687296,-1.3,-1.3,2.0
306.496,-1.2606448120123597,-1.2999961305054988,0.0749881393687296,-1.3,-1.3,2.0
306.521,-1.2606448120123597,-1.2999961305054988,0.0749881393687296,-1.3,-1.3,2.0
306.53,-1.2606448120123597,-1.2999961305054988,0.0749881393687296,-1.3,-1.3,2.0
306.555,-1.2606448120123597,-1.2999961305054988,0.0749881393687296,-1.3,-1.3,2.0
306.842,-1.2606448120123597,-1.2999961305054988,0.0749881393687296,-1.3,-1.3,2.0
306.858,-1.2606448120123597,-1.2999961305054988,0.0749881393687296,-1.3,-1.3,2.0
306.86,-1.2606448120123597,-1.2999961305054988,0.0749881393687296,-1.3,-1.3,2.0
306.878,-1.2606448120123597,-1.2999961305054988,0.0749881393687296,-1.3,-1.3,2.0
306.88,-1.2606448120123597,-1.2999961305054988,0.0749881393687296,-1.3,-1.3,2.0
306.89,-1.2606448120123597,-1.2999961305054988,0.0749881393687296,-1.3,-1.3,2.0
306.9,-1.2606448120123597,-1.2999961305054988,0.0749881393687296,-1.3,-1.3,2.0
306.912,-1.2606448120123597,-1.2999961305054988,0.0749881393687296,-1.3,-1.3,2.0
306.927,-1.2606448120123597,-1.2999961305054988,0.0749881393687296,-1.3,-1.3,2.0
306.936,-1.2606448120123597,-1.2999961305054988,0.0749881393687296,-1.3,-1.3,2.0
306.943,-1.2606448120123597,-1.2999961305054988,0.0749881393687296,-1.3,-1.3,2.0
306.953,-1.2606448120123597,-1.2999961305054988,0.0749881393687296,-1.3,-1.3,2.0
307.2,-1.2606448120123597,-1.2999961305054988,0.0749881393687296,-1.3,-1.3,2.0
307.212,-1.2606448120123597,-1.2999961305054988,0.0749881393687296,-1.3,-1.3,2.0
307.22,-1.2606448120123597,-1.2999961305054988,0.0749881393687296,-1.3,-1.3,2.0
307.233,-1.2606448120123597,-1.2999961305054988,0.0749881393687296,-1.3,-1.3,2.0
307.251,-1.2606448120123597,-1.2999961305054988,0.0749881393687296,-1.3,-1.3,2.0
307.26,-1.2606448120123597,-1.2999961305054988,0.0749881393687296,-1.3,-1.3,2.0
307.272,-1.2606448120123597,-1.2999961305054988,0.0749881393687296,-1.3,-1.3,2.0
307.281,-1.2606448120123597,-1.2999961305054988,0.0749881393687296,-1.3,-1.3,2.0
307.3,-1.2606448120123597,-1.2999961305054988,0.0749881393687296,-1.3,-1.3,2.0
307.3,-1.2606448120123597,-1.2999961305054988,0.0749881393687296,-1.3,-1.3,2.0
307.311,-1.2606448120123597,-1.2999961305054988,0.0749881393687296,-1.3,-1.3,2.0
307.324,-1.2606448120123597,-1.2999961305054988,0.0749881393687296,-1.3,-1.3,2.0
307.343,-1.2606448120123597,-1.2999961305054988,0.0749881393687296,-1.3,-1.3,2.0
307.357,-1.2606448120123597,-1.2999961305054988,0.0749881393687296,-1.3,-1.3,2.0
307.66,-1.2606448120123597,-1.2999961305054988,0.0749881393687296,-1.3,-1.3,2.0
307.676,-1.2606448120123597,-1.2999961305054988,0.0749881393687296,-1.3,-1.3,2.0
308.126,-1.2606448120123597,-1.2999961305054988,0.0749881393687296,-1.3,-1.3,2.0
308.131,-1.2606448120123597,-1.2999961305054988,0.0749881393687296,-1.3,-1.3,2.0
308.511,-1.2606448120123597,-1.2999961305054988,0.0749881393687296,-1.3,-1.3,2.0
308.52,-1.2606448120123597,-1.2999961305054988,0.0749881393687296,-1.3,-1.3,2.0
308.913,-1.2606448120123597,-1.2999961305054988,0.0749881393687296,-1.3,-1.3,2.0
308.921,-1.2606448120123597,-1.2999961305054988,0.0749881393687296,-1.3,-1.3,2.0
309.26,-1.2606448120123597,-1.2999961305054988,0.0749881393687296,-1.3,-1.3,2.0
309.285,-1.2606448120123597,-1.2999961305054988,0.0749881393687296,-1.3,-1.3,2.0
309.584,-1.2606448120123597,-1.2999961305054988,0.0749881393687296,-1.3,-1.3,2.0
309.59,-1.2606448120123597,-1.2999961305054988,0.0749881393687296,-1.3,-1.3,2.0
309.89,-1.2606448120123597,-1.2999961305054988,0.0749881393687296,-1.3,-1.3,2.0
309.902,-1.2606448120123597,-1.2999961305054988,0.0749881393687296,-1.3,-1.3,2.0
310.285,-1.2606448120123597,-1.2999961305054988,0.0749881393687296,-1.3,-1.3,2.0
310.296,-1.2606448120123597,-1.2999961305054988,0.0749881393687296,-1.3,-1.3,2.0
310.302,-1.2606448120123597,-1.2999961305054988,0.0749881393687296,-1.3,-1.3,2.0
310.31,-1.2606448120123597,-1.2999961305054988,0.0749881393687296,-1.3,-1.3,2.0
310.32,-1.2606448120123597,-1.2999961305054988,0.0749881393687296,-1.3,-1.3,2.0
310.34,-1.2606448120123597,-1.2999961305054988,0.0749881393687296,-1.3,-1.3,2.0
310.34,-1.2606448120123597,-1.2999961305054988,0.0749881393687296,-1.3,-1.3,2.0
310.36,-1.2606448120123597,-1.2999961305054988,0.0749881393687296,-1.3,-1.3,2.0
310.36,-1.2606448120123597,-1.2999961305054988,0.0749881393687296,-1.3,-1.3,2.0
310.383,-1.2606448120123597,-1.2999961305054988,0.0749881393687296,-1.3,-1.3,2.0
310.397,-1.2606448120123597,-1.2999961305054988,0.0749881393687296,-1.3,-1.3,2.0
310.4,-1.2606448120123597,-1.2999961305054988,0.0749881393687296,-1.3,-1.3,2.0
310.41,-1.2606448120123597,-1.2999961305054988,0.0749881393687296,-1.3,-1.3,2.0
310.424,-1.2606448120123597,-1.2999961305054988,0.0749881393687296,-1.3,-1.3,2.0
310.439,-1.2606448120123597,-1.2999961305054988,0.0749881393687296,-1.3,-1.3,2.0
310.44,-1.2606448120123597,-1.2999961305054988,0.0749881393687296,-1.3,-1.3,2.0
310.45,-1.2606448120123597,-1.2999961305054988,0.0749881393687296,-1.3,-1.3,2.0
310.46,-1.2606448120123597,-1.2999961305054988,0.0749881393687296,-1.3,-1.3,2.0
310.47,-1.2606448120123597,-1.2999961305054988,0.0749881393687296,-1.3,-1.3,2.0
310.48,-1.2606448120123597,-1.2999961305054988,0.0749881393687296,-1.3,-1.3,2.0
310.494,-1.2606448120123597,-1.2999961305054988,0.0749881393687296,-1.3,-1.3,2.0
310.504,-1.2606448120123597,-1.2999961305054988,0.0749881393687296,-1.3,-1.3,2.0
310.512,-1.2606448120123597,-1.2999961305054988,0.0749881393687296,-1.3,-1.3,2.0
310.523,-1.2606448120123597,-1.2999961305054988,0.0749881393687296,-1.3,-1.3,2.0
310.534,-1.2606448120123597,-1.2999961305054988,0.0749881393687296,-1.3,-1.3,2.0
310.54,-1.2606448120123597,-1.2999961305054988,0.0749881393687296,-1.3,-1.3,2.0
310.55,-1.2606448120123597,-1.2999961305054988,0.0749881393687296,-1.3,-1.3,2.0
310.56,-1.2606448120123597,-1.2999961305054988,0.0749881393687296,-1.3,-1.3,2.0
310.572,-1.2606448120123597,-1.2999961305054988,0.0749881393687296,-1.3,-1.3,2.0
310.58,-1.2606448120123597,-1.2999961305054988,0.0749881393687296,-1.3,-1.3,2.0
310.59,-1.2606448120123597,-1.2999961305054988,0.0749881393687296,-1.3,-1.3,2.0
310.6,-1.2606448120123597,-1.2999961305054988,0.0749881393687296,-1.3,-1.3,2.0
310.61,-1.2606448120123597,-1.2999961305054988,0.0749881393687296,-1.3,-1.3,2.0
310.624,-1.2606448120123597,-1.2999961305054988,0.0749881393687296,-1.3,-1.3,2.0
310.631,-1.2606448120123597,-1.2999961305054988,0.0749881393687296,-1.3,-1.3,2.0
310.641,-1.2606448120123597,-1.2999961305054988,0.0749881393687296,-1.3,-1.3,2.0
310.651,-1.2606448120123597,-1.2999961305054988,0.0749881393687296,-1.3,-1.3,2.0
310.66,-1.2606448120123597,-1.2999961305054988,0.0749881393687296,-1.3,-1.3,2.0
310.689,-1.2606448120123597,-1.2999961305054988,0.0749881393687296,-1.3,-1.3,2.0
310.69,-1.2606448120123597,-1.2999961305054988,0.0749881393687296,-1.3,-1.3,2.0
310.7,-1.2606448120123597,-1.2999961305054988,0.0749881393687296,-1.3,-1.3,2.0
310.71,-1.2606448120123597,-1.2999961305054988,0.0749881393687296,-1.3,-1.3,2.0
310.722,-1.2606448120123597,-1.2999961305054988,0.0749881393687296,-1.3,-1.3,2.0
310.732,-1.2606448120123597,-1.2999961305054988,0.0749881393687296,-1.3,-1.3,2.0
310.74,-1.2606448120123597,-1.2999961305054988,0.0749881393687296,-1.3,-1.3,2.0
310.75,-1.2606448120123597,-1.2999961305054988,0.0749881393687296,-1.3,-1.3,2.0
311.08,-1.2606448120123597,-1.2999961305054988,0.0749881393687296,-1.3,-1.3,2.0
311.08,-1.2606448120123597,-1.2999961305054988,0.0749881393687296,-1.3,-1.3,2.0
311.09,-1.2606448120123597,-1.2999961305054988,0.0749881393687296,-1.3,-1.3,2.0
311.111,-1.2606448120123597,-1.2999961305054988,0.0749881393687296,-1.3,-1.3,2.0
311.122,-1.2606448120123597,-1.2999961305054988,0.0749881393687296,-1.3,-1.3,2.0
311.132,-1.2606448120123597,-1.2999961305054988,0.0749881393687296,-1.3,-1.3,2.0
311.151,-1.2606448120123597,-1.2999961305054988,0.0749881393687296,-1.3,-1.3,2.0
311.16,-1.2606448120123597,-1.2999961305054988,0.0749881393687296,-1.3,-1.3,2.0
311.171,-1.2606448120123597,-1.2999961305054988,0.0749881393687296,-1.3,-1.3,2.0
311.18,-1.2606448120123597,-1.2999961305054988,0.0749881393687296,-1.3,-1.3,2.0
311.194,-1.2606448120123597,-1.2999961305054988,0.0749881393687296,-1.3,-1.3,2.0
311.201,-1.2606448120123597,-1.2999961305054988,0.0749881393687296,-1.3,-1.3,2.0
311.21,-1.2606448120123597,-1.2999961305054988,0.0749881393687296,-1.3,-1.3,2.0
311.223,-1.2606448120123597,-1.2999961305054988,0.0749881393687296,-1.3,-1.3,2.0
311.23,-1.2606448120123597,-1.2999961305054988,0.0749881393687296,-1.3,-1.3,2.0
311.24,-1.2606448120123597,-1.2999961305054988,0.0749881393687296,-1.3,-1.3,2.0
311.25,-1.2606448120123597,-1.2999961305054988,0.0749881393687296,-1.3,-1.3,2.0
311.26,-1.2606448120123597,-1.2999961305054988,0.0749881393687296,-1.3,-1.3,2.0
311.27,-1.2606448120123597,-1.2999961305054988,0.0749881393687296,-1.3,-1.3,2.0
311.28,-1.2606448120123597,-1.2999961305054988,0.0749881393687296,-1.3,-1.3,2.0
311.295,-1.2606448120123597,-1.2999961305054988,0.0749881393687296,-1.3,-1.3,2.0
311.304,-1.2606448120123597,-1.2999961305054988,0.0749881393687296,-1.3,-1.3,2.0
311.316,-1.2606448120123597,-1.2999961305054988,0.0749881393687296,-1.3,-1.3,2.0
311.326,-1.2606448120123597,-1.2999961305054988,0.0749881393687296,-1.3,-1.3,2.0
311.337,-1.2606448120123597,-1.2999961305054988,0.0749881393687296,-1.3,-1.3,2.0
311.345,-1.2606448120123597,-1.2999961305054988,0.0749881393687296,-1.3,-1.3,2.0
311.35,-1.2606448120123597,-1.2999961305054988,0.0749881393687296,-1.3,-1.3,2.0
311.37,-1.2606448120123597,-1.2999961305054988,0.0749881393687296,-1.3,-1.3,2.0
311.37,-1.2606448120123597,-1.2999961305054988,0.0749881393687296,-1.3,-1.3,2.0
311.38,-1.2606448120123597,-1.2999961305054988,0.0749881393687296,-1.3,-1.3,2.0
311.396,-1.2606448120123597,-1.2999961305054988,0.0749881393687296,-1.3,-1.3,2.0
311.405,-1.2606448120123597,-1.2999961305054988,0.0749881393687296,-1.3,-1.3,2.0
311.41,-1.2606448120123597,-1.2999961305054988,0.0749881393687296,-1.3,-1.3,2.0
311.421,-1.2606448120123597,-1.2999961305054988,0.0749881393687296,-1.3,-1.3,2.0
311.433,-1.2606448120123597,-1.2999961305054988,0.0749881393687296,-1.3,-1.3,2.0
311.44,-1.2606448120123597,-1.2999961305054988,0.0749881393687296,-1.3,-1.3,2.0
311.45,-1.2606448120123597,-1.2999961305054988,0.0749881393687296,-1.3,-1.3,2.0
311.46,-1.2606448120123597,-1.2999961305054988,0.0749881393687296,-1.3,-1.3,2.0
311.473,-1.2606448120123597,-1.2999961305054988,0.0749881393687296,-1.3,-1.3,2.0
311.48,-1.2606448120123597,-1.2999961305054988,0.0749881393687296,-1.3,-1.3,2.0
311.5,-1.2606448120123597,-1.2999961305054988,0.0749881393687296,-1.3,-1.3,2.0
311.5,-1.2606448120123597,-1.2999961305054988,0.0749881393687296,-1.3,-1.3,2.0
311.51,-1.2606448120123597,-1.2999961305054988,0.0749881393687296,-1.3,-1.3,2.0
311.52,-1.2606448120123597,-1.2999961305054988,0.0749881393687296,-1.3,-1.3,2.0
311.531,-1.2606448120123597,-1.2999961305054988,0.0749881393687296,-1.3,-1.3,2.0
311.541,-1.2606448120123597,-1.2999961305054988,0.0749881393687296,-1.3,-1.3,2.0
311.554,-1.2606448120123597,-1.2999961305054988,0.0749881393687296,-1.3,-1.3,2.0
311.56,-1.2606448120123597,-1.2999961305054988,0.0749881393687296,-1.3,-1.3,2.0
311.571,-1.2606448120123597,-1.2999961305054988,0.0749881393687296,-1.3,-1.3,2.0
311.58,-1.2606448120123597,-1.2999961305054988,0.0749881393687296,-1.3,-1.3,2.0
311.594,-1.2606448120123597,-1.2999961305054988,0.0749881393687296,-1.3,-1.3,2.0
311.606,-1.2606448120123597,-1.2999961305054988,0.0749881393687296,-1.3,-1.3,2.0
311.619,-1.2606448120123597,-1.2999961305054988,0.0749881393687296,-1.3,-1.3,2.0
311.62,-1.2606448120123597,-1.2999961305054988,0.0749881393687296,-1.3,-1.3,2.0
311.645,-1.2606448120123597,-1.2999961305054988,0.0749881393687296,-1.3,-1.3,2.0
311.65,-1.2606448120123597,-1.2999961305054988,0.0749881393687296,-1.3,-1.3,2.0
311.96,-1.2606448120123597,-1.2999961305054988,0.0749881393687296,-1.3,-1.3,2.0
311.97,-1.2606448120123597,-1.2999961305054988,0.0749881393687296,-1.3,-1.3,2.0
312.34,-1.2606448120123597,-1.2999961305054988,0.0749881393687296,-1.3,-1.3,2.0
312.362,-1.2606448120123597,-1.2999961305054988,0.0749881393687296,-1.3,-1.3,2.0
312.698,-1.2606448120123597,-1.2999961305054988,0.0749881393687296,-1.3,-1.3,2.0
312.7,-1.2606448120123597,-1.2999961305054988,0.0749881393687296,-1.3,-1.3,2.0
313.05,-1.2606448120123597,-1.2999961305054988,0.0749881393687296,-1.3,-1.3,2.0
313.06,-1.2606448120123597,-1.2999961305054988,0.0749881393687296,-1.3,-1.3,2.0
313.402,-1.2606448120123597,-1.2999961305054988,0.0749881393687296,-1.3,-1.3,2.0
313.41,-1.2606448120123597,-1.2999961305054988,0.0749881393687296,-1.3,-1.3,2.0
313.736,-1.2606448120123597,-1.2999961305054988,0.0749881393687296,-1.3,-1.3,2.0
313.746,-1.2606448120123597,-1.2999961305054988,0.0749881393687296,-1.3,-1.3,2.0
314.1,-1.2606448120123597,-1.2999961305054988,0.0749881393687296,-1.3,-1.3,2.0
314.12,-1.2606448120123597,-1.2999961305054988,0.0749881393687296,-1.3,-1.3,2.0
314.49,-1.2606448120123597,-1.2999961305054988,0.0749881393687296,-1.3,-1.3,2.0
314.5,-1.2606448120123597,-1.2999961305054988,0.0749881393687296,-1.3,-1.3,2.0
314.91,-1.2606448120123597,-1.2999961305054988,0.0749881393687296,-1.3,-1.3,2.0
314.927,-1.2606448120123597,-1.2999961305054988,0.0749881393687296,-1.3,-1.3,2.0
315.297,-1.2606448120123597,-1.2999961305054988,0.0749881393687296,-1.3,-1.3,2.0
315.302,-1.2606448120123597,-1.2999961305054988,0.0749881393687296,-1.3,-1.3,2.0
315.667,-1.2606448120123597,-1.2999961305054988,0.0749881393687296,-1.3,-1.3,2.0
315.671,-1.2606448120123597,-1.2999961305054988,0.0749881393687296,-1.3,-1.3,2.0
316.013,-1.2606448120123597,-1.2999961305054988,0.0749881393687296,-1.3,-1.3,2.0
316.022,-1.2606448120123597,-1.2999961305054988,0.0749881393687296,-1.3,-1.3,2.0
316.394,-1.2606448120123597,-1.2999961305054988,0.0749881393687296,-1.3,-1.3,2.0
316.402,-1.2606448120123597,-1.2999961305054988,0.0749881393687296,-1.3,-1.3,2.0
316.784,-1.2606448120123597,-1.2999961305054988,0.0749881393687296,-1.3,-1.3,2.0
316.792,-1.2606448120123597,-1.2999961305054988,0.0749881393687296,-1.3,-1.3,2.0
317.11,-1.2606448120123597,-1.2999961305054988,0.0749881393687296,-1.3,-1.3,2.0
317.123,-1.2606448120123597,-1.2999961305054988,0.0749881393687296,-1.3,-1.3,2.0
317.542,-1.2606448120123597,-1.2999961305054988,0.0749881393687296,-1.3,-1.3,2.0
317.553,-1.2606448120123597,-1.2999961305054988,0.0749881393687296,-1.3,-1.3,2.0
317.901,-1.2606448120123597,-1.2999961305054988,0.0749881393687296,-1.3,-1.3,2.0
317.923,-1.2606448120123597,-1.2999961305054988,0.0749881393687296,-1.3,-1.3,2.0
318.34,-1.2606448120123597,-1.2999961305054988,0.0749881393687296,-1.3,-1.3,2.0
318.355,-1.2606448120123597,-1.2999961305054988,0.0749881393687296,-1.3,-1.3,2.0
318.671,-1.2606448120123597,-1.2999961305054988,0.0749881393687296,-1.3,-1.3,2.0
318.682,-1.2606448120123597,-1.2999961305054988,0.0749881393687296,-1.3,-1.3,2.0
319.071,-1.2606448120123597,-1.2999961305054988,0.0749881393687296,-1.3,-1.3,2.0
319.08,-1.2606448120123597,-1.2999961305054988,0.0749881393687296,-1.3,-1.3,2.0
319.46,-1.2606448120123597,-1.2999961305054988,0.0749881393687296,-1.3,-1.3,2.0
319.47,-1.2606448120123597,-1.2999961305054988,0.0749881393687296,-1.3,-1.3,2.0
319.8,-1.2606448120123597,-1.2999961305054988,0.0749881393687296,-1.3,-1.3,2.0
319.81,-1.2606448120123597,-1.2999961305054988,0.0749881393687296,-1.3,-1.3,2.0
320.13,-1.2606448120123597,-1.2999961305054988,0.0749881393687296,-1.3,-1.3,2.0
320.16,-1.2606448120123597,-1.2999961305054988,0.0749881393687296,-1.3,-1.3,2.0
320.16,-1.2606448120123597,-1.2999961305054988,0.0749881393687296,-1.3,-1.3,2.0
320.174,-1.2606448120123597,-1.2999961305054988,0.0749881393687296,-1.3,-1.3,2.0
320.181,-1.2606448120123597,-1.2999961305054988,0.0749881393687296,-1.3,-1.3,2.0
320.19,-1.2606448120123597,-1.2999961305054988,0.0749881393687296,-1.3,-1.3,2.0
320.2,-1.2606448120123597,-1.2999961305054988,0.0749881393687296,-1.3,-1.3,2.0
320.214,-1.2606448120123597,-1.2999961305054988,0.0749881393687296,-1.3,-1.3,2.0
320.22,-1.2606448120123597,-1.2999961305054988,0.0749881393687296,-1.3,-1.3,2.0
320.241,-1.2606448120123597,-1.2999961305054988,0.0749881393687296,-1.3,-1.3,2.0
320.25,-1.2606448120123597,-1.2999961305054988,0.0749881393687296,-1.3,-1.3,2.0
320.26,-1.2606448120123597,-1.2999961305054988,0.0749881393687296,-1.3,-1.3,2.0
320.271,-1.2606448120123597,-1.2999961305054988,0.0749881393687296,-1.3,-1.3,2.0
320.285,-1.2606448120123597,-1.2999961305054988,0.0749881393687296,-1.3,-1.3,2.0
320.29,-1.2606448120123597,-1.2999961305054988,0.0749881393687296,-1.3,-1.3,2.0
320.3,-1.2606448120123597,-1.2999961305054988,0.0749881393687296,-1.3,-1.3,2.0
320.311,-1.2606448120123597,-1.2999961305054988,0.0749881393687296,-1.3,-1.3,2.0
320.329,-1.2606448120123597,-1.2999961305054988,0.0749881393687296,-1.3,-1.3,2.0
320.33,-1.2606448120123597,-1.2999961305054988,0.0749881393687296,-1.3,-1.3,2.0
320.34,-1.2606448120123597,-1.2999961305054988,0.0749881393687296,-1.3,-1.3,2.0
320.352,-1.2606448120123597,-1.2999961305054988,0.0749881393687296,-1.3,-1.3,2.0
320.362,-1.2606448120123597,-1.2999961305054988,0.0749881393687296,-1.3,-1.3,2.0
320.391,-1.2606448120123597,-1.2999961305054988,0.0749881393687296,-1.3,-1.3,2.0
320.401,-1.2606448120123597,-1.2999961305054988,0.0749881393687296,-1.3,-1.3,2.0
320.416,-1.2606448120123597,-1.2999961305054988,0.0749881393687296,-1.3,-1.3,2.0
320.421,-1.2606448120123597,-1.2999961305054988,0.0749881393687296,-1.3,-1.3,2.0
320.43,-1.2606448120123597,-1.2999961305054988,0.0749881393687296,-1.3,-1.3,2.0
320.44,-1.2606448120123597,-1.2999961305054988,0.0749881393687296,-1.3,-1.3,2.0
320.45,-1.2606448120123597,-1.2999961305054988,0.0749881393687296,-1.3,-1.3,2.0
320.46,-1.2606448120123597,-1.2999961305054988,0.0749881393687296,-1.3,-1.3,2.0
320.471,-1.2606448120123597,-1.2999961305054988,0.0749881393687296,-1.3,-1.3,2.0
320.482,-1.2606448120123597,-1.2999961305054988,0.0749881393687296,-1.3,-1.3,2.0
320.497,-1.2606448120123597,-1.2999961305054988,0.0749881393687296,-1.3,-1.3,2.0
320.501,-1.2606448120123597,-1.2999961305054988,0.0749881393687296,-1.3,-1.3,2.0
320.513,-1.2606448120123597,-1.2999961305054988,0.0749881393687296,-1.3,-1.3,2.0
320.524,-1.2606448120123597,-1.2999961305054988,0.0749881393687296,-1.3,-1.3,2.0
320.533,-1.2606448120123597,-1.2999961305054988,0.0749881393687296,-1.3,-1.3,2.0
320.544,-1.2606448120123597,-1.2999961305054988,0.0749881393687296,-1.3,-1.3,2.0
320.551,-1.2606448120123597,-1.2999961305054988,0.0749881393687296,-1.3,-1.3,2.0
320.56,-1.2606448120123597,-1.2999961305054988,0.0749881393687296,-1.3,-1.3,2.0
320.57,-1.2606448120123597,-1.2999961305054988,0.0749881393687296,-1.3,-1.3,2.0
320.585,-1.2606448120123597,-1.2999961305054988,0.0749881393687296,-1.3,-1.3,2.0
320.595,-1.2606448120123597,-1.2999961305054988,0.0749881393687296,-1.3,-1.3,2.0
320.601,-1.2606448120123597,-1.2999961305054988,0.0749881393687296,-1.3,-1.3,2.0
320.611,-1.2606448120123597,-1.2999961305054988,0.0749881393687296,-1.3,-1.3,2.0
320.627,-1.2606448120123597,-1.2999961305054988,0.0749881393687296,-1.3,-1.3,2.0
320.638,-1.2606448120123597,-1.2999961305054988,0.0749881393687296,-1.3,-1.3,2.0
320.64,-1.2606448120123597,-1.2999961305054988,0.0749881393687296,-1.3,-1.3,2.0
320.656,-1.2606448120123597,-1.2999961305054988,0.0749881393687296,-1.3,-1.3,2.0
320.66,-1.2606448120123597,-1.2999961305054988,0.0749881393687296,-1.3,-1.3,2.0
320.677,-1.2606448120123597,-1.2999961305054988,0.0749881393687296,-1.3,-1.3,2.0
320.681,-1.2606448120123597,-1.2999961305054988,0.0749881393687296,-1.3,-1.3,2.0
320.69,-1.2606448120123597,-1.2999961305054988,0.0749881393687296,-1.3,-1.3,2.0
320.7,-1.2606448120123597,-1.2999961305054988,0.0749881393687296,-1.3,-1.3,2.0
320.71,-1.2606448120123597,-1.2999961305054988,0.0749881393687296,-1.3,-1.3,2.0
320.722,-1.2606448120123597,-1.2999961305054988,0.0749881393687296,-1.3,-1.3,2.0
320.73,-1.2606448120123597,-1.2999961305054988,0.0749881393687296,-1.3,-1.3,2.0
320.74,-1.2606448120123597,-1.2999961305054988,0.0749881393687296,-1.3,-1.3,2.0
320.754,-1.2606448120123597,-1.2999961305054988,0.0749881393687296,-1.3,-1.3,2.0
320.76,-1.2606448120123597,-1.2999961305054988,0.0749881393687296,-1.3,-1.3,2.0
320.77,-1.2606448120123597,-1.2999961305054988,0.0749881393687296,-1.3,-1.3,2.0
320.783,-1.2606448120123597,-1.2999961305054988,0.0749881393687296,-1.3,-1.3,2.0
320.791,-1.2606448120123597,-1.2999961305054988,0.0749881393687296,-1.3,-1.3,2.0
320.806,-1.2606448120123597,-1.2999961305054988,0.0749881393687296,-1.3,-1.3,2.0
320.81,-1.2606448120123597,-1.2999961305054988,0.0749881393687296,-1.3,-1.3,2.0
320.822,-1.2606448120123597,-1.2999961305054988,0.0749881393687296,-1.3,-1.3,2.0
320.838,-1.2606448120123597,-1.2999961305054988,0.0749881393687296,-1.3,-1.3,2.0
320.855,-1.2606448120123597,-1.2999961305054988,0.0749881393687296,-1.3,-1.3,2.0
321.183,-1.2606448120123597,-1.2999961305054988,0.0749881393687296,-1.3,-1.3,2.0
321.193,-1.2606448120123597,-1.2999961305054988,0.0749881393687296,-1.3,-1.3,2.0
321.206,-1.2606448120123597,-1.2999961305054988,0.0749881393687296,-1.3,-1.3,2.0
321.217,-1.2606448120123597,-1.2999961305054988,0.0749881393687296,-1.3,-1.3,2.0
321.222,-1.2606448120123597,-1.2999961305054988,0.0749881393687296,-1.3,-1.3,2.0
321.234,-1.2606448120123597,-1.2999961305054988,0.0749881393687296,-1.3,-1.3,2.0
321.246,-1.2606448120123597,-1.2999961305054988,0.0749881393687296,-1.3,-1.3,2.0
321.25,-1.2606448120123597,-1.2999961305054988,0.0749881393687296,-1.3,-1.3,2.0
321.26,-1.2606448120123597,-1.2999961305054988,0.0749881393687296,-1.3,-1.3,2.0
321.273,-1.2606448120123597,-1.2999961305054988,0.0749881393687296,-1.3,-1.3,2.0
321.285,-1.2606448120123597,-1.2999961305054988,0.0749881393687296,-1.3,-1.3,2.0
321.292,-1.2606448120123597,-1.2999961305054988,0.0749881393687296,-1.3,-1.3,2.0
321.303,-1.2606448120123597,-1.2999961305054988,0.0749881393687296,-1.3,-1.3,2.0
321.311,-1.2606448120123597,-1.2999961305054988,0.0749881393687296,-1.3,-1.3,2.0
321.326,-1.2606448120123597,-1.2999961305054988,0.0749881393687296,-1.3,-1.3,2.0
321.344,-1.2606448120123597,-1.2999961305054988,0.0749881393687296,-1.3,-1.3,2.0
321.355,-1.2606448120123597,-1.2999961305054988,0.0749881393687296,-1.3,-1.3,2.0
321.36,-1.2606448120123597,-1.2999961305054988,0.0749881393687296,-1.3,-1.3,2.0
321.373,-1.2606448120123597,-1.2999961305054988,0.0749881393687296,-1.3,-1.3,2.0
321.382,-1.2606448120123597,-1.2999961305054988,0.0749881393687296,-1.3,-1.3,2.0
321.395,-1.2606448120123597,-1.2999961305054988,0.0749881393687296,-1.3,-1.3,2.0
321.4,-1.2606448120123597,-1.2999961305054988,0.0749881393687296,-1.3,-1.3,2.0
321.41,-1.2606448120123597,-1.2999961305054988,0.0749881393687296,-1.3,-1.3,2.0
321.42,-1.2606448120123597,-1.2999961305054988,0.0749881393687296,-1.3,-1.3,2.0
321.434,-1.2606448120123597,-1.2999961305054988,0.0749881393687296,-1.3,-1.3,2.0
321.45,-1.2606448120123597,-1.2999961305054988,0.0749881393687296,-1.3,-1.3,2.0
321.45,-1.2606448120123597,-1.2999961305054988,0.0749881393687296,-1.3,-1.3,2.0
321.46,-1.2606448120123597,-1.2999961305054988,0.0749881393687296,-1.3,-1.3,2.0
321.471,-1.2606448120123597,-1.2999961305054988,0.0749881393687296,-1.3,-1.3,2.0
321.48,-1.2606448120123597,-1.2999961305054988,0.0749881393687296,-1.3,-1.3,2.0
321.498,-1.2606448120123597,-1.2999961305054988,0.0749881393687296,-1.3,-1.3,2.0
321.516,-1.2606448120123597,-1.2999961305054988,0.0749881393687296,-1.3,-1.3,2.0
321.52,-1.2606448120123597,-1.2999961305054988,0.0749881393687296,-1.3,-1.3,2.0
321.53,-1.2606448120123597,-1.2999961305054988,0.0749881393687296,-1.3,-1.3,2.0
321.542,-1.2606448120123597,-1.2999961305054988,0.0749881393687296,-1.3,-1.3,2.0
321.551,-1.2606448120123597,-1.2999961305054988,0.0749881393687296,-1.3,-1.3,2.0
321.86,-1.2606448120123597,-1.2999961305054988,0.0749881393687296,-1.3,-1.3,2.0
321.875,-1.2606448120123597,-1.2999961305054988,0.0749881393687296,-1.3,-1.3,2.0
321.894,-1.2606448120123597,-1.2999961305054988,0.0749881393687296,-1.3,-1.3,2.0
321.91,-1.2606448120123597,-1.2999961305054988,0.0749881393687296,-1.3,-1.3,2.0
321.91,-1.2606448120123597,-1.2999961305054988,0.0749881393687296,-1.3,-1.3,2.0
321.92,-1.2606448120123597,-1.2999961305054988,0.0749881393687296,-1.3,-1.3,2.0
321.943,-1.2606448120123597,-1.2999961305054988,0.0749881393687296,-1.3,-1.3,2.0
321.952,-1.2606448120123597,-1.2999961305054988,0.0749881393687296,-1.3,-1.3,2.0
321.96,-1.2606448120123597,-1.2999961305054988,0.0749881393687296,-1.3,-1.3,2.0
321.97,-1.2606448120123597,-1.2999961305054988,0.0749881393687296,-1.3,-1.3,2.0
321.98,-1.2606448120123597,-1.2999961305054988,0.0749881393687296,-1.3,-1.3,2.0
321.995,-1.2606448120123597,-1.2999961305054988,0.0749881393687296,-1.3,-1.3,2.0
322.0,-1.2606448120123597,-1.2999961305054988,0.0749881393687296,-1.3,-1.3,2.0
322.019,-1.2606448120123597,-1.2999961305054988,0.0749881393687296,-1.3,-1.3,2.0
322.02,-1.2606448120123597,-1.2999961305054988,0.0749881393687296,-1.3,-1.3,2.0
322.04,-1.2606448120123597,-1.2999961305054988,0.0749881393687296,-1.3,-1.3,2.0
322.041,-1.2606448120123597,-1.2999961305054988,0.0749881393687296,-1.3,-1.3,2.0
322.053,-1.2606448120123597,-1.2999961305054988,0.0749881393687296,-1.3,-1.3,2.0
322.359,-1.2606448120123597,-1.2999961305054988,0.0749881393687296,-1.3,-1.3,2.0
322.36,-1.2606448120123597,-1.2999961305054988,0.0749881393687296,-1.3,-1.3,2.0
322.723,-1.2606448120123597,-1.2999961305054988,0.0749881393687296,-1.3,-1.3,2.0
322.734,-1.2606448120123597,-1.2999961305054988,0.0749881393687296,-1.3,-1.3,2.0
322.74,-1.2606448120123597,-1.2999961305054988,0.0749881393687296,-1.3,-1.3,2.0
322.754,-1.2606448120123597,-1.2999961305054988,0.0749881393687296,-1.3,-1.3,2.0
322.76,-1.2606448120123597,-1.2999961305054988,0.0749881393687296,-1.3,-1.3,2.0
322.773,-1.2606448120123597,-1.2999961305054988,0.0749881393687296,-1.3,-1.3,2.0
322.787,-1.2606448120123597,-1.2999961305054988,0.0749881393687296,-1.3,-1.3,2.0
322.791,-1.2606448120123597,-1.2999961305054988,0.0749881393687296,-1.3,-1.3,2.0
322.802,-1.2606448120123597,-1.2999961305054988,0.0749881393687296,-1.3,-1.3,2.0
322.828,-1.2606448120123597,-1.2999961305054988,0.0749881393687296,-1.3,-1.3,2.0
322.834,-1.2606448120123597,-1.2999961305054988,0.0749881393687296,-1.3,-1.3,2.0
322.847,-1.2606448120123597,-1.2999961305054988,0.0749881393687296,-1.3,-1.3,2.0
322.851,-1.2606448120123597,-1.2999961305054988,0.0749881393687296,-1.3,-1.3,2.0
322.86,-1.2606448120123597,-1.2999961305054988,0.0749881393687296,-1.3,-1.3,2.0
322.87,-1.2606448120123597,-1.2999961305054988,0.0749881393687296,-1.3,-1.3,2.0
322.886,-1.2606448120123597,-1.2999961305054988,0.0749881393687296,-1.3,-1.3,2.0
322.891,-1.2606448120123597,-1.2999961305054988,0.0749881393687296,-1.3,-1.3,2.0
322.901,-1.2606448120123597,-1.2999961305054988,0.0749881393687296,-1.3,-1.3,2.0
322.91,-1.2606448120123597,-1.2999961305054988,0.0749881393687296,-1.3,-1.3,2.0
322.92,-1.2606448120123597,-1.2999961305054988,0.0749881393687296,-1.3,-1.3,2.0
322.93,-1.2606448120123597,-1.2999961305054988,0.0749881393687296,-1.3,-1.3,2.0
322.947,-1.2606448120123597,-1.2999961305054988,0.0749881393687296,-1.3,-1.3,2.0
323.195,-1.2606448120123597,-1.2999961305054988,0.0749881393687296,-1.3,-1.3,2.0
323.201,-1.2606448120123597,-1.2999961305054988,0.0749881393687296,-1.3,-1.3,2.0
323.21,-1.2606448120123597,-1.2999961305054988,0.0749881393687296,-1.3,-1.3,2.0
323.231,-1.2606448120123597,-1.2999961305054988,0.0749881393687296,-1.3,-1.3,2.0
323.245,-1.2606448120123597,-1.2999961305054988,0.0749881393687296,-1.3,-1.3,2.0
323.25,-1.2606448120123597,-1.2999961305054988,0.0749881393687296,-1.3,-1.3,2.0
323.26,-1.2606448120123597,-1.2999961305054988,0.0749881393687296,-1.3,-1.3,2.0
323.27,-1.2606448120123597,-1.2999961305054988,0.0749881393687296,-1.3,-1.3,2.0
323.28,-1.2606448120123597,-1.2999961305054988,0.0749881393687296,-1.3,-1.3,2.0
323.29,-1.2606448120123597,-1.2999961305054988,0.0749881393687296,-1.3,-1.3,2.0
323.3,-1.2606448120123597,-1.2999961305054988,0.0749881393687296,-1.3,-1.3,2.0
323.317,-1.2606448120123597,-1.2999961305054988,0.0749881393687296,-1.3,-1.3,2.0
323.324,-1.2606448120123597,-1.2999961305054988,0.0749881393687296,-1.3,-1.3,2.0
323.332,-1.2606448120123597,-1.2999961305054988,0.0749881393687296,-1.3,-1.3,2.0
323.344,-1.2606448120123597,-1.2999961305054988,0.0749881393687296,-1.3,-1.3,2.0
323.355,-1.2606448120123597,-1.2999961305054988,0.0749881393687296,-1.3,-1.3,2.0
323.624,-1.2606448120123597,-1.2999961305054988,0.0749881393687296,-1.3,-1.3,2.0
323.633,-1.2606448120123597,-1.2999961305054988,0.0749881393687296,-1.3,-1.3,2.0
323.642,-1.2606448120123597,-1.2999961305054988,0.0749881393687296,-1.3,-1.3,2.0
323.656,-1.2606448120123597,-1.2999961305054988,0.0749881393687296,-1.3,-1.3,2.0
323.66,-1.2606448120123597,-1.2999961305054988,0.0749881393687296,-1.3,-1.3,2.0
323.674,-1.2606448120123597,-1.2999961305054988,0.0749881393687296,-1.3,-1.3,2.0
323.682,-1.2606448120123597,-1.2999961305054988,0.0749881393687296,-1.3,-1.3,2.0
323.696,-1.2606448120123597,-1.2999961305054988,0.0749881393687296,-1.3,-1.3,2.0
323.7,-1.2606448120123597,-1.2999961305054988,0.0749881393687296,-1.3,-1.3,2.0
323.731,-1.2606448120123597,-1.2999961305054988,0.0749881393687296,-1.3,-1.3,2.0
323.745,-1.2606448120123597,-1.2999961305054988,0.0749881393687296,-1.3,-1.3,2.0
323.754,-1.2606448120123597,-1.2999961305054988,0.0749881393687296,-1.3,-1.3,2.0
324.071,-1.2606448120123597,-1.2999961305054988,0.0749881393687296,-1.3,-1.3,2.0
324.08,-1.2606448120123597,-1.2999961305054988,0.0749881393687296,-1.3,-1.3,2.0
324.095,-1.2606448120123597,-1.2999961305054988,0.0749881393687296,-1.3,-1.3,2.0
324.101,-1.2606448120123597,-1.2999961305054988,0.0749881393687296,-1.3,-1.3,2.0
324.118,-1.2606448120123597,-1.2999961305054988,0.0749881393687296,-1.3,-1.3,2.0
324.12,-1.2606448120123597,-1.2999961305054988,0.0749881393687296,-1.3,-1.3,2.0
324.133,-1.2606448120123597,-1.2999961305054988,0.0749881393687296,-1.3,-1.3,2.0
324.147,-1.2606448120123597,-1.2999961305054988,0.0749881393687296,-1.3,-1.3,2.0
324.15,-1.2606448120123597,-1.2999961305054988,0.0749881393687296,-1.3,-1.3,2.0
324.16,-1.2606448120123597,-1.2999961305054988,0.0749881393687296,-1.3,-1.3,2.0
324.171,-1.2606448120123597,-1.2999961305054988,0.0749881393687296,-1.3,-1.3,2.0
324.187,-1.2606448120123597,-1.2999961305054988,0.0749881393687296,-1.3,-1.3,2.0
324.194,-1.2606448120123597,-1.2999961305054988,0.0749881393687296,-1.3,-1.3,2.0
324.204,-1.2606448120123597,-1.2999961305054988,0.0749881393687296,-1.3,-1.3,2.0
324.21,-1.2606448120123597,-1.2999961305054988,0.0749881393687296,-1.3,-1.3,2.0
324.227,-1.2606448120123597,-1.2999961305054988,0.0749881393687296,-1.3,-1.3,2.0
324.236,-1.2606448120123597,-1.2999961305054988,0.0749881393687296,-1.3,-1.3,2.0
324.25,-1.2606448120123597,-1.2999961305054988,0.0749881393687296,-1.3,-1.3,2.0
324.25,-1.2606448120123597,-1.2999961305054988,0.0749881393687296,-1.3,-1.3,2.0
324.26,-1.2606448120123597,-1.2999961305054988,0.0749881393687296,-1.3,-1.3,2.0
324.272,-1.2606448120123597,-1.2999961305054988,0.0749881393687296,-1.3,-1.3,2.0
324.28,-1.2606448120123597,-1.2999961305054988,0.0749881393687296,-1.3,-1.3,2.0
324.293,-1.2606448120123597,-1.2999961305054988,0.0749881393687296,-1.3,-1.3,2.0
324.305,-1.2606448120123597,-1.2999961305054988,0.0749881393687296,-1.3,-1.3,2.0
324.323,-1.2606448120123597,-1.2999961305054988,0.0749881393687296,-1.3,-1.3,2.0
324.337,-1.2606448120123597,-1.2999961305054988,0.0749881393687296,-1.3,-1.3,2.0
324.34,-1.2606448120123597,-1.2999961305054988,0.0749881393687296,-1.3,-1.3,2.0
324.35,-1.2606448120123597,-1.2999961305054988,0.0749881393687296,-1.3,-1.3,2.0
324.601,-1.2606448120123597,-1.2999961305054988,0.0749881393687296,-1.3,-1.3,2.0
324.611,-1.2606448120123597,-1.2999961305054988,0.0749881393687296,-1.3,-1.3,2.0
324.621,-1.2606448120123597,-1.2999961305054988,0.0749881393687296,-1.3,-1.3,2.0
324.644,-1.2606448120123597,-1.2999961305054988,0.0749881393687296,-1.3,-1.3,2.0
324.654,-1.2606448120123597,-1.2999961305054988,0.0749881393687296,-1.3,-1.3,2.0
324.665,-1.2606448120123597,-1.2999961305054988,0.0749881393687296,-1.3,-1.3,2.0
324.67,-1.2606448120123597,-1.2999961305054988,0.0749881393687296,-1.3,-1.3,2.0
324.686,-1.2606448120123597,-1.2999961305054988,0.0749881393687296,-1.3,-1.3,2.0
324.698,-1.2606448120123597,-1.2999961305054988,0.0749881393687296,-1.3,-1.3,2.0
324.702,-1.2606448120123597,-1.2999961305054988,0.0749881393687296,-1.3,-1.3,2.0
324.713,-1.2606448120123597,-1.2999961305054988,0.0749881393687296,-1.3,-1.3,2.0
324.723,-1.2606448120123597,-1.2999961305054988,0.0749881393687296,-1.3,-1.3,2.0
324.745,-1.2606448120123597,-1.2999961305054988,0.0749881393687296,-1.3,-1.3,2.0
324.75,-1.2606448120123597,-1.2999961305054988,0.0749881393687296,-1.3,-1.3,2.0
325.1,-1.2606448120123597,-1.2999961305054988,0.0749881393687296,-1.3,-1.3,2.0
325.11,-1.2606448120123597,-1.2999961305054988,0.0749881393687296,-1.3,-1.3,2.0
325.144,-1.2606448120123597,-1.2999961305054988,0.0749881393687296,-1.3,-1.3,2.0
325.151,-1.2606448120123597,-1.2999961305054988,0.0749881393687296,-1.3,-1.3,2.0
325.163,-1.2606448120123597,-1.2999961305054988,0.0749881393687296,-1.3,-1.3,2.0
325.186,-1.2606448120123597,-1.2999961305054988,0.0749881393687296,-1.3,-1.3,2.0
325.19,-1.2606448120123597,-1.2999961305054988,0.0749881393687296,-1.3,-1.3,2.0
325.2,-1.2606448120123597,-1.2999961305054988,0.0749881393687296,-1.3,-1.3,2.0
325.213,-1.2606448120123597,-1.2999961305054988,0.0749881393687296,-1.3,-1.3,2.0
325.226,-1.2606448120123597,-1.2999961305054988,0.0749881393687296,-1.3,-1.3,2.0
325.245,-1.2606448120123597,-1.2999961305054988,0.0749881393687296,-1.3,-1.3,2.0
325.251,-1.2606448120123597,-1.2999961305054988,0.0749881393687296,-1.3,-1.3,2.0
325.56,-1.2606448120123597,-1.2999961305054988,0.0749881393687296,-1.3,-1.3,2.0
325.57,-1.2606448120123597,-1.2999961305054988,0.0749881393687296,-1.3,-1.3,2.0
325.58,-1.2606448120123597,-1.2999961305054988,0.0749881393687296,-1.3,-1.3,2.0
325.593,-1.2606448120123597,-1.2999961305054988,0.0749881393687296,-1.3,-1.3,2.0
325.6,-1.2606448120123597,-1.2999961305054988,0.0749881393687296,-1.3,-1.3,2.0
325.617,-1.2606448120123597,-1.2999961305054988,0.0749881393687296,-1.3,-1.3,2.0
325.624,-1.2606448120123597,-1.2999961305054988,0.0749881393687296,-1.3,-1.3,2.0
325.638,-1.2606448120123597,-1.2999961305054988,0.0749881393687296,-1.3,-1.3,2.0
325.64,-1.2606448120123597,-1.2999961305054988,0.0749881393687296,-1.3,-1.3,2.0
325.65,-1.2606448120123597,-1.2999961305054988,0.0749881393687296,-1.3,-1.3,2.0
325.892,-1.2606448120123597,-1.2999961305054988,0.0749881393687296,-1.3,-1.3,2.0
325.902,-1.2606448120123597,-1.2999961305054988,0.0749881393687296,-1.3,-1.3,2.0
325.914,-1.2606448120123597,-1.2999961305054988,0.0749881393687296,-1.3,-1.3,2.0
325.92,-1.2606448120123597,-1.2999961305054988,0.0749881393687296,-1.3,-1.3,2.0
325.933,-1.2606448120123597,-1.2999961305054988,0.0749881393687296,-1.3,-1.3,2.0
325.941,-1.2606448120123597,-1.2999961305054988,0.0749881393687296,-1.3,-1.3,2.0
325.956,-1.2606448120123597,-1.2999961305054988,0.0749881393687296,-1.3,-1.3,2.0
325.96,-1.2606448120123597,-1.2999961305054988,0.0749881393687296,-1.3,-1.3,2.0
325.976,-1.2606448120123597,-1.2999961305054988,0.0749881393687296,-1.3,-1.3,2.0
325.98,-1.2606448120123597,-1.2999961305054988,0.0749881393687296,-1.3,-1.3,2.0
325.99,-1.2606448120123597,-1.2999961305054988,0.0749881393687296,-1.3,-1.3,2.0
326.0,-1.2606448120123597,-1.2999961305054988,0.0749881393687296,-1.3,-1.3,2.0
326.01,-1.2606448120123597,-1.2999961305054988,0.0749881393687296,-1.3,-1.3,2.0
326.021,-1.2606448120123597,-1.2999961305054988,0.0749881393687296,-1.3,-1.3,2.0
326.035,-1.2606448120123597,-1.2999961305054988,0.0749881393687296,-1.3,-1.3,2.0
326.04,-1.2606448120123597,-1.2999961305054988,0.0749881393687296,-1.3,-1.3,2.0
326.319,-1.2606448120123597,-1.2999961305054988,0.0749881393687296,-1.3,-1.3,2.0
326.32,-1.2606448120123597,-1.2999961305054988,0.0749881393687296,-1.3,-1.3,2.0
326.332,-1.2606448120123597,-1.2999961305054988,0.0749881393687296,-1.3,-1.3,2.0
326.352,-1.2606448120123597,-1.2999961305054988,0.0749881393687296,-1.3,-1.3,2.0
326.36,-1.2606448120123597,-1.2999961305054988,0.0749881393687296,-1.3,-1.3,2.0
326.37,-1.2606448120123597,-1.2999961305054988,0.0749881393687296,-1.3,-1.3,2.0
326.388,-1.2606448120123597,-1.2999961305054988,0.0749881393687296,-1.3,-1.3,2.0
326.39,-1.2606448120123597,-1.2999961305054988,0.0749881393687296,-1.3,-1.3,2.0
326.418,-1.2606448120123597,-1.2999961305054988,0.0749881393687296,-1.3,-1.3,2.0
326.42,-1.2606448120123597,-1.2999961305054988,0.0749881393687296,-1.3,-1.3,2.0
326.43,-1.2606448120123597,-1.2999961305054988,0.0749881393687296,-1.3,-1.3,2.0
326.445,-1.2606448120123597,-1.2999961305054988,0.0749881393687296,-1.3,-1.3,2.0
326.458,-1.2606448120123597,-1.2999961305054988,0.0749881393687296,-1.3,-1.3,2.0
326.46,-1.2606448120123597,-1.2999961305054988,0.0749881393687296,-1.3,-1.3,2.0
326.471,-1.2606448120123597,-1.2999961305054988,0.0749881393687296,-1.3,-1.3,2.0
326.483,-1.2606448120123597,-1.2999961305054988,0.0749881393687296,-1.3,-1.3,2.0
326.49,-1.2606448120123597,-1.2999961305054988,0.0749881393687296,-1.3,-1.3,2.0
326.502,-1.2606448120123597,-1.2999961305054988,0.0749881393687296,-1.3,-1.3,2.0
326.517,-1.2606448120123597,-1.2999961305054988,0.0749881393687296,-1.3,-1.3,2.0
326.522,-1.2606448120123597,-1.2999961305054988,0.0749881393687296,-1.3,-1.3,2.0
326.531,-1.2606448120123597,-1.2999961305054988,0.0749881393687296,-1.3,-1.3,2.0
326.542,-1.2606448120123597,-1.2999961305054988,0.0749881393687296,-1.3,-1.3,2.0
326.55,-1.2606448120123597,-1.2999961305054988,0.0749881393687296,-1.3,-1.3,2.0
326.567,-1.2606448120123597,-1.2999961305054988,0.0749881393687296,-1.3,-1.3,2.0
326.571,-1.2606448120123597,-1.2999961305054988,0.0749881393687296,-1.3,-1.3,2.0
326.58,-1.2606448120123597,-1.2999961305054988,0.0749881393687296,-1.3,-1.3,2.0
326.596,-1.2606448120123597,-1.2999961305054988,0.0749881393687296,-1.3,-1.3,2.0
326.602,-1.2606448120123597,-1.2999961305054988,0.0749881393687296,-1.3,-1.3,2.0
326.613,-1.2606448120123597,-1.2999961305054988,0.0749881393687296,-1.3,-1.3,2.0
326.624,-1.2606448120123597,-1.2999961305054988,0.0749881393687296,-1.3,-1.3,2.0
326.632,-1.2606448120123597,-1.2999961305054988,0.0749881393687296,-1.3,-1.3,2.0
326.65,-1.2606448120123597,-1.2999961305054988,0.0749881393687296,-1.3,-1.3,2.0
326.65,-1.2606448120123597,-1.2999961305054988,0.0749881393687296,-1.3,-1.3,2.0
326.66,-1.2606448120123597,-1.2999961305054988,0.0749881393687296,-1.3,-1.3,2.0
326.68,-1.2606448120123597,-1.2999961305054988,0.0749881393687296,-1.3,-1.3,2.0
326.688,-1.2606448120123597,-1.2999961305054988,0.0749881393687296,-1.3,-1.3,2.0
326.69,-1.2606448120123597,-1.2999961305054988,0.0749881393687296,-1.3,-1.3,2.0
326.703,-1.2606448120123597,-1.2999961305054988,0.0749881393687296,-1.3,-1.3,2.0
326.715,-1.2606448120123597,-1.2999961305054988,0.0749881393687296,-1.3,-1.3,2.0
326.735,-1.2606448120123597,-1.2999961305054988,0.0749881393687296,-1.3,-1.3,2.0
326.748,-1.2606448120123597,-1.2999961305054988,0.0749881393687296,-1.3,-1.3,2.0
326.751,-1.2606448120123597,-1.2999961305054988,0.0749881393687296,-1.3,-1.3,2.0
326.991,-1.2606448120123597,-1.2999961305054988,0.0749881393687296,-1.3,-1.3,2.0
327.004,-1.2606448120123597,-1.2999961305054988,0.0749881393687296,-1.3,-1.3,2.0
327.016,-1.2606448120123597,-1.2999961305054988,0.0749881393687296,-1.3,-1.3,2.0
327.02,-1.2606448120123597,-1.2999961305054988,0.0749881393687296,-1.3,-1.3,2.0
327.037,-1.2606448120123597,-1.2999961305054988,0.0749881393687296,-1.3,-1.3,2.0
327.048,-1.2606448120123597,-1.2999961305054988,0.0749881393687296,-1.3,-1.3,2.0
327.05,-1.2606448120123597,-1.2999961305054988,0.0749881393687296,-1.3,-1.3,2.0
327.06,-1.2606448120123597,-1.2999961305054988,0.0749881393687296,-1.3,-1.3,2.0
327.072,-1.2606448120123597,-1.2999961305054988,0.0749881393687296,-1.3,-1.3,2.0
327.08,-1.2606448120123597,-1.2999961305054988,0.0749881393687296,-1.3,-1.3,2.0
327.099,-1.2606448120123597,-1.2999961305054988,0.0749881393687296,-1.3,-1.3,2.0
327.1,-1.2606448120123597,-1.2999961305054988,0.0749881393687296,-1.3,-1.3,2.0
327.11,-1.2606448120123597,-1.2999961305054988,0.0749881393687296,-1.3,-1.3,2.0
327.124,-1.2606448120123597,-1.2999961305054988,0.0749881393687296,-1.3,-1.3,2.0
327.132,-1.2606448120123597,-1.2999961305054988,0.0749881393687296,-1.3,-1.3,2.0
327.156,-1.2606448120123597,-1.2999961305054988,0.0749881393687296,-1.3,-1.3,2.0
327.425,-1.2606448120123597,-1.2999961305054988,0.0749881393687296,-1.3,-1.3,2.0
327.43,-1.2606448120123597,-1.2999961305054988,0.0749881393687296,-1.3,-1.3,2.0
327.455,-1.2606448120123597,-1.2999961305054988,0.0749881393687296,-1.3,-1.3,2.0
327.46,-1.2606448120123597,-1.2999961305054988,0.0749881393687296,-1.3,-1.3,2.0
327.47,-1.2606448120123597,-1.2999961305054988,0.0749881393687296,-1.3,-1.3,2.0
327.483,-1.2606448120123597,-1.2999961305054988,0.0749881393687296,-1.3,-1.3,2.0
327.512,-1.2606448120123597,-1.2999961305054988,0.0749881393687296,-1.3,-1.3,2.0
327.528,-1.2606448120123597,-1.2999961305054988,0.0749881393687296,-1.3,-1.3,2.0
327.534,-1.2606448120123597,-1.2999961305054988,0.0749881393687296,-1.3,-1.3,2.0
327.54,-1.2606448120123597,-1.2999961305054988,0.0749881393687296,-1.3,-1.3,2.0
327.557,-1.2606448120123597,-1.2999961305054988,0.0749881393687296,-1.3,-1.3,2.0
327.56,-1.2606448120123597,-1.2999961305054988,0.0749881393687296,-1.3,-1.3,2.0
327.574,-1.2606448120123597,-1.2999961305054988,0.0749881393687296,-1.3,-1.3,2.0
327.58,-1.2606448120123597,-1.2999961305054988,0.0749881393687296,-1.3,-1.3,2.0
327.59,-1.2606448120123597,-1.2999961305054988,0.0749881393687296,-1.3,-1.3,2.0
327.601,-1.2606448120123597,-1.2999961305054988,0.0749881393687296,-1.3,-1.3,2.0
327.613,-1.2606448120123597,-1.2999961305054988,0.0749881393687296,-1.3,-1.3,2.0
327.622,-1.2606448120123597,-1.2999961305054988,0.0749881393687296,-1.3,-1.3,2.0
327.642,-1.2606448120123597,-1.2999961305054988,0.0749881393687296,-1.3,-1.3,2.0
327.651,-1.2606448120123597,-1.2999961305054988,0.0749881393687296,-1.3,-1.3,2.0
327.951,-1.2606448120123597,-1.2999961305054988,0.0749881393687296,-1.3,-1.3,2.0
327.96,-1.2606448120123597,-1.2999961305054988,0.0749881393687296,-1.3,-1.3,2.0
327.97,-1.2606448120123597,-1.2999961305054988,0.0749881393687296,-1.3,-1.3,2.0
327.983,-1.2606448120123597,-1.2999961305054988,0.0749881393687296,-1.3,-1.3,2.0
327.992,-1.2606448120123597,-1.2999961305054988,0.0749881393687296,-1.3,-1.3,2.0
328.003,-1.2606448120123597,-1.2999961305054988,0.0749881393687296,-1.3,-1.3,2.0
328.011,-1.2606448120123597,-1.2999961305054988,0.0749881393687296,-1.3,-1.3,2.0
328.022,-1.2606448120123597,-1.2999961305054988,0.0749881393687296,-1.3,-1.3,2.0
328.034,-1.2606448120123597,-1.2999961305054988,0.0749881393687296,-1.3,-1.3,2.0
328.047,-1.2606448120123597,-1.2999961305054988,0.0749881393687296,-1.3,-1.3,2.0
328.05,-1.2606448120123597,-1.2999961305054988,0.0749881393687296,-1.3,-1.3,2.0
328.067,-1.2606448120123597,-1.2999961305054988,0.0749881393687296,-1.3,-1.3,2.0
328.07,-1.2606448120123597,-1.2999961305054988,0.0749881393687296,-1.3,-1.3,2.0
328.08,-1.2606448120123597,-1.2999961305054988,0.0749881393687296,-1.3,-1.3,2.0
328.091,-1.2606448120123597,-1.2999961305054988,0.0749881393687296,-1.3,-1.3,2.0
328.115,-1.2606448120123597,-1.2999961305054988,0.0749881393687296,-1.3,-1.3,2.0
328.123,-1.2606448120123597,-1.2999961305054988,0.0749881393687296,-1.3,-1.3,2.0
328.136,-1.2606448120123597,-1.2999961305054988,0.0749881393687296,-1.3,-1.3,2.0
328.14,-1.2606448120123597,-1.2999961305054988,0.0749881393687296,-1.3,-1.3,2.0
328.15,-1.2606448120123597,-1.2999961305054988,0.0749881393687296,-1.3,-1.3,2.0
328.441,-1.2606448120123597,-1.2999961305054988,0.0749881393687296,-1.3,-1.3,2.0
328.45,-1.2606448120123597,-1.2999961305054988,0.0749881393687296,-1.3,-1.3,2.0
328.46,-1.2606448120123597,-1.2999961305054988,0.0749881393687296,-1.3,-1.3,2.0
328.477,-1.2606448120123597,-1.2999961305054988,0.0749881393687296,-1.3,-1.3,2.0
328.487,-1.2606448120123597,-1.2999961305054988,0.0749881393687296,-1.3,-1.3,2.0
328.493,-1.2606448120123597,-1.2999961305054988,0.0749881393687296,-1.3,-1.3,2.0
328.502,-1.2606448120123597,-1.2999961305054988,0.0749881393687296,-1.3,-1.3,2.0
328.51,-1.2606448120123597,-1.2999961305054988,0.0749881393687296,-1.3,-1.3,2.0
328.524,-1.2606448120123597,-1.2999961305054988,0.0749881393687296,-1.3,-1.3,2.0
328.542,-1.2606448120123597,-1.2999961305054988,0.0749881393687296,-1.3,-1.3,2.0
328.554,-1.2606448120123597,-1.2999961305054988,0.0749881393687296,-1.3,-1.3,2.0
328.57,-1.2606448120123597,-1.2999961305054988,0.0749881393687296,-1.3,-1.3,2.0
328.57,-1.2606448120123597,-1.2999961305054988,0.0749881393687296,-1.3,-1.3,2.0
328.586,-1.2606448120123597,-1.2999961305054988,0.0749881393687296,-1.3,-1.3,2.0
328.592,-1.2606448120123597,-1.2999961305054988,0.0749881393687296,-1.3,-1.3,2.0
328.6,-1.2606448120123597,-1.2999961305054988,0.0749881393687296,-1.3,-1.3,2.0
328.61,-1.2606448120123597,-1.2999961305054988,0.0749881393687296,-1.3,-1.3,2.0
328.62,-1.2606448120123597,-1.2999961305054988,0.0749881393687296,-1.3,-1.3,2.0
328.639,-1.2606448120123597,-1.2999961305054988,0.0749881393687296,-1.3,-1.3,2.0
328.64,-1.2606448120123597,-1.2999961305054988,0.0749881393687296,-1.3,-1.3,2.0
328.972,-1.2606448120123597,-1.2999961305054988,0.0749881393687296,-1.3,-1.3,2.0
328.987,-1.2606448120123597,-1.2999961305054988,0.0749881393687296,-1.3,-1.3,2.0
329.379,-1.2606448120123597,-1.2999961305054988,0.0749881393687296,-1.3,-1.3,2.0
329.38,-1.2606448120123597,-1.2999961305054988,0.0749881393687296,-1.3,-1.3,2.0
329.7,-1.2606448120123597,-1.2999961305054988,0.0749881393687296,-1.3,-1.3,2.0
329.733,-1.2606448120123597,-1.2999961305054988,0.0749881393687296,-1.3,-1.3,2.0
330.023,-1.2606448120123597,-1.2999961305054988,0.0749881393687296,-1.3,-1.3,2.0
330.032,-1.2606448120123597,-1.2999961305054988,0.0749881393687296,-1.3,-1.3,2.0
330.43,-1.2606448120123597,-1.2999961305054988,0.0749881393687296,-1.3,-1.3,2.0
330.441,-1.2606448120123597,-1.2999961305054988,0.0749881393687296,-1.3,-1.3,2.0
330.86,-1.2606448120123597,-1.2999961305054988,0.0749881393687296,-1.3,-1.3,2.0
330.871,-1.2606448120123597,-1.2999961305054988,0.0749881393687296,-1.3,-1.3,2.0
331.29,-1.2606448120123597,-1.2999961305054988,0.0749881393687296,-1.3,-1.3,2.0
331.301,-1.2606448120123597,-1.2999961305054988,0.0749881393687296,-1.3,-1.3,2.0
331.66,-1.2606448120123597,-1.2999961305054988,0.0749881393687296,-1.3,-1.3,2.0
331.682,-1.2606448120123597,-1.2999961305054988,0.0749881393687296,-1.3,-1.3,2.0
332.084,-1.2606448120123597,-1.2999961305054988,0.0749881393687296,-1.3,-1.3,2.0
332.094,-1.2606448120123597,-1.2999961305054988,0.0749881393687296,-1.3,-1.3,2.0
332.101,-1.2606448120123597,-1.2999961305054988,0.0749881393687296,-1.3,-1.3,2.0
332.111,-1.2606448120123597,-1.2999961305054988,0.0749881393687296,-1.3,-1.3,2.0
332.121,-1.2606448120123597,-1.2999961305054988,0.0749881393687296,-1.3,-1.3,2.0
332.143,-1.2606448120123597,-1.2999961305054988,0.0749881393687296,-1.3,-1.3,2.0
332.155,-1.2606448120123597,-1.2999961305054988,0.0749881393687296,-1.3,-1.3,2.0
332.16,-1.2606448120123597,-1.2999961305054988,0.0749881393687296,-1.3,-1.3,2.0
332.17,-1.2606448120123597,-1.2999961305054988,0.0749881393687296,-1.3,-1.3,2.0
332.183,-1.2606448120123597,-1.2999961305054988,0.0749881393687296,-1.3,-1.3,2.0
332.194,-1.2606448120123597,-1.2999961305054988,0.0749881393687296,-1.3,-1.3,2.0
332.201,-1.2606448120123597,-1.2999961305054988,0.0749881393687296,-1.3,-1.3,2.0
332.216,-1.2606448120123597,-1.2999961305054988,0.0749881393687296,-1.3,-1.3,2.0
332.226,-1.2606448120123597,-1.2999961305054988,0.0749881393687296,-1.3,-1.3,2.0
332.239,-1.2606448120123597,-1.2999961305054988,0.0749881393687296,-1.3,-1.3,2.0
332.241,-1.2606448120123597,-1.2999961305054988,0.0749881393687296,-1.3,-1.3,2.0
332.25,-1.2606448120123597,-1.2999961305054988,0.0749881393687296,-1.3,-1.3,2.0
332.26,-1.2606448120123597,-1.2999961305054988,0.0749881393687296,-1.3,-1.3,2.0
332.276,-1.2606448120123597,-1.2999961305054988,0.0749881393687296,-1.3,-1.3,2.0
332.28,-1.2606448120123597,-1.2999961305054988,0.0749881393687296,-1.3,-1.3,2.0
332.29,-1.2606448120123597,-1.2999961305054988,0.0749881393687296,-1.3,-1.3,2.0
332.3,-1.2606448120123597,-1.2999961305054988,0.0749881393687296,-1.3,-1.3,2.0
332.311,-1.2606448120123597,-1.2999961305054988,0.0749881393687296,-1.3,-1.3,2.0
332.32,-1.2606448120123597,-1.2999961305054988,0.0749881393687296,-1.3,-1.3,2.0
332.33,-1.2606448120123597,-1.2999961305054988,0.0749881393687296,-1.3,-1.3,2.0
332.343,-1.2606448120123597,-1.2999961305054988,0.0749881393687296,-1.3,-1.3,2.0
332.61,-1.2606448120123597,-1.2999961305054988,0.0749881393687296,-1.3,-1.3,2.0
332.634,-1.2606448120123597,-1.2999961305054988,0.0749881393687296,-1.3,-1.3,2.0
332.645,-1.2606448120123597,-1.2999961305054988,0.0749881393687296,-1.3,-1.3,2.0
332.652,-1.2606448120123597,-1.2999961305054988,0.0749881393687296,-1.3,-1.3,2.0
332.66,-1.2606448120123597,-1.2999961305054988,0.0749881393687296,-1.3,-1.3,2.0
332.675,-1.2606448120123597,-1.2999961305054988,0.0749881393687296,-1.3,-1.3,2.0
332.683,-1.2606448120123597,-1.2999961305054988,0.0749881393687296,-1.3,-1.3,2.0
332.693,-1.2606448120123597,-1.2999961305054988,0.0749881393687296,-1.3,-1.3,2.0
332.7,-1.2606448120123597,-1.2999961305054988,0.0749881393687296,-1.3,-1.3,2.0
332.716,-1.2606448120123597,-1.2999961305054988,0.0749881393687296,-1.3,-1.3,2.0
332.721,-1.2606448120123597,-1.2999961305054988,0.0749881393687296,-1.3,-1.3,2.0
332.731,-1.2606448120123597,-1.2999961305054988,0.0749881393687296,-1.3,-1.3,2.0
332.74,-1.2606448120123597,-1.2999961305054988,0.0749881393687296,-1.3,-1.3,2.0
332.751,-1.2606448120123597,-1.2999961305054988,0.0749881393687296,-1.3,-1.3,2.0
333.0,-1.2606448120123597,-1.2999961305054988,0.0749881393687296,-1.3,-1.3,2.0
333.019,-1.2606448120123597,-1.2999961305054988,0.0749881393687296,-1.3,-1.3,2.0
333.029,-1.2606448120123597,-1.2999961305054988,0.0749881393687296,-1.3,-1.3,2.0
333.036,-1.2606448120123597,-1.2999961305054988,0.0749881393687296,-1.3,-1.3,2.0
333.044,-1.2606448120123597,-1.2999961305054988,0.0749881393687296,-1.3,-1.3,2.0
333.06,-1.2606448120123597,-1.2999961305054988,0.0749881393687296,-1.3,-1.3,2.0
333.06,-1.2606448120123597,-1.2999961305054988,0.0749881393687296,-1.3,-1.3,2.0
333.073,-1.2606448120123597,-1.2999961305054988,0.0749881393687296,-1.3,-1.3,2.0
333.08,-1.2606448120123597,-1.2999961305054988,0.0749881393687296,-1.3,-1.3,2.0
333.091,-1.2606448120123597,-1.2999961305054988,0.0749881393687296,-1.3,-1.3,2.0
333.1,-1.2606448120123597,-1.2999961305054988,0.0749881393687296,-1.3,-1.3,2.0
333.111,-1.2606448120123597,-1.2999961305054988,0.0749881393687296,-1.3,-1.3,2.0
333.132,-1.2606448120123597,-1.2999961305054988,0.0749881393687296,-1.3,-1.3,2.0
333.14,-1.2606448120123597,-1.2999961305054988,0.0749881393687296,-1.3,-1.3,2.0
333.156,-1.2606448120123597,-1.2999961305054988,0.0749881393687296,-1.3,-1.3,2.0
333.16,-1.2606448120123597,-1.2999961305054988,0.0749881393687296,-1.3,-1.3,2.0
333.17,-1.2606448120123597,-1.2999961305054988,0.0749881393687296,-1.3,-1.3,2.0
333.18,-1.2606448120123597,-1.2999961305054988,0.0749881393687296,-1.3,-1.3,2.0
333.19,-1.2606448120123597,-1.2999961305054988,0.0749881393687296,-1.3,-1.3,2.0
333.202,-1.2606448120123597,-1.2999961305054988,0.0749881393687296,-1.3,-1.3,2.0
333.216,-1.2606448120123597,-1.2999961305054988,0.0749881393687296,-1.3,-1.3,2.0
333.22,-1.2606448120123597,-1.2999961305054988,0.0749881393687296,-1.3,-1.3,2.0
333.236,-1.2606448120123597,-1.2999961305054988,0.0749881393687296,-1.3,-1.3,2.0
333.244,-1.2606448120123597,-1.2999961305054988,0.0749881393687296,-1.3,-1.3,2.0
333.252,-1.2606448120123597,-1.2999961305054988,0.0749881393687296,-1.3,-1.3,2.0
333.26,-1.2606448120123597,-1.2999961305054988,0.0749881393687296,-1.3,-1.3,2.0
333.273,-1.2606448120123597,-1.2999961305054988,0.0749881393687296,-1.3,-1.3,2.0
333.28,-1.2606448120123597,-1.2999961305054988,0.0749881393687296,-1.3,-1.3,2.0
333.292,-1.2606448120123597,-1.2999961305054988,0.0749881393687296,-1.3,-1.3,2.0
333.303,-1.2606448120123597,-1.2999961305054988,0.0749881393687296,-1.3,-1.3,2.0
333.315,-1.2606448120123597,-1.2999961305054988,0.0749881393687296,-1.3,-1.3,2.0
333.32,-1.2606448120123597,-1.2999961305054988,0.0749881393687296,-1.3,-1.3,2.0
333.33,-1.2606448120123597,-1.2999961305054988,0.0749881393687296,-1.3,-1.3,2.0
333.355,-1.2606448120123597,-1.2999961305054988,0.0749881393687296,-1.3,-1.3,2.0
333.6,-1.2606448120123597,-1.2999961305054988,0.0749881393687296,-1.3,-1.3,2.0
333.612,-1.2606448120123597,-1.2999961305054988,0.0749881393687296,-1.3,-1.3,2.0
333.62,-1.2606448120123597,-1.2999961305054988,0.0749881393687296,-1.3,-1.3,2.0
333.659,-1.2606448120123597,-1.2999961305054988,0.0749881393687296,-1.3,-1.3,2.0
333.66,-1.2606448120123597,-1.2999961305054988,0.0749881393687296,-1.3,-1.3,2.0
333.672,-1.2606448120123597,-1.2999961305054988,0.0749881393687296,-1.3,-1.3,2.0
333.68,-1.2606448120123597,-1.2999961305054988,0.0749881393687296,-1.3,-1.3,2.0
333.69,-1.2606448120123597,-1.2999961305054988,0.0749881393687296,-1.3,-1.3,2.0
333.7,-1.2606448120123597,-1.2999961305054988,0.0749881393687296,-1.3,-1.3,2.0
333.723,-1.2606448120123597,-1.2999961305054988,0.0749881393687296,-1.3,-1.3,2.0
333.739,-1.2606448120123597,-1.2999961305054988,0.0749881393687296,-1.3,-1.3,2.0
333.745,-1.2606448120123597,-1.2999961305054988,0.0749881393687296,-1.3,-1.3,2.0
333.75,-1.2606448120123597,-1.2999961305054988,0.0749881393687296,-1.3,-1.3,2.0
333.76,-1.2606448120123597,-1.2999961305054988,0.0749881393687296,-1.3,-1.3,2.0
333.773,-1.2606448120123597,-1.2999961305054988,0.0749881393687296,-1.3,-1.3,2.0
333.78,-1.2606448120123597,-1.2999961305054988,0.0749881393687296,-1.3,-1.3,2.0
333.791,-1.2606448120123597,-1.2999961305054988,0.0749881393687296,-1.3,-1.3,2.0
333.802,-1.2606448120123597,-1.2999961305054988,0.0749881393687296,-1.3,-1.3,2.0
333.817,-1.2606448120123597,-1.2999961305054988,0.0749881393687296,-1.3,-1.3,2.0
333.825,-1.2606448120123597,-1.2999961305054988,0.0749881393687296,-1.3,-1.3,2.0
333.83,-1.2606448120123597,-1.2999961305054988,0.0749881393687296,-1.3,-1.3,2.0
333.841,-1.2606448120123597,-1.2999961305054988,0.0749881393687296,-1.3,-1.3,2.0
333.851,-1.2606448120123597,-1.2999961305054988,0.0749881393687296,-1.3,-1.3,2.0
333.86,-1.2606448120123597,-1.2999961305054988,0.0749881393687296,-1.3,-1.3,2.0
333.87,-1.2606448120123597,-1.2999961305054988,0.0749881393687296,-1.3,-1.3,2.0
333.88,-1.2606448120123597,-1.2999961305054988,0.0749881393687296,-1.3,-1.3,2.0
333.893,-1.2606448120123597,-1.2999961305054988,0.0749881393687296,-1.3,-1.3,2.0
333.902,-1.2606448120123597,-1.2999961305054988,0.0749881393687296,-1.3,-1.3,2.0
333.919,-1.2606448120123597,-1.2999961305054988,0.0749881393687296,-1.3,-1.3,2.0
333.921,-1.2606448120123597,-1.2999961305054988,0.0749881393687296,-1.3,-1.3,2.0
333.93,-1.2606448120123597,-1.2999961305054988,0.0749881393687296,-1.3,-1.3,2.0
333.951,-1.2606448120123597,-1.2999961305054988,0.0749881393687296,-1.3,-1.3,2.0
334.745,-1.2606448120123597,-1.2999961305054988,0.0749881393687296,-1.3,-1.3,2.0
334.754,-1.2606448120123597,-1.2999961305054988,0.0749881393687296,-1.3,-1.3,2.0
335.208,-1.2606448120123597,-1.2999961305054988,0.0749881393687296,-1.3,-1.3,2.0
335.21,-1.2606448120123597,-1.2999961305054988,0.0749881393687296,-1.3,-1.3,2.0
335.56,-1.2606448120123597,-1.2999961305054988,0.0749881393687296,-1.3,-1.3,2.0
335.58,-1.2606448120123597,-1.2999961305054988,0.0749881393687296,-1.3,-1.3,2.0
335.971,-1.2606448120123597,-1.2999961305054988,0.0749881393687296,-1.3,-1.3,2.0
335.981,-1.2606448120123597,-1.2999961305054988,0.0749881393687296,-1.3,-1.3,2.0
336.284,-1.2606448120123597,-1.2999961305054988,0.0749881393687296,-1.3,-1.3,2.0
336.292,-1.2606448120123597,-1.2999961305054988,0.0749881393687296,-1.3,-1.3,2.0
336.708,-1.2606448120123597,-1.2999961305054988,0.0749881393687296,-1.3,-1.3,2.0
336.714,-1.2606448120123597,-1.2999961305054988,0.0749881393687296,-1.3,-1.3,2.0
336.724,-1.2606448120123597,-1.2999961305054988,0.0749881393687296,-1.3,-1.3,2.0
336.73,-1.2606448120123597,-1.2999961305054988,0.0749881393687296,-1.3,-1.3,2.0
336.747,-1.2606448120123597,-1.2999961305054988,0.0749881393687296,-1.3,-1.3,2.0
336.753,-1.2606448120123597,-1.2999961305054988,0.0749881393687296,-1.3,-1.3,2.0
336.76,-1.2606448120123597,-1.2999961305054988,0.0749881393687296,-1.3,-1.3,2.0
336.773,-1.2606448120123597,-1.2999961305054988,0.0749881393687296,-1.3,-1.3,2.0
336.78,-1.2606448120123597,-1.2999961305054988,0.0749881393687296,-1.3,-1.3,2.0
336.79,-1.2606448120123597,-1.2999961305054988,0.0749881393687296,-1.3,-1.3,2.0
336.806,-1.2606448120123597,-1.2999961305054988,0.0749881393687296,-1.3,-1.3,2.0
336.813,-1.2606448120123597,-1.2999961305054988,0.0749881393687296,-1.3,-1.3,2.0
336.83,-1.2606448120123597,-1.2999961305054988,0.0749881393687296,-1.3,-1.3,2.0
336.83,-1.2606448120123597,-1.2999961305054988,0.0749881393687296,-1.3,-1.3,2.0
336.843,-1.2606448120123597,-1.2999961305054988,0.0749881393687296,-1.3,-1.3,2.0
336.853,-1.2606448120123597,-1.2999961305054988,0.0749881393687296,-1.3,-1.3,2.0
337.17,-1.2606448120123597,-1.2999961305054988,0.0749881393687296,-1.3,-1.3,2.0
337.184,-1.2606448120123597,-1.2999961305054988,0.0749881393687296,-1.3,-1.3,2.0
337.531,-1.2606448120123597,-1.2999961305054988,0.0749881393687296,-1.3,-1.3,2.0
337.54,-1.2606448120123597,-1.2999961305054988,0.0749881393687296,-1.3,-1.3,2.0
337.953,-1.2606448120123597,-1.2999961305054988,0.0749881393687296,-1.3,-1.3,2.0
337.96,-1.2606448120123597,-1.2999961305054988,0.0749881393687296,-1.3,-1.3,2.0
338.36,-1.2606448120123597,-1.2999961305054988,0.0749881393687296,-1.3,-1.3,2.0
338.37,-1.2606448120123597,-1.2999961305054988,0.0749881393687296,-1.3,-1.3,2.0
338.82,-1.2606448120123597,-1.2999961305054988,0.0749881393687296,-1.3,-1.3,2.0
338.831,-1.2606448120123597,-1.2999961305054988,0.0749881393687296,-1.3,-1.3,2.0
339.16,-1.2606448120123597,-1.2999961305054988,0.0749881393687296,-1.3,-1.3,2.0
339.171,-1.2606448120123597,-1.2999961305054988,0.0749881393687296,-1.3,-1.3,2.0
339.53,-1.2606448120123597,-1.2999961305054988,0.0749881393687296,-1.3,-1.3,2.0
339.55,-1.2606448120123597,-1.2999961305054988,0.0749881393687296,-1.3,-1.3,2.0
339.913,-1.2606448120123597,-1.2999961305054988,0.0749881393687296,-1.3,-1.3,2.0
339.925,-1.2606448120123597,-1.2999961305054988,0.0749881393687296,-1.3,-1.3,2.0
340.29,-1.2606448120123597,-1.2999961305054988,0.0749881393687296,-1.3,-1.3,2.0
340.302,-1.2606448120123597,-1.2999961305054988,0.0749881393687296,-1.3,-1.3,2.0
340.699,-1.2606448120123597,-1.2999961305054988,0.0749881393687296,-1.3,-1.3,2.0
340.7,-1.2606448120123597,-1.2999961305054988,0.0749881393687296,-1.3,-1.3,2.0
340.72,-1.2606448120123597,-1.2999961305054988,0.0749881393687296,-1.3,-1.3,2.0
340.72,-1.2606448120123597,-1.2999961305054988,0.0749881393687296,-1.3,-1.3,2.0
340.732,-1.2606448120123597,-1.2999961305054988,0.0749881393687296,-1.3,-1.3,2.0
340.74,-1.2606448120123597,-1.2999961305054988,0.0749881393687296,-1.3,-1.3,2.0
340.757,-1.2606448120123597,-1.2999961305054988,0.0749881393687296,-1.3,-1.3,2.0
340.76,-1.2606448120123597,-1.2999961305054988,0.0749881393687296,-1.3,-1.3,2.0
340.77,-1.2606448120123597,-1.2999961305054988,0.0749881393687296,-1.3,-1.3,2.0
340.78,-1.2606448120123597,-1.2999961305054988,0.0749881393687296,-1.3,-1.3,2.0
340.79,-1.2606448120123597,-1.2999961305054988,0.0749881393687296,-1.3,-1.3,2.0
340.801,-1.2606448120123597,-1.2999961305054988,0.0749881393687296,-1.3,-1.3,2.0
340.81,-1.2606448120123597,-1.2999961305054988,0.0749881393687296,-1.3,-1.3,2.0
340.82,-1.2606448120123597,-1.2999961305054988,0.0749881393687296,-1.3,-1.3,2.0
340.836,-1.2606448120123597,-1.2999961305054988,0.0749881393687296,-1.3,-1.3,2.0
340.841,-1.2606448120123597,-1.2999961305054988,0.0749881393687296,-1.3,-1.3,2.0
340.85,-1.2606448120123597,-1.2999961305054988,0.0749881393687296,-1.3,-1.3,2.0
340.86,-1.2606448120123597,-1.2999961305054988,0.0749881393687296,-1.3,-1.3,2.0
340.888,-1.2606448120123597,-1.2999961305054988,0.0749881393687296,-1.3,-1.3,2.0
340.9,-1.2606448120123597,-1.2999961305054988,0.0749881393687296,-1.3,-1.3,2.0
340.9,-1.2606448120123597,-1.2999961305054988,0.0749881393687296,-1.3,-1.3,2.0
340.916,-1.2606448120123597,-1.2999961305054988,0.0749881393687296,-1.3,-1.3,2.0
340.92,-1.2606448120123597,-1.2999961305054988,0.0749881393687296,-1.3,-1.3,2.0
340.946,-1.2606448120123597,-1.2999961305054988,0.0749881393687296,-1.3,-1.3,2.0
340.954,-1.2606448120123597,-1.2999961305054988,0.0749881393687296,-1.3,-1.3,2.0
340.96,-1.2606448120123597,-1.2999961305054988,0.0749881393687296,-1.3,-1.3,2.0
340.97,-1.2606448120123597,-1.2999961305054988,0.0749881393687296,-1.3,-1.3,2.0
340.98,-1.2606448120123597,-1.2999961305054988,0.0749881393687296,-1.3,-1.3,2.0
340.994,-1.2606448120123597,-1.2999961305054988,0.0749881393687296,-1.3,-1.3,2.0
341.003,-1.2606448120123597,-1.2999961305054988,0.0749881393687296,-1.3,-1.3,2.0
341.017,-1.2606448120123597,-1.2999961305054988,0.0749881393687296,-1.3,-1.3,2.0
341.028,-1.2606448120123597,-1.2999961305054988,0.0749881393687296,-1.3,-1.3,2.0
341.037,-1.2606448120123597,-1.2999961305054988,0.0749881393687296,-1.3,-1.3,2.0
341.051,-1.2606448120123597,-1.2999961305054988,0.0749881393687296,-1.3,-1.3,2.0
341.32,-1.2606448120123597,-1.2999961305054988,0.0749881393687296,-1.3,-1.3,2.0
341.338,-1.2606448120123597,-1.2999961305054988,0.0749881393687296,-1.3,-1.3,2.0
341.34,-1.2606448120123597,-1.2999961305054988,0.0749881393687296,-1.3,-1.3,2.0
341.352,-1.2606448120123597,-1.2999961305054988,0.0749881393687296,-1.3,-1.3,2.0
341.366,-1.2606448120123597,-1.2999961305054988,0.0749881393687296,-1.3,-1.3,2.0
341.378,-1.2606448120123597,-1.2999961305054988,0.0749881393687296,-1.3,-1.3,2.0
341.38,-1.2606448120123597,-1.2999961305054988,0.0749881393687296,-1.3,-1.3,2.0
341.396,-1.2606448120123597,-1.2999961305054988,0.0749881393687296,-1.3,-1.3,2.0
341.4,-1.2606448120123597,-1.2999961305054988,0.0749881393687296,-1.3,-1.3,2.0
341.412,-1.2606448120123597,-1.2999961305054988,0.0749881393687296,-1.3,-1.3,2.0
341.42,-1.2606448120123597,-1.2999961305054988,0.0749881393687296,-1.3,-1.3,2.0
341.443,-1.2606448120123597,-1.2999961305054988,0.0749881393687296,-1.3,-1.3,2.0
341.454,-1.2606448120123597,-1.2999961305054988,0.0749881393687296,-1.3,-1.3,2.0
341.465,-1.2606448120123597,-1.2999961305054988,0.0749881393687296,-1.3,-1.3,2.0
341.47,-1.2606448120123597,-1.2999961305054988,0.0749881393687296,-1.3,-1.3,2.0
341.484,-1.2606448120123597,-1.2999961305054988,0.0749881393687296,-1.3,-1.3,2.0
341.494,-1.2606448120123597,-1.2999961305054988,0.0749881393687296,-1.3,-1.3,2.0
341.501,-1.2606448120123597,-1.2999961305054988,0.0749881393687296,-1.3,-1.3,2.0
341.511,-1.2606448120123597,-1.2999961305054988,0.0749881393687296,-1.3,-1.3,2.0
341.521,-1.2606448120123597,-1.2999961305054988,0.0749881393687296,-1.3,-1.3,2.0
341.53,-1.2606448120123597,-1.2999961305054988,0.0749881393687296,-1.3,-1.3,2.0
341.54,-1.2606448120123597,-1.2999961305054988,0.0749881393687296,-1.3,-1.3,2.0
341.556,-1.2606448120123597,-1.2999961305054988,0.0749881393687296,-1.3,-1.3,2.0
341.56,-1.2606448120123597,-1.2999961305054988,0.0749881393687296,-1.3,-1.3,2.0
341.57,-1.2606448120123597,-1.2999961305054988,0.0749881393687296,-1.3,-1.3,2.0
341.582,-1.2606448120123597,-1.2999961305054988,0.0749881393687296,-1.3,-1.3,2.0
341.591,-1.2606448120123597,-1.2999961305054988,0.0749881393687296,-1.3,-1.3,2.0
341.605,-1.2606448120123597,-1.2999961305054988,0.0749881393687296,-1.3,-1.3,2.0
341.612,-1.2606448120123597,-1.2999961305054988,0.0749881393687296,-1.3,-1.3,2.0
341.623,-1.2606448120123597,-1.2999961305054988,0.0749881393687296,-1.3,-1.3,2.0
341.647,-1.2606448120123597,-1.2999961305054988,0.0749881393687296,-1.3,-1.3,2.0
341.654,-1.2606448120123597,-1.2999961305054988,0.0749881393687296,-1.3,-1.3,2.0
342.022,-1.2606448120123597,-1.2999961305054988,0.0749881393687296,-1.3,-1.3,2.0
342.035,-1.2606448120123597,-1.2999961305054988,0.0749881393687296,-1.3,-1.3,2.0
342.046,-1.2606448120123597,-1.2999961305054988,0.0749881393687296,-1.3,-1.3,2.0
342.055,-1.2606448120123597,-1.2999961305054988,0.0749881393687296,-1.3,-1.3,2.0
342.073,-1.2606448120123597,-1.2999961305054988,0.0749881393687296,-1.3,-1.3,2.0
342.082,-1.2606448120123597,-1.2999961305054988,0.0749881393687296,-1.3,-1.3,2.0
342.093,-1.2606448120123597,-1.2999961305054988,0.0749881393687296,-1.3,-1.3,2.0
342.1,-1.2606448120123597,-1.2999961305054988,0.0749881393687296,-1.3,-1.3,2.0
342.111,-1.2606448120123597,-1.2999961305054988,0.0749881393687296,-1.3,-1.3,2.0
342.12,-1.2606448120123597,-1.2999961305054988,0.0749881393687296,-1.3,-1.3,2.0
342.137,-1.2606448120123597,-1.2999961305054988,0.0749881393687296,-1.3,-1.3,2.0
342.14,-1.2606448120123597,-1.2999961305054988,0.0749881393687296,-1.3,-1.3,2.0
342.422,-1.2606448120123597,-1.2999961305054988,0.0749881393687296,-1.3,-1.3,2.0
342.431,-1.2606448120123597,-1.2999961305054988,0.0749881393687296,-1.3,-1.3,2.0
342.442,-1.2606448120123597,-1.2999961305054988,0.0749881393687296,-1.3,-1.3,2.0
342.456,-1.2606448120123597,-1.2999961305054988,0.0749881393687296,-1.3,-1.3,2.0
342.46,-1.2606448120123597,-1.2999961305054988,0.0749881393687296,-1.3,-1.3,2.0
342.482,-1.2606448120123597,-1.2999961305054988,0.0749881393687296,-1.3,-1.3,2.0
342.49,-1.2606448120123597,-1.2999961305054988,0.0749881393687296,-1.3,-1.3,2.0
342.5,-1.2606448120123597,-1.2999961305054988,0.0749881393687296,-1.3,-1.3,2.0
342.52,-1.2606448120123597,-1.2999961305054988,0.0749881393687296,-1.3,-1.3,2.0
342.52,-1.2606448120123597,-1.2999961305054988,0.0749881393687296,-1.3,-1.3,2.0
342.538,-1.2606448120123597,-1.2999961305054988,0.0749881393687296,-1.3,-1.3,2.0
342.547,-1.2606448120123597,-1.2999961305054988,0.0749881393687296,-1.3,-1.3,2.0
342.86,-1.2606448120123597,-1.2999961305054988,0.0749881393687296,-1.3,-1.3,2.0
342.86,-1.2606448120123597,-1.2999961305054988,0.0749881393687296,-1.3,-1.3,2.0
342.896,-1.2606448120123597,-1.2999961305054988,0.0749881393687296,-1.3,-1.3,2.0
342.911,-1.2606448120123597,-1.2999961305054988,0.0749881393687296,-1.3,-1.3,2.0
342.934,-1.2606448120123597,-1.2999961305054988,0.0749881393687296,-1.3,-1.3,2.0
342.946,-1.2606448120123597,-1.2999961305054988,0.0749881393687296,-1.3,-1.3,2.0
342.951,-1.2606448120123597,-1.2999961305054988,0.0749881393687296,-1.3,-1.3,2.0
342.96,-1.2606448120123597,-1.2999961305054988,0.0749881393687296,-1.3,-1.3,2.0
342.971,-1.2606448120123597,-1.2999961305054988,0.0749881393687296,-1.3,-1.3,2.0
342.991,-1.2606448120123597,-1.2999961305054988,0.0749881393687296,-1.3,-1.3,2.0
343.0,-1.2606448120123597,-1.2999961305054988,0.0749881393687296,-1.3,-1.3,2.0
343.01,-1.2606448120123597,-1.2999961305054988,0.0749881393687296,-1.3,-1.3,2.0
343.02,-1.2606448120123597,-1.2999961305054988,0.0749881393687296,-1.3,-1.3,2.0
343.039,-1.2606448120123597,-1.2999961305054988,0.0749881393687296,-1.3,-1.3,2.0
343.04,-1.2606448120123597,-1.2999961305054988,0.0749881393687296,-1.3,-1.3,2.0
343.061,-1.2606448120123597,-1.2999961305054988,0.0749881393687296,-1.3,-1.3,2.0
343.07,-1.2606448120123597,-1.2999961305054988,0.0749881393687296,-1.3,-1.3,2.0
343.086,-1.2606448120123597,-1.2999961305054988,0.0749881393687296,-1.3,-1.3,2.0
343.09,-1.2606448120123597,-1.2999961305054988,0.0749881393687296,-1.3,-1.3,2.0
343.101,-1.2606448120123597,-1.2999961305054988,0.0749881393687296,-1.3,-1.3,2.0
343.125,-1.2606448120123597,-1.2999961305054988,0.0749881393687296,-1.3,-1.3,2.0
343.131,-1.2606448120123597,-1.2999961305054988,0.0749881393687296,-1.3,-1.3,2.0
343.141,-1.2606448120123597,-1.2999961305054988,0.0749881393687296,-1.3,-1.3,2.0
343.152,-1.2606448120123597,-1.2999961305054988,0.0749881393687296,-1.3,-1.3,2.0
343.46,-1.2606448120123597,-1.2999961305054988,0.0749881393687296,-1.3,-1.3,2.0
343.475,-1.2606448120123597,-1.2999961305054988,0.0749881393687296,-1.3,-1.3,2.0
343.86,-1.2606448120123597,-1.2999961305054988,0.0749881393687296,-1.3,-1.3,2.0
343.882,-1.2606448120123597,-1.2999961305054988,0.0749881393687296,-1.3,-1.3,2.0
344.291,-1.2606448120123597,-1.2999961305054988,0.0749881393687296,-1.3,-1.3,2.0
344.305,-1.2606448120123597,-1.2999961305054988,0.0749881393687296,-1.3,-1.3,2.0
344.652,-1.2606448120123597,-1.2999961305054988,0.0749881393687296,-1.3,-1.3,2.0
344.66,-1.2606448120123597,-1.2999961305054988,0.0749881393687296,-1.3,-1.3,2.0
345.046,-1.2606448120123597,-1.2999961305054988,0.0749881393687296,-1.3,-1.3,2.0
345.054,-1.2606448120123597,-1.2999961305054988,0.0749881393687296,-1.3,-1.3,2.0
345.062,-1.2606448120123597,-1.2999961305054988,0.0749881393687296,-1.3,-1.3,2.0
345.072,-1.2606448120123597,-1.2999961305054988,0.0749881393687296,-1.3,-1.3,2.0
345.087,-1.2606448120123597,-1.2999961305054988,0.0749881393687296,-1.3,-1.3,2.0
345.093,-1.2606448120123597,-1.2999961305054988,0.0749881393687296,-1.3,-1.3,2.0
345.1,-1.2606448120123597,-1.2999961305054988,0.0749881393687296,-1.3,-1.3,2.0
345.11,-1.2606448120123597,-1.2999961305054988,0.0749881393687296,-1.3,-1.3,2.0
345.12,-1.2606448120123597,-1.2999961305054988,0.0749881393687296,-1.3,-1.3,2.0
345.138,-1.2606448120123597,-1.2999961305054988,0.0749881393687296,-1.3,-1.3,2.0
345.14,-1.2606448120123597,-1.2999961305054988,0.0749881393687296,-1.3,-1.3,2.0
345.15,-1.2606448120123597,-1.2999961305054988,0.0749881393687296,-1.3,-1.3,2.0
345.51,-1.2606448120123597,-1.2999961305054988,0.0749881393687296,-1.3,-1.3,2.0
345.53,-1.2606448120123597,-1.2999961305054988,0.0749881393687296,-1.3,-1.3,2.0
345.53,-1.2606448120123597,-1.2999961305054988,0.0749881393687296,-1.3,-1.3,2.0
345.541,-1.2606448120123597,-1.2999961305054988,0.0749881393687296,-1.3,-1.3,2.0
345.55,-1.2606448120123597,-1.2999961305054988,0.0749881393687296,-1.3,-1.3,2.0
345.56,-1.2606448120123597,-1.2999961305054988,0.0749881393687296,-1.3,-1.3,2.0
345.578,-1.2606448120123597,-1.2999961305054988,0.0749881393687296,-1.3,-1.3,2.0
345.581,-1.2606448120123597,-1.2999961305054988,0.0749881393687296,-1.3,-1.3,2.0
345.595,-1.2606448120123597,-1.2999961305054988,0.0749881393687296,-1.3,-1.3,2.0
345.601,-1.2606448120123597,-1.2999961305054988,0.0749881393687296,-1.3,-1.3,2.0
345.61,-1.2606448120123597,-1.2999961305054988,0.0749881393687296,-1.3,-1.3,2.0
345.62,-1.2606448120123597,-1.2999961305054988,0.0749881393687296,-1.3,-1.3,2.0
345.637,-1.2606448120123597,-1.2999961305054988,0.0749881393687296,-1.3,-1.3,2.0
345.656,-1.2606448120123597,-1.2999961305054988,0.0749881393687296,-1.3,-1.3,2.0
345.972,-1.2606448120123597,-1.2999961305054988,0.0749881393687296,-1.3,-1.3,2.0
345.986,-1.2606448120123597,-1.2999961305054988,0.0749881393687296,-1.3,-1.3,2.0
346.313,-1.2606448120123597,-1.2999961305054988,0.0749881393687296,-1.3,-1.3,2.0
346.321,-1.2606448120123597,-1.2999961305054988,0.0749881393687296,-1.3,-1.3,2.0
346.69,-1.2606448120123597,-1.2999961305054988,0.0749881393687296,-1.3,-1.3,2.0
346.7,-1.2606448120123597,-1.2999961305054988,0.0749881393687296,-1.3,-1.3,2.0
347.05,-1.2606448120123597,-1.2999961305054988,0.0749881393687296,-1.3,-1.3,2.0
347.06,-1.2606448120123597,-1.2999961305054988,0.0749881393687296,-1.3,-1.3,2.0
347.45,-1.2606448120123597,-1.2999961305054988,0.0749881393687296,-1.3,-1.3,2.0
347.46,-1.2606448120123597,-1.2999961305054988,0.0749881393687296,-1.3,-1.3,2.0
347.871,-1.2606448120123597,-1.2999961305054988,0.0749881393687296,-1.3,-1.3,2.0
347.881,-1.2606448120123597,-1.2999961305054988,0.0749881393687296,-1.3,-1.3,2.0
348.31,-1.2606448120123597,-1.2999961305054988,0.0749881393687296,-1.3,-1.3,2.0
348.311,-1.2606448120123597,-1.2999961305054988,0.0749881393687296,-1.3,-1.3,2.0
348.333,-1.2606448120123597,-1.2999961305054988,0.0749881393687296,-1.3,-1.3,2.0
348.343,-1.2606448120123597,-1.2999961305054988,0.0749881393687296,-1.3,-1.3,2.0
348.352,-1.2606448120123597,-1.2999961305054988,0.0749881393687296,-1.3,-1.3,2.0
348.36,-1.2606448120123597,-1.2999961305054988,0.0749881393687296,-1.3,-1.3,2.0
348.371,-1.2606448120123597,-1.2999961305054988,0.0749881393687296,-1.3,-1.3,2.0
348.384,-1.2606448120123597,-1.2999961305054988,0.0749881393687296,-1.3,-1.3,2.0
348.409,-1.2606448120123597,-1.2999961305054988,0.0749881393687296,-1.3,-1.3,2.0
348.412,-1.2606448120123597,-1.2999961305054988,0.0749881393687296,-1.3,-1.3,2.0
348.42,-1.2606448120123597,-1.2999961305054988,0.0749881393687296,-1.3,-1.3,2.0
348.441,-1.2606448120123597,-1.2999961305054988,0.0749881393687296,-1.3,-1.3,2.0
348.451,-1.2606448120123597,-1.2999961305054988,0.0749881393687296,-1.3,-1.3,2.0
348.46,-1.2606448120123597,-1.2999961305054988,0.0749881393687296,-1.3,-1.3,2.0
348.474,-1.2606448120123597,-1.2999961305054988,0.0749881393687296,-1.3,-1.3,2.0
348.488,-1.2606448120123597,-1.2999961305054988,0.0749881393687296,-1.3,-1.3,2.0
348.503,-1.2606448120123597,-1.2999961305054988,0.0749881393687296,-1.3,-1.3,2.0
348.514,-1.2606448120123597,-1.2999961305054988,0.0749881393687296,-1.3,-1.3,2.0
348.522,-1.2606448120123597,-1.2999961305054988,0.0749881393687296,-1.3,-1.3,2.0
348.53,-1.2606448120123597,-1.2999961305054988,0.0749881393687296,-1.3,-1.3,2.0
348.542,-1.2606448120123597,-1.2999961305054988,0.0749881393687296,-1.3,-1.3,2.0
348.555,-1.2606448120123597,-1.2999961305054988,0.0749881393687296,-1.3,-1.3,2.0
348.85,-1.2606448120123597,-1.2999961305054988,0.0749881393687296,-1.3,-1.3,2.0
348.86,-1.2606448120123597,-1.2999961305054988,0.0749881393687296,-1.3,-1.3,2.0
348.883,-1.2606448120123597,-1.2999961305054988,0.0749881393687296,-1.3,-1.3,2.0
348.89,-1.2606448120123597,-1.2999961305054988,0.0749881393687296,-1.3,-1.3,2.0
348.901,-1.2606448120123597,-1.2999961305054988,0.0749881393687296,-1.3,-1.3,2.0
348.923,-1.2606448120123597,-1.2999961305054988,0.0749881393687296,-1.3,-1.3,2.0
348.933,-1.2606448120123597,-1.2999961305054988,0.0749881393687296,-1.3,-1.3,2.0
348.943,-1.2606448120123597,-1.2999961305054988,0.0749881393687296,-1.3,-1.3,2.0
348.956,-1.2606448120123597,-1.2999961305054988,0.0749881393687296,-1.3,-1.3,2.0
348.96,-1.2606448120123597,-1.2999961305054988,0.0749881393687296,-1.3,-1.3,2.0
348.98,-1.2606448120123597,-1.2999961305054988,0.0749881393687296,-1.3,-1.3,2.0
348.98,-1.2606448120123597,-1.2999961305054988,0.0749881393687296,-1.3,-1.3,2.0
348.998,-1.2606448120123597,-1.2999961305054988,0.0749881393687296,-1.3,-1.3,2.0
349.0,-1.2606448120123597,-1.2999961305054988,0.0749881393687296,-1.3,-1.3,2.0
349.012,-1.2606448120123597,-1.2999961305054988,0.0749881393687296,-1.3,-1.3,2.0
349.02,-1.2606448120123597,-1.2999961305054988,0.0749881393687296,-1.3,-1.3,2.0
349.034,-1.2606448120123597,-1.2999961305054988,0.0749881393687296,-1.3,-1.3,2.0
349.041,-1.2606448120123597,-1.2999961305054988,0.0749881393687296,-1.3,-1.3,2.0
349.292,-1.2606448120123597,-1.2999961305054988,0.0749881393687296,-1.3,-1.3,2.0
349.307,-1.2606448120123597,-1.2999961305054988,0.0749881393687296,-1.3,-1.3,2.0
349.721,-1.2606448120123597,-1.2999961305054988,0.0749881393687296,-1.3,-1.3,2.0
349.731,-1.2606448120123597,-1.2999961305054988,0.0749881393687296,-1.3,-1.3,2.0
350.08,-1.2606448120123597,-1.2999961305054988,0.0749881393687296,-1.3,-1.3,2.0
350.09,-1.2606448120123597,-1.2999961305054988,0.0749881393687296,-1.3,-1.3,2.0
350.109,-1.2606448120123597,-1.2999961305054988,0.0749881393687296,-1.3,-1.3,2.0
350.11,-1.2606448120123597,-1.2999961305054988,0.0749881393687296,-1.3,-1.3,2.0
350.126,-1.2606448120123597,-1.2999961305054988,0.0749881393687296,-1.3,-1.3,2.0
350.132,-1.2606448120123597,-1.2999961305054988,0.0749881393687296,-1.3,-1.3,2.0
350.142,-1.2606448120123597,-1.2999961305054988,0.0749881393687296,-1.3,-1.3,2.0
350.15,-1.2606448120123597,-1.2999961305054988,0.0749881393687296,-1.3,-1.3,2.0
350.16,-1.2606448120123597,-1.2999961305054988,0.0749881393687296,-1.3,-1.3,2.0
350.171,-1.2606448120123597,-1.2999961305054988,0.0749881393687296,-1.3,-1.3,2.0
350.186,-1.2606448120123597,-1.2999961305054988,0.0749881393687296,-1.3,-1.3,2.0
350.192,-1.2606448120123597,-1.2999961305054988,0.0749881393687296,-1.3,-1.3,2.0
350.202,-1.2606448120123597,-1.2999961305054988,0.0749881393687296,-1.3,-1.3,2.0
350.213,-1.2606448120123597,-1.2999961305054988,0.0749881393687296,-1.3,-1.3,2.0
350.223,-1.2606448120123597,-1.2999961305054988,0.0749881393687296,-1.3,-1.3,2.0
350.232,-1.2606448120123597,-1.2999961305054988,0.0749881393687296,-1.3,-1.3,2.0
350.24,-1.2606448120123597,-1.2999961305054988,0.0749881393687296,-1.3,-1.3,2.0
350.26,-1.2606448120123597,-1.2999961305054988,0.0749881393687296,-1.3,-1.3,2.0
350.26,-1.2606448120123597,-1.2999961305054988,0.0749881393687296,-1.3,-1.3,2.0
350.27,-1.2606448120123597,-1.2999961305054988,0.0749881393687296,-1.3,-1.3,2.0
350.28,-1.2606448120123597,-1.2999961305054988,0.0749881393687296,-1.3,-1.3,2.0
350.291,-1.2606448120123597,-1.2999961305054988,0.0749881393687296,-1.3,-1.3,2.0
350.301,-1.2606448120123597,-1.2999961305054988,0.0749881393687296,-1.3,-1.3,2.0
350.313,-1.2606448120123597,-1.2999961305054988,0.0749881393687296,-1.3,-1.3,2.0
350.324,-1.2606448120123597,-1.2999961305054988,0.0749881393687296,-1.3,-1.3,2.0
350.331,-1.2606448120123597,-1.2999961305054988,0.0749881393687296,-1.3,-1.3,2.0
350.343,-1.2606448120123597,-1.2999961305054988,0.0749881393687296,-1.3,-1.3,2.0
350.356,-1.2606448120123597,-1.2999961305054988,0.0749881393687296,-1.3,-1.3,2.0
350.36,-1.2606448120123597,-1.2999961305054988,0.0749881393687296,-1.3,-1.3,2.0
350.379,-1.2606448120123597,-1.2999961305054988,0.0749881393687296,-1.3,-1.3,2.0
350.389,-1.2606448120123597,-1.2999961305054988,0.0749881393687296,-1.3,-1.3,2.0
350.39,-1.2606448120123597,-1.2999961305054988,0.0749881393687296,-1.3,-1.3,2.0
350.403,-1.2606448120123597,-1.2999961305054988,0.0749881393687296,-1.3,-1.3,2.0
350.411,-1.2606448120123597,-1.2999961305054988,0.0749881393687296,-1.3,-1.3,2.0
350.421,-1.2606448120123597,-1.2999961305054988,0.0749881393687296,-1.3,-1.3,2.0
350.43,-1.2606448120123597,-1.2999961305054988,0.0749881393687296,-1.3,-1.3,2.0
350.442,-1.2606448120123597,-1.2999961305054988,0.0749881393687296,-1.3,-1.3,2.0
350.455,-1.2606448120123597,-1.2999961305054988,0.0749881393687296,-1.3,-1.3,2.0
350.759,-1.2606448120123597,-1.2999961305054988,0.0749881393687296,-1.3,-1.3,2.0
350.76,-1.2606448120123597,-1.2999961305054988,0.0749881393687296,-1.3,-1.3,2.0
350.784,-1.2606448120123597,-1.2999961305054988,0.0749881393687296,-1.3,-1.3,2.0
350.791,-1.2606448120123597,-1.2999961305054988,0.0749881393687296,-1.3,-1.3,2.0
350.8,-1.2606448120123597,-1.2999961305054988,0.0749881393687296,-1.3,-1.3,2.0
350.811,-1.2606448120123597,-1.2999961305054988,0.0749881393687296,-1.3,-1.3,2.0
350.821,-1.2606448120123597,-1.2999961305054988,0.0749881393687296,-1.3,-1.3,2.0
350.833,-1.2606448120123597,-1.2999961305054988,0.0749881393687296,-1.3,-1.3,2.0
350.849,-1.2606448120123597,-1.2999961305054988,0.0749881393687296,-1.3,-1.3,2.0
350.85,-1.2606448120123597,-1.2999961305054988,0.0749881393687296,-1.3,-1.3,2.0
351.234,-1.2606448120123597,-1.2999961305054988,0.0749881393687296,-1.3,-1.3,2.0
351.24,-1.2606448120123597,-1.2999961305054988,0.0749881393687296,-1.3,-1.3,2.0
351.256,-1.2606448120123597,-1.2999961305054988,0.0749881393687296,-1.3,-1.3,2.0
351.26,-1.2606448120123597,-1.2999961305054988,0.0749881393687296,-1.3,-1.3,2.0
351.27,-1.2606448120123597,-1.2999961305054988,0.0749881393687296,-1.3,-1.3,2.0
351.284,-1.2606448120123597,-1.2999961305054988,0.0749881393687296,-1.3,-1.3,2.0
351.294,-1.2606448120123597,-1.2999961305054988,0.0749881393687296,-1.3,-1.3,2.0
351.3,-1.2606448120123597,-1.2999961305054988,0.0749881393687296,-1.3,-1.3,2.0
351.314,-1.2606448120123597,-1.2999961305054988,0.0749881393687296,-1.3,-1.3,2.0
351.323,-1.2606448120123597,-1.2999961305054988,0.0749881393687296,-1.3,-1.3,2.0
351.337,-1.2606448120123597,-1.2999961305054988,0.0749881393687296,-1.3,-1.3,2.0
351.342,-1.2606448120123597,-1.2999961305054988,0.0749881393687296,-1.3,-1.3,2.0
351.644,-1.2606448120123597,-1.2999961305054988,0.0749881393687296,-1.3,-1.3,2.0
351.653,-1.2606448120123597,-1.2999961305054988,0.0749881393687296,-1.3,-1.3,2.0
351.662,-1.2606448120123597,-1.2999961305054988,0.0749881393687296,-1.3,-1.3,2.0
351.67,-1.2606448120123597,-1.2999961305054988,0.0749881393687296,-1.3,-1.3,2.0
351.68,-1.2606448120123597,-1.2999961305054988,0.0749881393687296,-1.3,-1.3,2.0
351.703,-1.2606448120123597,-1.2999961305054988,0.0749881393687296,-1.3,-1.3,2.0
351.71,-1.2606448120123597,-1.2999961305054988,0.0749881393687296,-1.3,-1.3,2.0
351.721,-1.2606448120123597,-1.2999961305054988,0.0749881393687296,-1.3,-1.3,2.0
351.734,-1.2606448120123597,-1.2999961305054988,0.0749881393687296,-1.3,-1.3,2.0
351.747,-1.2606448120123597,-1.2999961305054988,0.0749881393687296,-1.3,-1.3,2.0
351.75,-1.2606448120123597,-1.2999961305054988,0.0749881393687296,-1.3,-1.3,2.0
351.76,-1.2606448120123597,-1.2999961305054988,0.0749881393687296,-1.3,-1.3,2.0
351.77,-1.2606448120123597,-1.2999961305054988,0.0749881393687296,-1.3,-1.3,2.0
351.784,-1.2606448120123597,-1.2999961305054988,0.0749881393687296,-1.3,-1.3,2.0
351.79,-1.2606448120123597,-1.2999961305054988,0.0749881393687296,-1.3,-1.3,2.0
351.809,-1.2606448120123597,-1.2999961305054988,0.0749881393687296,-1.3,-1.3,2.0
351.81,-1.2606448120123597,-1.2999961305054988,0.0749881393687296,-1.3,-1.3,2.0
351.82,-1.2606448120123597,-1.2999961305054988,0.0749881393687296,-1.3,-1.3,2.0
351.84,-1.2606448120123597,-1.2999961305054988,0.0749881393687296,-1.3,-1.3,2.0
351.84,-1.2606448120123597,-1.2999961305054988,0.0749881393687296,-1.3,-1.3,2.0
352.218,-1.2606448120123597,-1.2999961305054988,0.0749881393687296,-1.3,-1.3,2.0
352.22,-1.2606448120123597,-1.2999961305054988,0.0749881393687296,-1.3,-1.3,2.0
352.231,-1.2606448120123597,-1.2999961305054988,0.0749881393687296,-1.3,-1.3,2.0
352.243,-1.2606448120123597,-1.2999961305054988,0.0749881393687296,-1.3,-1.3,2.0
352.258,-1.2606448120123597,-1.2999961305054988,0.0749881393687296,-1.3,-1.3,2.0
352.26,-1.2606448120123597,-1.2999961305054988,0.0749881393687296,-1.3,-1.3,2.0
352.27,-1.2606448120123597,-1.2999961305054988,0.0749881393687296,-1.3,-1.3,2.0
352.28,-1.2606448120123597,-1.2999961305054988,0.0749881393687296,-1.3,-1.3,2.0
352.294,-1.2606448120123597,-1.2999961305054988,0.0749881393687296,-1.3,-1.3,2.0
352.3,-1.2606448120123597,-1.2999961305054988,0.0749881393687296,-1.3,-1.3,2.0
352.314,-1.2606448120123597,-1.2999961305054988,0.0749881393687296,-1.3,-1.3,2.0
352.321,-1.2606448120123597,-1.2999961305054988,0.0749881393687296,-1.3,-1.3,2.0
352.337,-1.2606448120123597,-1.2999961305054988,0.0749881393687296,-1.3,-1.3,2.0
352.34,-1.2606448120123597,-1.2999961305054988,0.0749881393687296,-1.3,-1.3,2.0
352.356,-1.2606448120123597,-1.2999961305054988,0.0749881393687296,-1.3,-1.3,2.0
352.36,-1.2606448120123597,-1.2999961305054988,0.0749881393687296,-1.3,-1.3,2.0
352.374,-1.2606448120123597,-1.2999961305054988,0.0749881393687296,-1.3,-1.3,2.0
352.38,-1.2606448120123597,-1.2999961305054988,0.0749881393687296,-1.3,-1.3,2.0
352.395,-1.2606448120123597,-1.2999961305054988,0.0749881393687296,-1.3,-1.3,2.0
352.402,-1.2606448120123597,-1.2999961305054988,0.0749881393687296,-1.3,-1.3,2.0
352.413,-1.2606448120123597,-1.2999961305054988,0.0749881393687296,-1.3,-1.3,2.0
352.422,-1.2606448120123597,-1.2999961305054988,0.0749881393687296,-1.3,-1.3,2.0
352.431,-1.2606448120123597,-1.2999961305054988,0.0749881393687296,-1.3,-1.3,2.0
352.442,-1.2606448120123597,-1.2999961305054988,0.0749881393687296,-1.3,-1.3,2.0
352.452,-1.2606448120123597,-1.2999961305054988,0.0749881393687296,-1.3,-1.3,2.0
352.46,-1.2606448120123597,-1.2999961305054988,0.0749881393687296,-1.3,-1.3,2.0
352.471,-1.2606448120123597,-1.2999961305054988,0.0749881393687296,-1.3,-1.3,2.0
352.486,-1.2606448120123597,-1.2999961305054988,0.0749881393687296,-1.3,-1.3,2.0
352.491,-1.2606448120123597,-1.2999961305054988,0.0749881393687296,-1.3,-1.3,2.0
352.5,-1.2606448120123597,-1.2999961305054988,0.0749881393687296,-1.3,-1.3,2.0
352.513,-1.2606448120123597,-1.2999961305054988,0.0749881393687296,-1.3,-1.3,2.0
352.521,-1.2606448120123597,-1.2999961305054988,0.0749881393687296,-1.3,-1.3,2.0
352.531,-1.2606448120123597,-1.2999961305054988,0.0749881393687296,-1.3,-1.3,2.0
352.549,-1.2606448120123597,-1.2999961305054988,0.0749881393687296,-1.3,-1.3,2.0
352.55,-1.2606448120123597,-1.2999961305054988,0.0749881393687296,-1.3,-1.3,2.0
352.56,-1.2606448120123597,-1.2999961305054988,0.0749881393687296,-1.3,-1.3,2.0
352.57,-1.2606448120123597,-1.2999961305054988,0.0749881393687296,-1.3,-1.3,2.0
352.585,-1.2606448120123597,-1.2999961305054988,0.0749881393687296,-1.3,-1.3,2.0
352.59,-1.2606448120123597,-1.2999961305054988,0.0749881393687296,-1.3,-1.3,2.0
352.609,-1.2606448120123597,-1.2999961305054988,0.0749881393687296,-1.3,-1.3,2.0
352.615,-1.2606448120123597,-1.2999961305054988,0.0749881393687296,-1.3,-1.3,2.0
352.626,-1.2606448120123597,-1.2999961305054988,0.0749881393687296,-1.3,-1.3,2.0
352.63,-1.2606448120123597,-1.2999961305054988,0.0749881393687296,-1.3,-1.3,2.0
352.653,-1.2606448120123597,-1.2999961305054988,0.0749881393687296,-1.3,-1.3,2.0
352.915,-1.2606448120123597,-1.2999961305054988,0.0749881393687296,-1.3,-1.3,2.0
352.927,-1.2606448120123597,-1.2999961305054988,0.0749881393687296,-1.3,-1.3,2.0
352.931,-1.2606448120123597,-1.2999961305054988,0.0749881393687296,-1.3,-1.3,2.0
352.948,-1.2606448120123597,-1.2999961305054988,0.0749881393687296,-1.3,-1.3,2.0
352.95,-1.2606448120123597,-1.2999961305054988,0.0749881393687296,-1.3,-1.3,2.0
352.96,-1.2606448120123597,-1.2999961305054988,0.0749881393687296,-1.3,-1.3,2.0
352.977,-1.2606448120123597,-1.2999961305054988,0.0749881393687296,-1.3,-1.3,2.0
352.98,-1.2606448120123597,-1.2999961305054988,0.0749881393687296,-1.3,-1.3,2.0
352.99,-1.2606448120123597,-1.2999961305054988,0.0749881393687296,-1.3,-1.3,2.0
353.001,-1.2606448120123597,-1.2999961305054988,0.0749881393687296,-1.3,-1.3,2.0
353.011,-1.2606448120123597,-1.2999961305054988,0.0749881393687296,-1.3,-1.3,2.0
353.022,-1.2606448120123597,-1.2999961305054988,0.0749881393687296,-1.3,-1.3,2.0
353.035,-1.2606448120123597,-1.2999961305054988,0.0749881393687296,-1.3,-1.3,2.0
353.052,-1.2606448120123597,-1.2999961305054988,0.0749881393687296,-1.3,-1.3,2.0
353.38,-1.2606448120123597,-1.2999961305054988,0.0749881393687296,-1.3,-1.3,2.0
353.39,-1.2606448120123597,-1.2999961305054988,0.0749881393687296,-1.3,-1.3,2.0
353.401,-1.2606448120123597,-1.2999961305054988,0.0749881393687296,-1.3,-1.3,2.0
353.412,-1.2606448120123597,-1.2999961305054988,0.0749881393687296,-1.3,-1.3,2.0
353.423,-1.2606448120123597,-1.2999961305054988,0.0749881393687296,-1.3,-1.3,2.0
353.433,-1.2606448120123597,-1.2999961305054988,0.0749881393687296,-1.3,-1.3,2.0
353.447,-1.2606448120123597,-1.2999961305054988,0.0749881393687296,-1.3,-1.3,2.0
353.452,-1.2606448120123597,-1.2999961305054988,0.0749881393687296,-1.3,-1.3,2.0
353.46,-1.2606448120123597,-1.2999961305054988,0.0749881393687296,-1.3,-1.3,2.0
353.471,-1.2606448120123597,-1.2999961305054988,0.0749881393687296,-1.3,-1.3,2.0
353.485,-1.2606448120123597,-1.2999961305054988,0.0749881393687296,-1.3,-1.3,2.0
353.49,-1.2606448120123597,-1.2999961305054988,0.0749881393687296,-1.3,-1.3,2.0
353.501,-1.2606448120123597,-1.2999961305054988,0.0749881393687296,-1.3,-1.3,2.0
353.511,-1.2606448120123597,-1.2999961305054988,0.0749881393687296,-1.3,-1.3,2.0
353.521,-1.2606448120123597,-1.2999961305054988,0.0749881393687296,-1.3,-1.3,2.0
353.53,-1.2606448120123597,-1.2999961305054988,0.0749881393687296,-1.3,-1.3,2.0
353.544,-1.2606448120123597,-1.2999961305054988,0.0749881393687296,-1.3,-1.3,2.0
353.555,-1.2606448120123597,-1.2999961305054988,0.0749881393687296,-1.3,-1.3,2.0
353.92,-1.2606448120123597,-1.2999961305054988,0.0749881393687296,-1.3,-1.3,2.0
353.933,-1.2606448120123597,-1.2999961305054988,0.0749881393687296,-1.3,-1.3,2.0
353.946,-1.2606448120123597,-1.2999961305054988,0.0749881393687296,-1.3,-1.3,2.0
353.95,-1.2606448120123597,-1.2999961305054988,0.0749881393687296,-1.3,-1.3,2.0
353.96,-1.2606448120123597,-1.2999961305054988,0.0749881393687296,-1.3,-1.3,2.0
353.971,-1.2606448120123597,-1.2999961305054988,0.0749881393687296,-1.3,-1.3,2.0
353.98,-1.2606448120123597,-1.2999961305054988,0.0749881393687296,-1.3,-1.3,2.0
353.993,-1.2606448120123597,-1.2999961305054988,0.0749881393687296,-1.3,-1.3,2.0
354.005,-1.2606448120123597,-1.2999961305054988,0.0749881393687296,-1.3,-1.3,2.0
354.017,-1.2606448120123597,-1.2999961305054988,0.0749881393687296,-1.3,-1.3,2.0
354.02,-1.2606448120123597,-1.2999961305054988,0.0749881393687296,-1.3,-1.3,2.0
354.035,-1.2606448120123597,-1.2999961305054988,0.0749881393687296,-1.3,-1.3,2.0
354.052,-1.2606448120123597,-1.2999961305054988,0.0749881393687296,-1.3,-1.3,2.0
354.06,-1.2606448120123597,-1.2999961305054988,0.0749881393687296,-1.3,-1.3,2.0
354.332,-1.2606448120123597,-1.2999961305054988,0.0749881393687296,-1.3,-1.3,2.0
354.345,-1.2606448120123597,-1.2999961305054988,0.0749881393687296,-1.3,-1.3,2.0
354.355,-1.2606448120123597,-1.2999961305054988,0.0749881393687296,-1.3,-1.3,2.0
354.36,-1.2606448120123597,-1.2999961305054988,0.0749881393687296,-1.3,-1.3,2.0
354.383,-1.2606448120123597,-1.2999961305054988,0.0749881393687296,-1.3,-1.3,2.0
354.393,-1.2606448120123597,-1.2999961305054988,0.0749881393687296,-1.3,-1.3,2.0
354.412,-1.2606448120123597,-1.2999961305054988,0.0749881393687296,-1.3,-1.3,2.0
354.431,-1.2606448120123597,-1.2999961305054988,0.0749881393687296,-1.3,-1.3,2.0
354.44,-1.2606448120123597,-1.2999961305054988,0.0749881393687296,-1.3,-1.3,2.0
354.45,-1.2606448120123597,-1.2999961305054988,0.0749881393687296,-1.3,-1.3,2.0
354.751,-1.2606448120123597,-1.2999961305054988,0.0749881393687296,-1.3,-1.3,2.0
354.76,-1.2606448120123597,-1.2999961305054988,0.0749881393687296,-1.3,-1.3,2.0
354.778,-1.2606448120123597,-1.2999961305054988,0.0749881393687296,-1.3,-1.3,2.0
354.783,-1.2606448120123597,-1.2999961305054988,0.0749881393687296,-1.3,-1.3,2.0
354.791,-1.2606448120123597,-1.2999961305054988,0.0749881393687296,-1.3,-1.3,2.0
354.815,-1.2606448120123597,-1.2999961305054988,0.0749881393687296,-1.3,-1.3,2.0
354.831,-1.2606448120123597,-1.2999961305054988,0.0749881393687296,-1.3,-1.3,2.0
354.841,-1.2606448120123597,-1.2999961305054988,0.0749881393687296,-1.3,-1.3,2.0
354.856,-1.2606448120123597,-1.2999961305054988,0.0749881393687296,-1.3,-1.3,2.0
354.863,-1.2606448120123597,-1.2999961305054988,0.0749881393687296,-1.3,-1.3,2.0
354.87,-1.2606448120123597,-1.2999961305054988,0.0749881393687296,-1.3,-1.3,2.0
354.88,-1.2606448120123597,-1.2999961305054988,0.0749881393687296,-1.3,-1.3,2.0
354.89,-1.2606448120123597,-1.2999961305054988,0.0749881393687296,-1.3,-1.3,2.0
354.9,-1.2606448120123597,-1.2999961305054988,0.0749881393687296,-1.3,-1.3,2.0
354.91,-1.2606448120123597,-1.2999961305054988,0.0749881393687296,-1.3,-1.3,2.0
354.921,-1.2606448120123597,-1.2999961305054988,0.0749881393687296,-1.3,-1.3,2.0
354.933,-1.2606448120123597,-1.2999961305054988,0.0749881393687296,-1.3,-1.3,2.0
354.942,-1.2606448120123597,-1.2999961305054988,0.0749881393687296,-1.3,-1.3,2.0
355.252,-1.2606448120123597,-1.2999961305054988,0.0749881393687296,-1.3,-1.3,2.0
355.26,-1.2606448120123597,-1.2999961305054988,0.0749881393687296,-1.3,-1.3,2.0
355.57,-1.2606448120123597,-1.2999961305054988,0.0749881393687296,-1.3,-1.3,2.0
355.581,-1.2606448120123597,-1.2999961305054988,0.0749881393687296,-1.3,-1.3,2.0
355.96,-1.2606448120123597,-1.2999961305054988,0.0749881393687296,-1.3,-1.3,2.0
355.96,-1.2606448120123597,-1.2999961305054988,0.0749881393687296,-1.3,-1.3,2.0
356.25,-1.2606448120123597,-1.2999961305054988,0.0749881393687296,-1.3,-1.3,2.0
356.26,-1.2606448120123597,-1.2999961305054988,0.0749881393687296,-1.3,-1.3,2.0
356.722,-1.2606448120123597,-1.2999961305054988,0.0749881393687296,-1.3,-1.3,2.0
356.735,-1.2606448120123597,-1.2999961305054988,0.0749881393687296,-1.3,-1.3,2.0
357.157,-1.2606448120123597,-1.2999961305054988,0.0749881393687296,-1.3,-1.3,2.0
357.16,-1.2606448120123597,-1.2999961305054988,0.0749881393687296,-1.3,-1.3,2.0
357.541,-1.2606448120123597,-1.2999961305054988,0.0749881393687296,-1.3,-1.3,2.0
357.551,-1.2606448120123597,-1.2999961305054988,0.0749881393687296,-1.3,-1.3,2.0
357.991,-1.2606448120123597,-1.2999961305054988,0.0749881393687296,-1.3,-1.3,2.0
358.009,-1.2606448120123597,-1.2999961305054988,0.0749881393687296,-1.3,-1.3,2.0
358.41,-1.2606448120123597,-1.2999961305054988,0.0749881393687296,-1.3,-1.3,2.0
358.419,-1.2606448120123597,-1.2999961305054988,0.0749881393687296,-1.3,-1.3,2.0
358.76,-1.2606448120123597,-1.2999961305054988,0.0749881393687296,-1.3,-1.3,2.0
358.76,-1.2606448120123597,-1.2999961305054988,0.0749881393687296,-1.3,-1.3,2.0
359.09,-1.2606448120123597,-1.2999961305054988,0.0749881393687296,-1.3,-1.3,2.0
359.1,-1.2606448120123597,-1.2999961305054988,0.0749881393687296,-1.3,-1.3,2.0
359.44,-1.2606448120123597,-1.2999961305054988,0.0749881393687296,-1.3,-1.3,2.0
359.452,-1.2606448120123597,-1.2999961305054988,0.0749881393687296,-1.3,-1.3,2.0
359.86,-1.2606448120123597,-1.2999961305054988,0.0749881393687296,-1.3,-1.3,2.0
359.86,-1.2606448120123597,-1.2999961305054988,0.0749881393687296,-1.3,-1.3,2.0
360.243,-1.2606448120123597,-1.2999961305054988,0.0749881393687296,-1.3,-1.3,2.0
360.251,-1.2606448120123597,-1.2999961305054988,0.0749881393687296,-1.3,-1.3,2.0
360.664,-1.2606448120123597,-1.2999961305054988,0.0749881393687296,-1.3,-1.3,2.0
360.67,-1.2606448120123597,-1.2999961305054988,0.0749881393687296,-1.3,-1.3,2.0
361.084,-1.2606448120123597,-1.2999961305054988,0.0749881393687296,-1.3,-1.3,2.0
361.095,-1.2606448120123597,-1.2999961305054988,0.0749881393687296,-1.3,-1.3,2.0
361.516,-1.2606448120123597,-1.2999961305054988,0.0749881393687296,-1.3,-1.3,2.0
361.525,-1.2606448120123597,-1.2999961305054988,0.0749881393687296,-1.3,-1.3,2.0
361.902,-1.2606448120123597,-1.2999961305054988,0.0749881393687296,-1.3,-1.3,2.0
361.914,-1.2606448120123597,-1.2999961305054988,0.0749881393687296,-1.3,-1.3,2.0
362.26,-1.2606448120123597,-1.2999961305054988,0.0749881393687296,-1.3,-1.3,2.0
362.273,-1.2606448120123597,-1.2999961305054988,0.0749881393687296,-1.3,-1.3,2.0
362.622,-1.2606448120123597,-1.2999961305054988,0.0749881393687296,-1.3,-1.3,2.0
362.633,-1.2606448120123597,-1.2999961305054988,0.0749881393687296,-1.3,-1.3,2.0
363.031,-1.2606448120123597,-1.2999961305054988,0.0749881393687296,-1.3,-1.3,2.0
363.051,-1.2606448120123597,-1.2999961305054988,0.0749881393687296,-1.3,-1.3,2.0
363.411,-1.2606448120123597,-1.2999961305054988,0.0749881393687296,-1.3,-1.3,2.0
363.42,-1.2606448120123597,-1.2999961305054988,0.0749881393687296,-1.3,-1.3,2.0
363.856,-1.2606448120123597,-1.2999961305054988,0.0749881393687296,-1.3,-1.3,2.0
363.86,-1.2606448120123597,-1.2999961305054988,0.0749881393687296,-1.3,-1.3,2.0
364.26,-1.2606448120123597,-1.2999961305054988,0.0749881393687296,-1.3,-1.3,2.0
364.271,-1.2606448120123597,-1.2999961305054988,0.0749881393687296,-1.3,-1.3,2.0
364.65,-1.2606448120123597,-1.2999961305054988,0.0749881393687296,-1.3,-1.3,2.0
364.68,-1.2606448120123597,-1.2999961305054988,0.0749881393687296,-1.3,-1.3,2.0
365.064,-1.2606448120123597,-1.2999961305054988,0.0749881393687296,-1.3,-1.3,2.0
365.071,-1.2606448120123597,-1.2999961305054988,0.0749881393687296,-1.3,-1.3,2.0
365.407,-1.2606448120123597,-1.2999961305054988,0.0749881393687296,-1.3,-1.3,2.0
365.414,-1.2606448120123597,-1.2999961305054988,0.0749881393687296,-1.3,-1.3,2.0
365.76,-1.2606448120123597,-1.2999961305054988,0.0749881393687296,-1.3,-1.3,2.0
365.783,-1.2606448120123597,-1.2999961305054988,0.0749881393687296,-1.3,-1.3,2.0
366.15,-1.2606448120123597,-1.2999961305054988,0.0749881393687296,-1.3,-1.3,2.0
366.16,-1.2606448120123597,-1.2999961305054988,0.0749881393687296,-1.3,-1.3,2.0
366.546,-1.2606448120123597,-1.2999961305054988,0.0749881393687296,-1.3,-1.3,2.0
366.559,-1.2606448120123597,-1.2999961305054988,0.0749881393687296,-1.3,-1.3,2.0
366.96,-1.2606448120123597,-1.2999961305054988,0.0749881393687296,-1.3,-1.3,2.0
366.979,-1.2606448120123597,-1.2999961305054988,0.0749881393687296,-1.3,-1.3,2.0
367.334,-1.2606448120123597,-1.2999961305054988,0.0749881393687296,-1.3,-1.3,2.0
367.342,-1.2606448120123597,-1.2999961305054988,0.0749881393687296,-1.3,-1.3,2.0
367.803,-1.2606448120123597,-1.2999961305054988,0.0749881393687296,-1.3,-1.3,2.0
367.81,-1.2606448120123597,-1.2999961305054988,0.0749881393687296,-1.3,-1.3,2.0
367.835,-1.2606448120123597,-1.2999961305054988,0.0749881393687296,-1.3,-1.3,2.0
367.849,-1.2606448120123597,-1.2999961305054988,0.0749881393687296,-1.3,-1.3,2.0
367.85,-1.2606448120123597,-1.2999961305054988,0.0749881393687296,-1.3,-1.3,2.0
367.86,-1.2606448120123597,-1.2999961305054988,0.0749881393687296,-1.3,-1.3,2.0
367.87,-1.2606448120123597,-1.2999961305054988,0.0749881393687296,-1.3,-1.3,2.0
367.88,-1.2606448120123597,-1.2999961305054988,0.0749881393687296,-1.3,-1.3,2.0
367.892,-1.2606448120123597,-1.2999961305054988,0.0749881393687296,-1.3,-1.3,2.0
367.907,-1.2606448120123597,-1.2999961305054988,0.0749881393687296,-1.3,-1.3,2.0
367.91,-1.2606448120123597,-1.2999961305054988,0.0749881393687296,-1.3,-1.3,2.0
367.932,-1.2606448120123597,-1.2999961305054988,0.0749881393687296,-1.3,-1.3,2.0
367.944,-1.2606448120123597,-1.2999961305054988,0.0749881393687296,-1.3,-1.3,2.0
367.956,-1.2606448120123597,-1.2999961305054988,0.0749881393687296,-1.3,-1.3,2.0
368.26,-1.2606448120123597,-1.2999961305054988,0.0749881393687296,-1.3,-1.3,2.0
368.26,-1.2606448120123597,-1.2999961305054988,0.0749881393687296,-1.3,-1.3,2.0
368.692,-1.2606448120123597,-1.2999961305054988,0.0749881393687296,-1.3,-1.3,2.0
368.701,-1.2606448120123597,-1.2999961305054988,0.0749881393687296,-1.3,-1.3,2.0
369.072,-1.2606448120123597,-1.2999961305054988,0.0749881393687296,-1.3,-1.3,2.0
369.09,-1.2606448120123597,-1.2999961305054988,0.0749881393687296,-1.3,-1.3,2.0
369.09,-1.2606448120123597,-1.2999961305054988,0.0749881393687296,-1.3,-1.3,2.0
369.101,-1.2606448120123597,-1.2999961305054988,0.0749881393687296,-1.3,-1.3,2.0
369.111,-1.2606448120123597,-1.2999961305054988,0.0749881393687296,-1.3,-1.3,2.0
369.12,-1.2606448120123597,-1.2999961305054988,0.0749881393687296,-1.3,-1.3,2.0
369.133,-1.2606448120123597,-1.2999961305054988,0.0749881393687296,-1.3,-1.3,2.0
369.16,-1.2606448120123597,-1.2999961305054988,0.0749881393687296,-1.3,-1.3,2.0
369.16,-1.2606448120123597,-1.2999961305054988,0.0749881393687296,-1.3,-1.3,2.0
369.181,-1.2606448120123597,-1.2999961305054988,0.0749881393687296,-1.3,-1.3,2.0
369.197,-1.2606448120123597,-1.2999961305054988,0.0749881393687296,-1.3,-1.3,2.0
369.205,-1.2606448120123597,-1.2999961305054988,0.0749881393687296,-1.3,-1.3,2.0
369.217,-1.2606448120123597,-1.2999961305054988,0.0749881393687296,-1.3,-1.3,2.0
369.224,-1.2606448120123597,-1.2999961305054988,0.0749881393687296,-1.3,-1.3,2.0
369.232,-1.2606448120123597,-1.2999961305054988,0.0749881393687296,-1.3,-1.3,2.0
369.244,-1.2606448120123597,-1.2999961305054988,0.0749881393687296,-1.3,-1.3,2.0
369.25,-1.2606448120123597,-1.2999961305054988,0.0749881393687296,-1.3,-1.3,2.0
369.26,-1.2606448120123597,-1.2999961305054988,0.0749881393687296,-1.3,-1.3,2.0
369.284,-1.2606448120123597,-1.2999961305054988,0.0749881393687296,-1.3,-1.3,2.0
369.29,-1.2606448120123597,-1.2999961305054988,0.0749881393687296,-1.3,-1.3,2.0
369.305,-1.2606448120123597,-1.2999961305054988,0.0749881393687296,-1.3,-1.3,2.0
369.31,-1.2606448120123597,-1.2999961305054988,0.0749881393687296,-1.3,-1.3,2.0
369.32,-1.2606448120123597,-1.2999961305054988,0.0749881393687296,-1.3,-1.3,2.0
369.334,-1.2606448120123597,-1.2999961305054988,0.0749881393687296,-1.3,-1.3,2.0
369.345,-1.2606448120123597,-1.2999961305054988,0.0749881393687296,-1.3,-1.3,2.0
369.351,-1.2606448120123597,-1.2999961305054988,0.0749881393687296,-1.3,-1.3,2.0
369.596,-1.2606448120123597,-1.2999961305054988,0.0749881393687296,-1.3,-1.3,2.0
369.601,-1.2606448120123597,-1.2999961305054988,0.0749881393687296,-1.3,-1.3,2.0
369.631,-1.2606448120123597,-1.2999961305054988,0.0749881393687296,-1.3,-1.3,2.0
369.64,-1.2606448120123597,-1.2999961305054988,0.0749881393687296,-1.3,-1.3,2.0
369.66,-1.2606448120123597,-1.2999961305054988,0.0749881393687296,-1.3,-1.3,2.0
369.66,-1.2606448120123597,-1.2999961305054988,0.0749881393687296,-1.3,-1.3,2.0
369.67,-1.2606448120123597,-1.2999961305054988,0.0749881393687296,-1.3,-1.3,2.0
369.687,-1.2606448120123597,-1.2999961305054988,0.0749881393687296,-1.3,-1.3,2.0
369.69,-1.2606448120123597,-1.2999961305054988,0.0749881393687296,-1.3,-1.3,2.0
369.704,-1.2606448120123597,-1.2999961305054988,0.0749881393687296,-1.3,-1.3,2.0
369.71,-1.2606448120123597,-1.2999961305054988,0.0749881393687296,-1.3,-1.3,2.0
369.72,-1.2606448120123597,-1.2999961305054988,0.0749881393687296,-1.3,-1.3,2.0
369.73,-1.2606448120123597,-1.2999961305054988,0.0749881393687296,-1.3,-1.3,2.0
369.745,-1.2606448120123597,-1.2999961305054988,0.0749881393687296,-1.3,-1.3,2.0
369.751,-1.2606448120123597,-1.2999961305054988,0.0749881393687296,-1.3,-1.3,2.0
369.76,-1.2606448120123597,-1.2999961305054988,0.0749881393687296,-1.3,-1.3,2.0
369.77,-1.2606448120123597,-1.2999961305054988,0.0749881393687296,-1.3,-1.3,2.0
369.78,-1.2606448120123597,-1.2999961305054988,0.0749881393687296,-1.3,-1.3,2.0
369.79,-1.2606448120123597,-1.2999961305054988,0.0749881393687296,-1.3,-1.3,2.0
369.8,-1.2606448120123597,-1.2999961305054988,0.0749881393687296,-1.3,-1.3,2.0
369.813,-1.2606448120123597,-1.2999961305054988,0.0749881393687296,-1.3,-1.3,2.0
369.831,-1.2606448120123597,-1.2999961305054988,0.0749881393687296,-1.3,-1.3,2.0
369.842,-1.2606448120123597,-1.2999961305054988,0.0749881393687296,-1.3,-1.3,2.0
369.853,-1.2606448120123597,-1.2999961305054988,0.0749881393687296,-1.3,-1.3,2.0
370.136,-1.2606448120123597,-1.2999961305054988,0.0749881393687296,-1.3,-1.3,2.0
370.143,-1.2606448120123597,-1.2999961305054988,0.0749881393687296,-1.3,-1.3,2.0
370.591,-1.2606448120123597,-1.2999961305054988,0.0749881393687296,-1.3,-1.3,2.0
370.607,-1.2606448120123597,-1.2999961305054988,0.0749881393687296,-1.3,-1.3,2.0
370.61,-1.2606448120123597,-1.2999961305054988,0.0749881393687296,-1.3,-1.3,2.0
370.626,-1.2606448120123597,-1.2999961305054988,0.0749881393687296,-1.3,-1.3,2.0
370.632,-1.2606448120123597,-1.2999961305054988,0.0749881393687296,-1.3,-1.3,2.0
370.642,-1.2606448120123597,-1.2999961305054988,0.0749881393687296,-1.3,-1.3,2.0
370.65,-1.2606448120123597,-1.2999961305054988,0.0749881393687296,-1.3,-1.3,2.0
370.66,-1.2606448120123597,-1.2999961305054988,0.0749881393687296,-1.3,-1.3,2.0
370.672,-1.2606448120123597,-1.2999961305054988,0.0749881393687296,-1.3,-1.3,2.0
370.68,-1.2606448120123597,-1.2999961305054988,0.0749881393687296,-1.3,-1.3,2.0
370.694,-1.2606448120123597,-1.2999961305054988,0.0749881393687296,-1.3,-1.3,2.0
370.703,-1.2606448120123597,-1.2999961305054988,0.0749881393687296,-1.3,-1.3,2.0
370.716,-1.2606448120123597,-1.2999961305054988,0.0749881393687296,-1.3,-1.3,2.0
370.72,-1.2606448120123597,-1.2999961305054988,0.0749881393687296,-1.3,-1.3,2.0
370.733,-1.2606448120123597,-1.2999961305054988,0.0749881393687296,-1.3,-1.3,2.0
370.74,-1.2606448120123597,-1.2999961305054988,0.0749881393687296,-1.3,-1.3,2.0
370.756,-1.2606448120123597,-1.2999961305054988,0.0749881393687296,-1.3,-1.3,2.0
370.76,-1.2606448120123597,-1.2999961305054988,0.0749881393687296,-1.3,-1.3,2.0
370.77,-1.2606448120123597,-1.2999961305054988,0.0749881393687296,-1.3,-1.3,2.0
370.78,-1.2606448120123597,-1.2999961305054988,0.0749881393687296,-1.3,-1.3,2.0
370.806,-1.2606448120123597,-1.2999961305054988,0.0749881393687296,-1.3,-1.3,2.0
370.81,-1.2606448120123597,-1.2999961305054988,0.0749881393687296,-1.3,-1.3,2.0
370.82,-1.2606448120123597,-1.2999961305054988,0.0749881393687296,-1.3,-1.3,2.0
370.833,-1.2606448120123597,-1.2999961305054988,0.0749881393687296,-1.3,-1.3,2.0
370.842,-1.2606448120123597,-1.2999961305054988,0.0749881393687296,-1.3,-1.3,2.0
370.86,-1.2606448120123597,-1.2999961305054988,0.0749881393687296,-1.3,-1.3,2.0
370.86,-1.2606448120123597,-1.2999961305054988,0.0749881393687296,-1.3,-1.3,2.0
370.876,-1.2606448120123597,-1.2999961305054988,0.0749881393687296,-1.3,-1.3,2.0
370.88,-1.2606448120123597,-1.2999961305054988,0.0749881393687296,-1.3,-1.3,2.0
370.919,-1.2606448120123597,-1.2999961305054988,0.0749881393687296,-1.3,-1.3,2.0
370.92,-1.2606448120123597,-1.2999961305054988,0.0749881393687296,-1.3,-1.3,2.0
370.943,-1.2606448120123597,-1.2999961305054988,0.0749881393687296,-1.3,-1.3,2.0
370.956,-1.2606448120123597,-1.2999961305054988,0.0749881393687296,-1.3,-1.3,2.0
370.96,-1.2606448120123597,-1.2999961305054988,0.0749881393687296,-1.3,-1.3,2.0
370.973,-1.2606448120123597,-1.2999961305054988,0.0749881393687296,-1.3,-1.3,2.0
370.983,-1.2606448120123597,-1.2999961305054988,0.0749881393687296,-1.3,-1.3,2.0
370.992,-1.2606448120123597,-1.2999961305054988,0.0749881393687296,-1.3,-1.3,2.0
371.0,-1.2606448120123597,-1.2999961305054988,0.0749881393687296,-1.3,-1.3,2.0
371.013,-1.2606448120123597,-1.2999961305054988,0.0749881393687296,-1.3,-1.3,2.0
371.023,-1.2606448120123597,-1.2999961305054988,0.0749881393687296,-1.3,-1.3,2.0
371.034,-1.2606448120123597,-1.2999961305054988,0.0749881393687296,-1.3,-1.3,2.0
371.041,-1.2606448120123597,-1.2999961305054988,0.0749881393687296,-1.3,-1.3,2.0
371.055,-1.2606448120123597,-1.2999961305054988,0.0749881393687296,-1.3,-1.3,2.0
371.06,-1.2606448120123597,-1.2999961305054988,0.0749881393687296,-1.3,-1.3,2.0
371.403,-1.2606448120123597,-1.2999961305054988,0.0749881393687296,-1.3,-1.3,2.0
371.41,-1.2606448120123597,-1.2999961305054988,0.0749881393687296,-1.3,-1.3,2.0
371.43,-1.2606448120123597,-1.2999961305054988,0.0749881393687296,-1.3,-1.3,2.0
371.43,-1.2606448120123597,-1.2999961305054988,0.0749881393687296,-1.3,-1.3,2.0
371.442,-1.2606448120123597,-1.2999961305054988,0.0749881393687296,-1.3,-1.3,2.0
371.45,-1.2606448120123597,-1.2999961305054988,0.0749881393687296,-1.3,-1.3,2.0
371.46,-1.2606448120123597,-1.2999961305054988,0.0749881393687296,-1.3,-1.3,2.0
371.475,-1.2606448120123597,-1.2999961305054988,0.0749881393687296,-1.3,-1.3,2.0
371.49,-1.2606448120123597,-1.2999961305054988,0.0749881393687296,-1.3,-1.3,2.0
371.49,-1.2606448120123597,-1.2999961305054988,0.0749881393687296,-1.3,-1.3,2.0
371.501,-1.2606448120123597,-1.2999961305054988,0.0749881393687296,-1.3,-1.3,2.0
371.52,-1.2606448120123597,-1.2999961305054988,0.0749881393687296,-1.3,-1.3,2.0
371.52,-1.2606448120123597,-1.2999961305054988,0.0749881393687296,-1.3,-1.3,2.0
371.53,-1.2606448120123597,-1.2999961305054988,0.0749881393687296,-1.3,-1.3,2.0
371.54,-1.2606448120123597,-1.2999961305054988,0.0749881393687296,-1.3,-1.3,2.0
371.558,-1.2606448120123597,-1.2999961305054988,0.0749881393687296,-1.3,-1.3,2.0
372.206,-1.2606448120123597,-1.2999961305054988,0.0749881393687296,-1.3,-1.3,2.0
372.212,-1.2606448120123597,-1.2999961305054988,0.0749881393687296,-1.3,-1.3,2.0
372.222,-1.2606448120123597,-1.2999961305054988,0.0749881393687296,-1.3,-1.3,2.0
372.23,-1.2606448120123597,-1.2999961305054988,0.0749881393687296,-1.3,-1.3,2.0
372.24,-1.2606448120123597,-1.2999961305054988,0.0749881393687296,-1.3,-1.3,2.0
372.257,-1.2606448120123597,-1.2999961305054988,0.0749881393687296,-1.3,-1.3,2.0
372.26,-1.2606448120123597,-1.2999961305054988,0.0749881393687296,-1.3,-1.3,2.0
372.271,-1.2606448120123597,-1.2999961305054988,0.0749881393687296,-1.3,-1.3,2.0
372.281,-1.2606448120123597,-1.2999961305054988,0.0749881393687296,-1.3,-1.3,2.0
372.29,-1.2606448120123597,-1.2999961305054988,0.0749881393687296,-1.3,-1.3,2.0
372.301,-1.2606448120123597,-1.2999961305054988,0.0749881393687296,-1.3,-1.3,2.0
372.31,-1.2606448120123597,-1.2999961305054988,0.0749881393687296,-1.3,-1.3,2.0
372.32,-1.2606448120123597,-1.2999961305054988,0.0749881393687296,-1.3,-1.3,2.0
372.33,-1.2606448120123597,-1.2999961305054988,0.0749881393687296,-1.3,-1.3,2.0
372.342,-1.2606448120123597,-1.2999961305054988,0.0749881393687296,-1.3,-1.3,2.0
372.354,-1.2606448120123597,-1.2999961305054988,0.0749881393687296,-1.3,-1.3,2.0
372.36,-1.2606448120123597,-1.2999961305054988,0.0749881393687296,-1.3,-1.3,2.0
372.37,-1.2606448120123597,-1.2999961305054988,0.0749881393687296,-1.3,-1.3,2.0
372.38,-1.2606448120123597,-1.2999961305054988,0.0749881393687296,-1.3,-1.3,2.0
372.39,-1.2606448120123597,-1.2999961305054988,0.0749881393687296,-1.3,-1.3,2.0
372.402,-1.2606448120123597,-1.2999961305054988,0.0749881393687296,-1.3,-1.3,2.0
372.413,-1.2606448120123597,-1.2999961305054988,0.0749881393687296,-1.3,-1.3,2.0
372.42,-1.2606448120123597,-1.2999961305054988,0.0749881393687296,-1.3,-1.3,2.0
372.431,-1.2606448120123597,-1.2999961305054988,0.0749881393687296,-1.3,-1.3,2.0
372.444,-1.2606448120123597,-1.2999961305054988,0.0749881393687296,-1.3,-1.3,2.0
372.452,-1.2606448120123597,-1.2999961305054988,0.0749881393687296,-1.3,-1.3,2.0
372.46,-1.2606448120123597,-1.2999961305054988,0.0749881393687296,-1.3,-1.3,2.0
372.478,-1.2606448120123597,-1.2999961305054988,0.0749881393687296,-1.3,-1.3,2.0
372.481,-1.2606448120123597,-1.2999961305054988,0.0749881393687296,-1.3,-1.3,2.0
372.49,-1.2606448120123597,-1.2999961305054988,0.0749881393687296,-1.3,-1.3,2.0
372.505,-1.2606448120123597,-1.2999961305054988,0.0749881393687296,-1.3,-1.3,2.0
372.515,-1.2606448120123597,-1.2999961305054988,0.0749881393687296,-1.3,-1.3,2.0
372.524,-1.2606448120123597,-1.2999961305054988,0.0749881393687296,-1.3,-1.3,2.0
372.539,-1.2606448120123597,-1.2999961305054988,0.0749881393687296,-1.3,-1.3,2.0
372.54,-1.2606448120123597,-1.2999961305054988,0.0749881393687296,-1.3,-1.3,2.0
372.551,-1.2606448120123597,-1.2999961305054988,0.0749881393687296,-1.3,-1.3,2.0
372.56,-1.2606448120123597,-1.2999961305054988,0.0749881393687296,-1.3,-1.3,2.0
372.57,-1.2606448120123597,-1.2999961305054988,0.0749881393687296,-1.3,-1.3,2.0
372.584,-1.2606448120123597,-1.2999961305054988,0.0749881393687296,-1.3,-1.3,2.0
372.598,-1.2606448120123597,-1.2999961305054988,0.0749881393687296,-1.3,-1.3,2.0
372.603,-1.2606448120123597,-1.2999961305054988,0.0749881393687296,-1.3,-1.3,2.0
372.61,-1.2606448120123597,-1.2999961305054988,0.0749881393687296,-1.3,-1.3,2.0
372.631,-1.2606448120123597,-1.2999961305054988,0.0749881393687296,-1.3,-1.3,2.0
372.64,-1.2606448120123597,-1.2999961305054988,0.0749881393687296,-1.3,-1.3,2.0
372.66,-1.2606448120123597,-1.2999961305054988,0.0749881393687296,-1.3,-1.3,2.0
372.66,-1.2606448120123597,-1.2999961305054988,0.0749881393687296,-1.3,-1.3,2.0
372.67,-1.2606448120123597,-1.2999961305054988,0.0749881393687296,-1.3,-1.3,2.0
372.686,-1.2606448120123597,-1.2999961305054988,0.0749881393687296,-1.3,-1.3,2.0
372.69,-1.2606448120123597,-1.2999961305054988,0.0749881393687296,-1.3,-1.3,2.0
372.7,-1.2606448120123597,-1.2999961305054988,0.0749881393687296,-1.3,-1.3,2.0
372.721,-1.2606448120123597,-1.2999961305054988,0.0749881393687296,-1.3,-1.3,2.0
372.73,-1.2606448120123597,-1.2999961305054988,0.0749881393687296,-1.3,-1.3,2.0
372.741,-1.2606448120123597,-1.2999961305054988,0.0749881393687296,-1.3,-1.3,2.0
372.76,-1.2606448120123597,-1.2999961305054988,0.0749881393687296,-1.3,-1.3,2.0
372.99,-1.2606448120123597,-1.2999961305054988,0.0749881393687296,-1.3,-1.3,2.0
373.006,-1.2606448120123597,-1.2999961305054988,0.0749881393687296,-1.3,-1.3,2.0
373.4,-1.2606448120123597,-1.2999961305054988,0.0749881393687296,-1.3,-1.3,2.0
373.426,-1.2606448120123597,-1.2999961305054988,0.0749881393687296,-1.3,-1.3,2.0
373.825,-1.2606448120123597,-1.2999961305054988,0.0749881393687296,-1.3,-1.3,2.0
373.83,-1.2606448120123597,-1.2999961305054988,0.0749881393687296,-1.3,-1.3,2.0
374.26,-1.2606448120123597,-1.2999961305054988,0.0749881393687296,-1.3,-1.3,2.0
374.28,-1.2606448120123597,-1.2999961305054988,0.0749881393687296,-1.3,-1.3,2.0
374.655,-1.2606448120123597,-1.2999961305054988,0.0749881393687296,-1.3,-1.3,2.0
374.66,-1.2606448120123597,-1.2999961305054988,0.0749881393687296,-1.3,-1.3,2.0
375.071,-1.2606448120123597,-1.2999961305054988,0.0749881393687296,-1.3,-1.3,2.0
375.084,-1.2606448120123597,-1.2999961305054988,0.0749881393687296,-1.3,-1.3,2.0
375.47,-1.2606448120123597,-1.2999961305054988,0.0749881393687296,-1.3,-1.3,2.0
375.485,-1.2606448120123597,-1.2999961305054988,0.0749881393687296,-1.3,-1.3,2.0
375.819,-1.2606448120123597,-1.2999961305054988,0.0749881393687296,-1.3,-1.3,2.0
375.833,-1.2606448120123597,-1.2999961305054988,0.0749881393687296,-1.3,-1.3,2.0
376.181,-1.2606448120123597,-1.2999961305054988,0.0749881393687296,-1.3,-1.3,2.0
376.194,-1.2606448120123597,-1.2999961305054988,0.0749881393687296,-1.3,-1.3,2.0
376.2,-1.2606448120123597,-1.2999961305054988,0.0749881393687296,-1.3,-1.3,2.0
376.214,-1.2606448120123597,-1.2999961305054988,0.0749881393687296,-1.3,-1.3,2.0
376.229,-1.2606448120123597,-1.2999961305054988,0.0749881393687296,-1.3,-1.3,2.0
376.231,-1.2606448120123597,-1.2999961305054988,0.0749881393687296,-1.3,-1.3,2.0
376.24,-1.2606448120123597,-1.2999961305054988,0.0749881393687296,-1.3,-1.3,2.0
376.253,-1.2606448120123597,-1.2999961305054988,0.0749881393687296,-1.3,-1.3,2.0
376.268,-1.2606448120123597,-1.2999961305054988,0.0749881393687296,-1.3,-1.3,2.0
376.278,-1.2606448120123597,-1.2999961305054988,0.0749881393687296,-1.3,-1.3,2.0
376.28,-1.2606448120123597,-1.2999961305054988,0.0749881393687296,-1.3,-1.3,2.0
376.294,-1.2606448120123597,-1.2999961305054988,0.0749881393687296,-1.3,-1.3,2.0
376.306,-1.2606448120123597,-1.2999961305054988,0.0749881393687296,-1.3,-1.3,2.0
376.313,-1.2606448120123597,-1.2999961305054988,0.0749881393687296,-1.3,-1.3,2.0
376.325,-1.2606448120123597,-1.2999961305054988,0.0749881393687296,-1.3,-1.3,2.0
376.33,-1.2606448120123597,-1.2999961305054988,0.0749881393687296,-1.3,-1.3,2.0
376.346,-1.2606448120123597,-1.2999961305054988,0.0749881393687296,-1.3,-1.3,2.0
376.36,-1.2606448120123597,-1.2999961305054988,0.0749881393687296,-1.3,-1.3,2.0
376.678,-1.2606448120123597,-1.2999961305054988,0.0749881393687296,-1.3,-1.3,2.0
376.681,-1.2606448120123597,-1.2999961305054988,0.0749881393687296,-1.3,-1.3,2.0
377.105,-1.2606448120123597,-1.2999961305054988,0.0749881393687296,-1.3,-1.3,2.0
377.125,-1.2606448120123597,-1.2999961305054988,0.0749881393687296,-1.3,-1.3,2.0
377.49,-1.2606448120123597,-1.2999961305054988,0.0749881393687296,-1.3,-1.3,2.0
377.5,-1.2606448120123597,-1.2999961305054988,0.0749881393687296,-1.3,-1.3,2.0
377.511,-1.2606448120123597,-1.2999961305054988,0.0749881393687296,-1.3,-1.3,2.0
377.52,-1.2606448120123597,-1.2999961305054988,0.0749881393687296,-1.3,-1.3,2.0
377.535,-1.2606448120123597,-1.2999961305054988,0.0749881393687296,-1.3,-1.3,2.0
377.544,-1.2606448120123597,-1.2999961305054988,0.0749881393687296,-1.3,-1.3,2.0
377.55,-1.2606448120123597,-1.2999961305054988,0.0749881393687296,-1.3,-1.3,2.0
377.56,-1.2606448120123597,-1.2999961305054988,0.0749881393687296,-1.3,-1.3,2.0
377.574,-1.2606448120123597,-1.2999961305054988,0.0749881393687296,-1.3,-1.3,2.0
377.58,-1.2606448120123597,-1.2999961305054988,0.0749881393687296,-1.3,-1.3,2.0
377.599,-1.2606448120123597,-1.2999961305054988,0.0749881393687296,-1.3,-1.3,2.0
377.61,-1.2606448120123597,-1.2999961305054988,0.0749881393687296,-1.3,-1.3,2.0
377.611,-1.2606448120123597,-1.2999961305054988,0.0749881393687296,-1.3,-1.3,2.0
377.621,-1.2606448120123597,-1.2999961305054988,0.0749881393687296,-1.3,-1.3,2.0
377.63,-1.2606448120123597,-1.2999961305054988,0.0749881393687296,-1.3,-1.3,2.0
377.644,-1.2606448120123597,-1.2999961305054988,0.0749881393687296,-1.3,-1.3,2.0
377.65,-1.2606448120123597,-1.2999961305054988,0.0749881393687296,-1.3,-1.3,2.0
377.66,-1.2606448120123597,-1.2999961305054988,0.0749881393687296,-1.3,-1.3,2.0
377.671,-1.2606448120123597,-1.2999961305054988,0.0749881393687296,-1.3,-1.3,2.0
377.68,-1.2606448120123597,-1.2999961305054988,0.0749881393687296,-1.3,-1.3,2.0
377.69,-1.2606448120123597,-1.2999961305054988,0.0749881393687296,-1.3,-1.3,2.0
377.705,-1.2606448120123597,-1.2999961305054988,0.0749881393687296,-1.3,-1.3,2.0
377.712,-1.2606448120123597,-1.2999961305054988,0.0749881393687296,-1.3,-1.3,2.0
377.723,-1.2606448120123597,-1.2999961305054988,0.0749881393687296,-1.3,-1.3,2.0
377.732,-1.2606448120123597,-1.2999961305054988,0.0749881393687296,-1.3,-1.3,2.0
377.742,-1.2606448120123597,-1.2999961305054988,0.0749881393687296,-1.3,-1.3,2.0
377.75,-1.2606448120123597,-1.2999961305054988,0.0749881393687296,-1.3,-1.3,2.0
377.76,-1.2606448120123597,-1.2999961305054988,0.0749881393687296,-1.3,-1.3,2.0
377.778,-1.2606448120123597,-1.2999961305054988,0.0749881393687296,-1.3,-1.3,2.0
377.787,-1.2606448120123597,-1.2999961305054988,0.0749881393687296,-1.3,-1.3,2.0
377.792,-1.2606448120123597,-1.2999961305054988,0.0749881393687296,-1.3,-1.3,2.0
377.807,-1.2606448120123597,-1.2999961305054988,0.0749881393687296,-1.3,-1.3,2.0
377.812,-1.2606448120123597,-1.2999961305054988,0.0749881393687296,-1.3,-1.3,2.0
377.828,-1.2606448120123597,-1.2999961305054988,0.0749881393687296,-1.3,-1.3,2.0
377.83,-1.2606448120123597,-1.2999961305054988,0.0749881393687296,-1.3,-1.3,2.0
377.844,-1.2606448120123597,-1.2999961305054988,0.0749881393687296,-1.3,-1.3,2.0
377.852,-1.2606448120123597,-1.2999961305054988,0.0749881393687296,-1.3,-1.3,2.0
377.86,-1.2606448120123597,-1.2999961305054988,0.0749881393687296,-1.3,-1.3,2.0
378.22,-1.2606448120123597,-1.2999961305054988,0.0749881393687296,-1.3,-1.3,2.0
378.238,-1.2606448120123597,-1.2999961305054988,0.0749881393687296,-1.3,-1.3,2.0
378.24,-1.2606448120123597,-1.2999961305054988,0.0749881393687296,-1.3,-1.3,2.0
378.255,-1.2606448120123597,-1.2999961305054988,0.0749881393687296,-1.3,-1.3,2.0
378.271,-1.2606448120123597,-1.2999961305054988,0.0749881393687296,-1.3,-1.3,2.0
378.281,-1.2606448120123597,-1.2999961305054988,0.0749881393687296,-1.3,-1.3,2.0
378.292,-1.2606448120123597,-1.2999961305054988,0.0749881393687296,-1.3,-1.3,2.0
378.3,-1.2606448120123597,-1.2999961305054988,0.0749881393687296,-1.3,-1.3,2.0
378.31,-1.2606448120123597,-1.2999961305054988,0.0749881393687296,-1.3,-1.3,2.0
378.321,-1.2606448120123597,-1.2999961305054988,0.0749881393687296,-1.3,-1.3,2.0
378.33,-1.2606448120123597,-1.2999961305054988,0.0749881393687296,-1.3,-1.3,2.0
378.34,-1.2606448120123597,-1.2999961305054988,0.0749881393687296,-1.3,-1.3,2.0
378.35,-1.2606448120123597,-1.2999961305054988,0.0749881393687296,-1.3,-1.3,2.0
378.36,-1.2606448120123597,-1.2999961305054988,0.0749881393687296,-1.3,-1.3,2.0
378.371,-1.2606448120123597,-1.2999961305054988,0.0749881393687296,-1.3,-1.3,2.0
378.384,-1.2606448120123597,-1.2999961305054988,0.0749881393687296,-1.3,-1.3,2.0
378.391,-1.2606448120123597,-1.2999961305054988,0.0749881393687296,-1.3,-1.3,2.0
378.401,-1.2606448120123597,-1.2999961305054988,0.0749881393687296,-1.3,-1.3,2.0
378.412,-1.2606448120123597,-1.2999961305054988,0.0749881393687296,-1.3,-1.3,2.0
378.438,-1.2606448120123597,-1.2999961305054988,0.0749881393687296,-1.3,-1.3,2.0
378.442,-1.2606448120123597,-1.2999961305054988,0.0749881393687296,-1.3,-1.3,2.0
378.457,-1.2606448120123597,-1.2999961305054988,0.0749881393687296,-1.3,-1.3,2.0
378.734,-1.2606448120123597,-1.2999961305054988,0.0749881393687296,-1.3,-1.3,2.0
378.741,-1.2606448120123597,-1.2999961305054988,0.0749881393687296,-1.3,-1.3,2.0
378.756,-1.2606448120123597,-1.2999961305054988,0.0749881393687296,-1.3,-1.3,2.0
378.76,-1.2606448120123597,-1.2999961305054988,0.0749881393687296,-1.3,-1.3,2.0
378.771,-1.2606448120123597,-1.2999961305054988,0.0749881393687296,-1.3,-1.3,2.0
378.78,-1.2606448120123597,-1.2999961305054988,0.0749881393687296,-1.3,-1.3,2.0
378.793,-1.2606448120123597,-1.2999961305054988,0.0749881393687296,-1.3,-1.3,2.0
378.807,-1.2606448120123597,-1.2999961305054988,0.0749881393687296,-1.3,-1.3,2.0
378.816,-1.2606448120123597,-1.2999961305054988,0.0749881393687296,-1.3,-1.3,2.0
378.821,-1.2606448120123597,-1.2999961305054988,0.0749881393687296,-1.3,-1.3,2.0
378.832,-1.2606448120123597,-1.2999961305054988,0.0749881393687296,-1.3,-1.3,2.0
378.855,-1.2606448120123597,-1.2999961305054988,0.0749881393687296,-1.3,-1.3,2.0
379.13,-1.2606448120123597,-1.2999961305054988,0.0749881393687296,-1.3,-1.3,2.0
379.15,-1.2606448120123597,-1.2999961305054988,0.0749881393687296,-1.3,-1.3,2.0
379.15,-1.2606448120123597,-1.2999961305054988,0.0749881393687296,-1.3,-1.3,2.0
379.16,-1.2606448120123597,-1.2999961305054988,0.0749881393687296,-1.3,-1.3,2.0
379.171,-1.2606448120123597,-1.2999961305054988,0.0749881393687296,-1.3,-1.3,2.0
379.181,-1.2606448120123597,-1.2999961305054988,0.0749881393687296,-1.3,-1.3,2.0
379.19,-1.2606448120123597,-1.2999961305054988,0.0749881393687296,-1.3,-1.3,2.0
379.2,-1.2606448120123597,-1.2999961305054988,0.0749881393687296,-1.3,-1.3,2.0
379.222,-1.2606448120123597,-1.2999961305054988,0.0749881393687296,-1.3,-1.3,2.0
379.235,-1.2606448120123597,-1.2999961305054988,0.0749881393687296,-1.3,-1.3,2.0
379.5,-1.2606448120123597,-1.2999961305054988,0.0749881393687296,-1.3,-1.3,2.0
379.51,-1.2606448120123597,-1.2999961305054988,0.0749881393687296,-1.3,-1.3,2.0
379.88,-1.2606448120123597,-1.2999961305054988,0.0749881393687296,-1.3,-1.3,2.0
379.892,-1.2606448120123597,-1.2999961305054988,0.0749881393687296,-1.3,-1.3,2.0
380.23,-1.2606448120123597,-1.2999961305054988,0.0749881393687296,-1.3,-1.3,2.0
380.24,-1.2606448120123597,-1.2999961305054988,0.0749881393687296,-1.3,-1.3,2.0
380.25,-1.2606448120123597,-1.2999961305054988,0.0749881393687296,-1.3,-1.3,2.0
380.26,-1.2606448120123597,-1.2999961305054988,0.0749881393687296,-1.3,-1.3,2.0
380.274,-1.2606448120123597,-1.2999961305054988,0.0749881393687296,-1.3,-1.3,2.0
380.289,-1.2606448120123597,-1.2999961305054988,0.0749881393687296,-1.3,-1.3,2.0
380.292,-1.2606448120123597,-1.2999961305054988,0.0749881393687296,-1.3,-1.3,2.0
380.307,-1.2606448120123597,-1.2999961305054988,0.0749881393687296,-1.3,-1.3,2.0
380.315,-1.2606448120123597,-1.2999961305054988,0.0749881393687296,-1.3,-1.3,2.0
380.323,-1.2606448120123597,-1.2999961305054988,0.0749881393687296,-1.3,-1.3,2.0
380.334,-1.2606448120123597,-1.2999961305054988,0.0749881393687296,-1.3,-1.3,2.0
380.348,-1.2606448120123597,-1.2999961305054988,0.0749881393687296,-1.3,-1.3,2.0
380.355,-1.2606448120123597,-1.2999961305054988,0.0749881393687296,-1.3,-1.3,2.0
380.36,-1.2606448120123597,-1.2999961305054988,0.0749881393687296,-1.3,-1.3,2.0
380.373,-1.2606448120123597,-1.2999961305054988,0.0749881393687296,-1.3,-1.3,2.0
380.38,-1.2606448120123597,-1.2999961305054988,0.0749881393687296,-1.3,-1.3,2.0
380.39,-1.2606448120123597,-1.2999961305054988,0.0749881393687296,-1.3,-1.3,2.0
380.4,-1.2606448120123597,-1.2999961305054988,0.0749881393687296,-1.3,-1.3,2.0
380.414,-1.2606448120123597,-1.2999961305054988,0.0749881393687296,-1.3,-1.3,2.0
380.424,-1.2606448120123597,-1.2999961305054988,0.0749881393687296,-1.3,-1.3,2.0
380.43,-1.2606448120123597,-1.2999961305054988,0.0749881393687296,-1.3,-1.3,2.0
380.445,-1.2606448120123597,-1.2999961305054988,0.0749881393687296,-1.3,-1.3,2.0
380.45,-1.2606448120123597,-1.2999961305054988,0.0749881393687296,-1.3,-1.3,2.0
380.46,-1.2606448120123597,-1.2999961305054988,0.0749881393687296,-1.3,-1.3,2.0
380.473,-1.2606448120123597,-1.2999961305054988,0.0749881393687296,-1.3,-1.3,2.0
380.48,-1.2606448120123597,-1.2999961305054988,0.0749881393687296,-1.3,-1.3,2.0
380.494,-1.2606448120123597,-1.2999961305054988,0.0749881393687296,-1.3,-1.3,2.0
380.501,-1.2606448120123597,-1.2999961305054988,0.0749881393687296,-1.3,-1.3,2.0
380.511,-1.2606448120123597,-1.2999961305054988,0.0749881393687296,-1.3,-1.3,2.0
380.52,-1.2606448120123597,-1.2999961305054988,0.0749881393687296,-1.3,-1.3,2.0
380.53,-1.2606448120123597,-1.2999961305054988,0.0749881393687296,-1.3,-1.3,2.0
380.541,-1.2606448120123597,-1.2999961305054988,0.0749881393687296,-1.3,-1.3,2.0
380.873,-1.2606448120123597,-1.2999961305054988,0.0749881393687296,-1.3,-1.3,2.0
380.881,-1.2606448120123597,-1.2999961305054988,0.0749881393687296,-1.3,-1.3,2.0
380.894,-1.2606448120123597,-1.2999961305054988,0.0749881393687296,-1.3,-1.3,2.0
380.901,-1.2606448120123597,-1.2999961305054988,0.0749881393687296,-1.3,-1.3,2.0
380.91,-1.2606448120123597,-1.2999961305054988,0.0749881393687296,-1.3,-1.3,2.0
380.928,-1.2606448120123597,-1.2999961305054988,0.0749881393687296,-1.3,-1.3,2.0
380.933,-1.2606448120123597,-1.2999961305054988,0.0749881393687296,-1.3,-1.3,2.0
380.946,-1.2606448120123597,-1.2999961305054988,0.0749881393687296,-1.3,-1.3,2.0
380.96,-1.2606448120123597,-1.2999961305054988,0.0749881393687296,-1.3,-1.3,2.0
380.96,-1.2606448120123597,-1.2999961305054988,0.0749881393687296,-1.3,-1.3,2.0
380.975,-1.2606448120123597,-1.2999961305054988,0.0749881393687296,-1.3,-1.3,2.0
380.989,-1.2606448120123597,-1.2999961305054988,0.0749881393687296,-1.3,-1.3,2.0
380.992,-1.2606448120123597,-1.2999961305054988,0.0749881393687296,-1.3,-1.3,2.0
381.0,-1.2606448120123597,-1.2999961305054988,0.0749881393687296,-1.3,-1.3,2.0
381.012,-1.2606448120123597,-1.2999961305054988,0.0749881393687296,-1.3,-1.3,2.0
381.02,-1.2606448120123597,-1.2999961305054988,0.0749881393687296,-1.3,-1.3,2.0
381.038,-1.2606448120123597,-1.2999961305054988,0.0749881393687296,-1.3,-1.3,2.0
381.041,-1.2606448120123597,-1.2999961305054988,0.0749881393687296,-1.3,-1.3,2.0
381.052,-1.2606448120123597,-1.2999961305054988,0.0749881393687296,-1.3,-1.3,2.0
381.06,-1.2606448120123597,-1.2999961305054988,0.0749881393687296,-1.3,-1.3,2.0
381.073,-1.2606448120123597,-1.2999961305054988,0.0749881393687296,-1.3,-1.3,2.0
381.08,-1.2606448120123597,-1.2999961305054988,0.0749881393687296,-1.3,-1.3,2.0
381.094,-1.2606448120123597,-1.2999961305054988,0.0749881393687296,-1.3,-1.3,2.0
381.1,-1.2606448120123597,-1.2999961305054988,0.0749881393687296,-1.3,-1.3,2.0
381.112,-1.2606448120123597,-1.2999961305054988,0.0749881393687296,-1.3,-1.3,2.0
381.129,-1.2606448120123597,-1.2999961305054988,0.0749881393687296,-1.3,-1.3,2.0
381.13,-1.2606448120123597,-1.2999961305054988,0.0749881393687296,-1.3,-1.3,2.0
381.145,-1.2606448120123597,-1.2999961305054988,0.0749881393687296,-1.3,-1.3,2.0
381.154,-1.2606448120123597,-1.2999961305054988,0.0749881393687296,-1.3,-1.3,2.0
381.16,-1.2606448120123597,-1.2999961305054988,0.0749881393687296,-1.3,-1.3,2.0
381.18,-1.2606448120123597,-1.2999961305054988,0.0749881393687296,-1.3,-1.3,2.0
381.18,-1.2606448120123597,-1.2999961305054988,0.0749881393687296,-1.3,-1.3,2.0
381.191,-1.2606448120123597,-1.2999961305054988,0.0749881393687296,-1.3,-1.3,2.0
381.204,-1.2606448120123597,-1.2999961305054988,0.0749881393687296,-1.3,-1.3,2.0
381.211,-1.2606448120123597,-1.2999961305054988,0.0749881393687296,-1.3,-1.3,2.0
381.231,-1.2606448120123597,-1.2999961305054988,0.0749881393687296,-1.3,-1.3,2.0
381.24,-1.2606448120123597,-1.2999961305054988,0.0749881393687296,-1.3,-1.3,2.0
381.251,-1.2606448120123597,-1.2999961305054988,0.0749881393687296,-1.3,-1.3,2.0
381.949,-1.2606448120123597,-1.2999961305054988,0.0749881393687296,-1.3,-1.3,2.0
381.95,-1.2606448120123597,-1.2999961305054988,0.0749881393687296,-1.3,-1.3,2.0
382.26,-1.2606448120123597,-1.2999961305054988,0.0749881393687296,-1.3,-1.3,2.0
382.299,-1.2606448120123597,-1.2999961305054988,0.0749881393687296,-1.3,-1.3,2.0
382.3,-1.2606448120123597,-1.2999961305054988,0.0749881393687296,-1.3,-1.3,2.0
382.33,-1.2606448120123597,-1.2999961305054988,0.0749881393687296,-1.3,-1.3,2.0
382.33,-1.2606448120123597,-1.2999961305054988,0.0749881393687296,-1.3,-1.3,2.0
382.358,-1.2606448120123597,-1.2999961305054988,0.0749881393687296,-1.3,-1.3,2.0
382.36,-1.2606448120123597,-1.2999961305054988,0.0749881393687296,-1.3,-1.3,2.0
382.375,-1.2606448120123597,-1.2999961305054988,0.0749881393687296,-1.3,-1.3,2.0
382.38,-1.2606448120123597,-1.2999961305054988,0.0749881393687296,-1.3,-1.3,2.0
382.391,-1.2606448120123597,-1.2999961305054988,0.0749881393687296,-1.3,-1.3,2.0
382.41,-1.2606448120123597,-1.2999961305054988,0.0749881393687296,-1.3,-1.3,2.0
382.41,-1.2606448120123597,-1.2999961305054988,0.0749881393687296,-1.3,-1.3,2.0
382.429,-1.2606448120123597,-1.2999961305054988,0.0749881393687296,-1.3,-1.3,2.0
382.43,-1.2606448120123597,-1.2999961305054988,0.0749881393687296,-1.3,-1.3,2.0
382.441,-1.2606448120123597,-1.2999961305054988,0.0749881393687296,-1.3,-1.3,2.0
382.46,-1.2606448120123597,-1.2999961305054988,0.0749881393687296,-1.3,-1.3,2.0
382.46,-1.2606448120123597,-1.2999961305054988,0.0749881393687296,-1.3,-1.3,2.0
382.481,-1.2606448120123597,-1.2999961305054988,0.0749881393687296,-1.3,-1.3,2.0
382.503,-1.2606448120123597,-1.2999961305054988,0.0749881393687296,-1.3,-1.3,2.0
382.51,-1.2606448120123597,-1.2999961305054988,0.0749881393687296,-1.3,-1.3,2.0
382.523,-1.2606448120123597,-1.2999961305054988,0.0749881393687296,-1.3,-1.3,2.0
382.532,-1.2606448120123597,-1.2999961305054988,0.0749881393687296,-1.3,-1.3,2.0
382.546,-1.2606448120123597,-1.2999961305054988,0.0749881393687296,-1.3,-1.3,2.0
382.551,-1.2606448120123597,-1.2999961305054988,0.0749881393687296,-1.3,-1.3,2.0
382.81,-1.2606448120123597,-1.2999961305054988,0.0749881393687296,-1.3,-1.3,2.0
382.829,-1.2606448120123597,-1.2999961305054988,0.0749881393687296,-1.3,-1.3,2.0
382.83,-1.2606448120123597,-1.2999961305054988,0.0749881393687296,-1.3,-1.3,2.0
382.849,-1.2606448120123597,-1.2999961305054988,0.0749881393687296,-1.3,-1.3,2.0
382.855,-1.2606448120123597,-1.2999961305054988,0.0749881393687296,-1.3,-1.3,2.0
382.86,-1.2606448120123597,-1.2999961305054988,0.0749881393687296,-1.3,-1.3,2.0
382.894,-1.2606448120123597,-1.2999961305054988,0.0749881393687296,-1.3,-1.3,2.0
382.903,-1.2606448120123597,-1.2999961305054988,0.0749881393687296,-1.3,-1.3,2.0
382.91,-1.2606448120123597,-1.2999961305054988,0.0749881393687296,-1.3,-1.3,2.0
382.923,-1.2606448120123597,-1.2999961305054988,0.0749881393687296,-1.3,-1.3,2.0
382.933,-1.2606448120123597,-1.2999961305054988,0.0749881393687296,-1.3,-1.3,2.0
382.943,-1.2606448120123597,-1.2999961305054988,0.0749881393687296,-1.3,-1.3,2.0
382.959,-1.2606448120123597,-1.2999961305054988,0.0749881393687296,-1.3,-1.3,2.0
382.96,-1.2606448120123597,-1.2999961305054988,0.0749881393687296,-1.3,-1.3,2.0
383.258,-1.2606448120123597,-1.2999961305054988,0.0749881393687296,-1.3,-1.3,2.0
383.26,-1.2606448120123597,-1.2999961305054988,0.0749881393687296,-1.3,-1.3,2.0
383.278,-1.2606448120123597,-1.2999961305054988,0.0749881393687296,-1.3,-1.3,2.0
383.29,-1.2606448120123597,-1.2999961305054988,0.0749881393687296,-1.3,-1.3,2.0
383.29,-1.2606448120123597,-1.2999961305054988,0.0749881393687296,-1.3,-1.3,2.0
383.301,-1.2606448120123597,-1.2999961305054988,0.0749881393687296,-1.3,-1.3,2.0
383.326,-1.2606448120123597,-1.2999961305054988,0.0749881393687296,-1.3,-1.3,2.0
383.336,-1.2606448120123597,-1.2999961305054988,0.0749881393687296,-1.3,-1.3,2.0
383.343,-1.2606448120123597,-1.2999961305054988,0.0749881393687296,-1.3,-1.3,2.0
383.352,-1.2606448120123597,-1.2999961305054988,0.0749881393687296,-1.3,-1.3,2.0
383.66,-1.2606448120123597,-1.2999961305054988,0.0749881393687296,-1.3,-1.3,2.0
383.671,-1.2606448120123597,-1.2999961305054988,0.0749881393687296,-1.3,-1.3,2.0
384.115,-1.2606448120123597,-1.2999961305054988,0.0749881393687296,-1.3,-1.3,2.0
384.12,-1.2606448120123597,-1.2999961305054988,0.0749881393687296,-1.3,-1.3,2.0
384.135,-1.2606448120123597,-1.2999961305054988,0.0749881393687296,-1.3,-1.3,2.0
384.152,-1.2606448120123597,-1.2999961305054988,0.0749881393687296,-1.3,-1.3,2.0
384.16,-1.2606448120123597,-1.2999961305054988,0.0749881393687296,-1.3,-1.3,2.0
384.17,-1.2606448120123597,-1.2999961305054988,0.0749881393687296,-1.3,-1.3,2.0
384.186,-1.2606448120123597,-1.2999961305054988,0.0749881393687296,-1.3,-1.3,2.0
384.191,-1.2606448120123597,-1.2999961305054988,0.0749881393687296,-1.3,-1.3,2.0
384.201,-1.2606448120123597,-1.2999961305054988,0.0749881393687296,-1.3,-1.3,2.0
384.217,-1.2606448120123597,-1.2999961305054988,0.0749881393687296,-1.3,-1.3,2.0
384.22,-1.2606448120123597,-1.2999961305054988,0.0749881393687296,-1.3,-1.3,2.0
384.231,-1.2606448120123597,-1.2999961305054988,0.0749881393687296,-1.3,-1.3,2.0
384.24,-1.2606448120123597,-1.2999961305054988,0.0749881393687296,-1.3,-1.3,2.0
384.258,-1.2606448120123597,-1.2999961305054988,0.0749881393687296,-1.3,-1.3,2.0
384.533,-1.2606448120123597,-1.2999961305054988,0.0749881393687296,-1.3,-1.3,2.0
384.544,-1.2606448120123597,-1.2999961305054988,0.0749881393687296,-1.3,-1.3,2.0
384.55,-1.2606448120123597,-1.2999961305054988,0.0749881393687296,-1.3,-1.3,2.0
384.56,-1.2606448120123597,-1.2999961305054988,0.0749881393687296,-1.3,-1.3,2.0
384.577,-1.2606448120123597,-1.2999961305054988,0.0749881393687296,-1.3,-1.3,2.0
384.581,-1.2606448120123597,-1.2999961305054988,0.0749881393687296,-1.3,-1.3,2.0
384.594,-1.2606448120123597,-1.2999961305054988,0.0749881393687296,-1.3,-1.3,2.0
384.602,-1.2606448120123597,-1.2999961305054988,0.0749881393687296,-1.3,-1.3,2.0
384.611,-1.2606448120123597,-1.2999961305054988,0.0749881393687296,-1.3,-1.3,2.0
384.623,-1.2606448120123597,-1.2999961305054988,0.0749881393687296,-1.3,-1.3,2.0
384.63,-1.2606448120123597,-1.2999961305054988,0.0749881393687296,-1.3,-1.3,2.0
384.64,-1.2606448120123597,-1.2999961305054988,0.0749881393687296,-1.3,-1.3,2.0
384.65,-1.2606448120123597,-1.2999961305054988,0.0749881393687296,-1.3,-1.3,2.0
384.66,-1.2606448120123597,-1.2999961305054988,0.0749881393687296,-1.3,-1.3,2.0
384.982,-1.2606448120123597,-1.2999961305054988,0.0749881393687296,-1.3,-1.3,2.0
385.003,-1.2606448120123597,-1.2999961305054988,0.0749881393687296,-1.3,-1.3,2.0
385.011,-1.2606448120123597,-1.2999961305054988,0.0749881393687296,-1.3,-1.3,2.0
385.022,-1.2606448120123597,-1.2999961305054988,0.0749881393687296,-1.3,-1.3,2.0
385.036,-1.2606448120123597,-1.2999961305054988,0.0749881393687296,-1.3,-1.3,2.0
385.043,-1.2606448120123597,-1.2999961305054988,0.0749881393687296,-1.3,-1.3,2.0
385.05,-1.2606448120123597,-1.2999961305054988,0.0749881393687296,-1.3,-1.3,2.0
385.06,-1.2606448120123597,-1.2999961305054988,0.0749881393687296,-1.3,-1.3,2.0
385.087,-1.2606448120123597,-1.2999961305054988,0.0749881393687296,-1.3,-1.3,2.0
385.09,-1.2606448120123597,-1.2999961305054988,0.0749881393687296,-1.3,-1.3,2.0
385.106,-1.2606448120123597,-1.2999961305054988,0.0749881393687296,-1.3,-1.3,2.0
385.117,-1.2606448120123597,-1.2999961305054988,0.0749881393687296,-1.3,-1.3,2.0
385.123,-1.2606448120123597,-1.2999961305054988,0.0749881393687296,-1.3,-1.3,2.0
385.132,-1.2606448120123597,-1.2999961305054988,0.0749881393687296,-1.3,-1.3,2.0
385.422,-1.2606448120123597,-1.2999961305054988,0.0749881393687296,-1.3,-1.3,2.0
385.432,-1.2606448120123597,-1.2999961305054988,0.0749881393687296,-1.3,-1.3,2.0
385.448,-1.2606448120123597,-1.2999961305054988,0.0749881393687296,-1.3,-1.3,2.0
385.46,-1.2606448120123597,-1.2999961305054988,0.0749881393687296,-1.3,-1.3,2.0
385.46,-1.2606448120123597,-1.2999961305054988,0.0749881393687296,-1.3,-1.3,2.0
385.488,-1.2606448120123597,-1.2999961305054988,0.0749881393687296,-1.3,-1.3,2.0
385.49,-1.2606448120123597,-1.2999961305054988,0.0749881393687296,-1.3,-1.3,2.0
385.509,-1.2606448120123597,-1.2999961305054988,0.0749881393687296,-1.3,-1.3,2.0
385.511,-1.2606448120123597,-1.2999961305054988,0.0749881393687296,-1.3,-1.3,2.0
385.532,-1.2606448120123597,-1.2999961305054988,0.0749881393687296,-1.3,-1.3,2.0
385.541,-1.2606448120123597,-1.2999961305054988,0.0749881393687296,-1.3,-1.3,2.0
385.555,-1.2606448120123597,-1.2999961305054988,0.0749881393687296,-1.3,-1.3,2.0
385.8,-1.2606448120123597,-1.2999961305054988,0.0749881393687296,-1.3,-1.3,2.0
385.817,-1.2606448120123597,-1.2999961305054988,0.0749881393687296,-1.3,-1.3,2.0
385.82,-1.2606448120123597,-1.2999961305054988,0.0749881393687296,-1.3,-1.3,2.0
385.831,-1.2606448120123597,-1.2999961305054988,0.0749881393687296,-1.3,-1.3,2.0
385.841,-1.2606448120123597,-1.2999961305054988,0.0749881393687296,-1.3,-1.3,2.0
385.851,-1.2606448120123597,-1.2999961305054988,0.0749881393687296,-1.3,-1.3,2.0
385.86,-1.2606448120123597,-1.2999961305054988,0.0749881393687296,-1.3,-1.3,2.0
385.876,-1.2606448120123597,-1.2999961305054988,0.0749881393687296,-1.3,-1.3,2.0
385.881,-1.2606448120123597,-1.2999961305054988,0.0749881393687296,-1.3,-1.3,2.0
385.89,-1.2606448120123597,-1.2999961305054988,0.0749881393687296,-1.3,-1.3,2.0
385.9,-1.2606448120123597,-1.2999961305054988,0.0749881393687296,-1.3,-1.3,2.0
385.912,-1.2606448120123597,-1.2999961305054988,0.0749881393687296,-1.3,-1.3,2.0
385.924,-1.2606448120123597,-1.2999961305054988,0.0749881393687296,-1.3,-1.3,2.0
385.93,-1.2606448120123597,-1.2999961305054988,0.0749881393687296,-1.3,-1.3,2.0
385.94,-1.2606448120123597,-1.2999961305054988,0.0749881393687296,-1.3,-1.3,2.0
385.953,-1.2606448120123597,-1.2999961305054988,0.0749881393687296,-1.3,-1.3,2.0
385.96,-1.2606448120123597,-1.2999961305054988,0.0749881393687296,-1.3,-1.3,2.0
385.987,-1.2606448120123597,-1.2999961305054988,0.0749881393687296,-1.3,-1.3,2.0
385.99,-1.2606448120123597,-1.2999961305054988,0.0749881393687296,-1.3,-1.3,2.0
386.0,-1.2606448120123597,-1.2999961305054988,0.0749881393687296,-1.3,-1.3,2.0
386.012,-1.2606448120123597,-1.2999961305054988,0.0749881393687296,-1.3,-1.3,2.0
386.031,-1.2606448120123597,-1.2999961305054988,0.0749881393687296,-1.3,-1.3,2.0
386.042,-1.2606448120123597,-1.2999961305054988,0.0749881393687296,-1.3,-1.3,2.0
386.05,-1.2606448120123597,-1.2999961305054988,0.0749881393687296,-1.3,-1.3,2.0
386.429,-1.2606448120123597,-1.2999961305054988,0.0749881393687296,-1.3,-1.3,2.0
386.43,-1.2606448120123597,-1.2999961305054988,0.0749881393687296,-1.3,-1.3,2.0
386.447,-1.2606448120123597,-1.2999961305054988,0.0749881393687296,-1.3,-1.3,2.0
386.45,-1.2606448120123597,-1.2999961305054988,0.0749881393687296,-1.3,-1.3,2.0
386.46,-1.2606448120123597,-1.2999961305054988,0.0749881393687296,-1.3,-1.3,2.0
386.483,-1.2606448120123597,-1.2999961305054988,0.0749881393687296,-1.3,-1.3,2.0
386.494,-1.2606448120123597,-1.2999961305054988,0.0749881393687296,-1.3,-1.3,2.0
386.504,-1.2606448120123597,-1.2999961305054988,0.0749881393687296,-1.3,-1.3,2.0
386.51,-1.2606448120123597,-1.2999961305054988,0.0749881393687296,-1.3,-1.3,2.0
386.521,-1.2606448120123597,-1.2999961305054988,0.0749881393687296,-1.3,-1.3,2.0
386.53,-1.2606448120123597,-1.2999961305054988,0.0749881393687296,-1.3,-1.3,2.0
386.544,-1.2606448120123597,-1.2999961305054988,0.0749881393687296,-1.3,-1.3,2.0
386.552,-1.2606448120123597,-1.2999961305054988,0.0749881393687296,-1.3,-1.3,2.0
386.56,-1.2606448120123597,-1.2999961305054988,0.0749881393687296,-1.3,-1.3,2.0
386.574,-1.2606448120123597,-1.2999961305054988,0.0749881393687296,-1.3,-1.3,2.0
386.581,-1.2606448120123597,-1.2999961305054988,0.0749881393687296,-1.3,-1.3,2.0
386.592,-1.2606448120123597,-1.2999961305054988,0.0749881393687296,-1.3,-1.3,2.0
386.601,-1.2606448120123597,-1.2999961305054988,0.0749881393687296,-1.3,-1.3,2.0
386.612,-1.2606448120123597,-1.2999961305054988,0.0749881393687296,-1.3,-1.3,2.0
386.622,-1.2606448120123597,-1.2999961305054988,0.0749881393687296,-1.3,-1.3,2.0
386.635,-1.2606448120123597,-1.2999961305054988,0.0749881393687296,-1.3,-1.3,2.0
386.657,-1.2606448120123597,-1.2999961305054988,0.0749881393687296,-1.3,-1.3,2.0
386.66,-1.2606448120123597,-1.2999961305054988,0.0749881393687296,-1.3,-1.3,2.0
386.687,-1.2606448120123597,-1.2999961305054988,0.0749881393687296,-1.3,-1.3,2.0
386.701,-1.2606448120123597,-1.2999961305054988,0.0749881393687296,-1.3,-1.3,2.0
386.711,-1.2606448120123597,-1.2999961305054988,0.0749881393687296,-1.3,-1.3,2.0
386.72,-1.2606448120123597,-1.2999961305054988,0.0749881393687296,-1.3,-1.3,2.0
386.738,-1.2606448120123597,-1.2999961305054988,0.0749881393687296,-1.3,-1.3,2.0
386.741,-1.2606448120123597,-1.2999961305054988,0.0749881393687296,-1.3,-1.3,2.0
386.76,-1.2606448120123597,-1.2999961305054988,0.0749881393687296,-1.3,-1.3,2.0
386.76,-1.2606448120123597,-1.2999961305054988,0.0749881393687296,-1.3,-1.3,2.0
386.77,-1.2606448120123597,-1.2999961305054988,0.0749881393687296,-1.3,-1.3,2.0
386.78,-1.2606448120123597,-1.2999961305054988,0.0749881393687296,-1.3,-1.3,2.0
386.79,-1.2606448120123597,-1.2999961305054988,0.0749881393687296,-1.3,-1.3,2.0
386.8,-1.2606448120123597,-1.2999961305054988,0.0749881393687296,-1.3,-1.3,2.0
386.81,-1.2606448120123597,-1.2999961305054988,0.0749881393687296,-1.3,-1.3,2.0
386.826,-1.2606448120123597,-1.2999961305054988,0.0749881393687296,-1.3,-1.3,2.0
386.833,-1.2606448120123597,-1.2999961305054988,0.0749881393687296,-1.3,-1.3,2.0
386.84,-1.2606448120123597,-1.2999961305054988,0.0749881393687296,-1.3,-1.3,2.0
386.85,-1.2606448120123597,-1.2999961305054988,0.0749881393687296,-1.3,-1.3,2.0
386.86,-1.2606448120123597,-1.2999961305054988,0.0749881393687296,-1.3,-1.3,2.0
386.87,-1.2606448120123597,-1.2999961305054988,0.0749881393687296,-1.3,-1.3,2.0
386.88,-1.2606448120123597,-1.2999961305054988,0.0749881393687296,-1.3,-1.3,2.0
386.89,-1.2606448120123597,-1.2999961305054988,0.0749881393687296,-1.3,-1.3,2.0
386.902,-1.2606448120123597,-1.2999961305054988,0.0749881393687296,-1.3,-1.3,2.0
386.912,-1.2606448120123597,-1.2999961305054988,0.0749881393687296,-1.3,-1.3,2.0
386.92,-1.2606448120123597,-1.2999961305054988,0.0749881393687296,-1.3,-1.3,2.0
386.931,-1.2606448120123597,-1.2999961305054988,0.0749881393687296,-1.3,-1.3,2.0
386.94,-1.2606448120123597,-1.2999961305054988,0.0749881393687296,-1.3,-1.3,2.0
386.96,-1.2606448120123597,-1.2999961305054988,0.0749881393687296,-1.3,-1.3,2.0
387.237,-1.2606448120123597,-1.2999961305054988,0.0749881393687296,-1.3,-1.3,2.0
387.24,-1.2606448120123597,-1.2999961305054988,0.0749881393687296,-1.3,-1.3,2.0
387.25,-1.2606448120123597,-1.2999961305054988,0.0749881393687296,-1.3,-1.3,2.0
387.26,-1.2606448120123597,-1.2999961305054988,0.0749881393687296,-1.3,-1.3,2.0
387.278,-1.2606448120123597,-1.2999961305054988,0.0749881393687296,-1.3,-1.3,2.0
387.28,-1.2606448120123597,-1.2999961305054988,0.0749881393687296,-1.3,-1.3,2.0
387.297,-1.2606448120123597,-1.2999961305054988,0.0749881393687296,-1.3,-1.3,2.0
387.311,-1.2606448120123597,-1.2999961305054988,0.0749881393687296,-1.3,-1.3,2.0
387.327,-1.2606448120123597,-1.2999961305054988,0.0749881393687296,-1.3,-1.3,2.0
387.347,-1.2606448120123597,-1.2999961305054988,0.0749881393687296,-1.3,-1.3,2.0
387.35,-1.2606448120123597,-1.2999961305054988,0.0749881393687296,-1.3,-1.3,2.0
387.379,-1.2606448120123597,-1.2999961305054988,0.0749881393687296,-1.3,-1.3,2.0
387.38,-1.2606448120123597,-1.2999961305054988,0.0749881393687296,-1.3,-1.3,2.0
387.39,-1.2606448120123597,-1.2999961305054988,0.0749881393687296,-1.3,-1.3,2.0
387.402,-1.2606448120123597,-1.2999961305054988,0.0749881393687296,-1.3,-1.3,2.0
387.415,-1.2606448120123597,-1.2999961305054988,0.0749881393687296,-1.3,-1.3,2.0
387.424,-1.2606448120123597,-1.2999961305054988,0.0749881393687296,-1.3,-1.3,2.0
387.43,-1.2606448120123597,-1.2999961305054988,0.0749881393687296,-1.3,-1.3,2.0
387.445,-1.2606448120123597,-1.2999961305054988,0.0749881393687296,-1.3,-1.3,2.0
387.453,-1.2606448120123597,-1.2999961305054988,0.0749881393687296,-1.3,-1.3,2.0
387.46,-1.2606448120123597,-1.2999961305054988,0.0749881393687296,-1.3,-1.3,2.0
387.472,-1.2606448120123597,-1.2999961305054988,0.0749881393687296,-1.3,-1.3,2.0
387.48,-1.2606448120123597,-1.2999961305054988,0.0749881393687296,-1.3,-1.3,2.0
387.493,-1.2606448120123597,-1.2999961305054988,0.0749881393687296,-1.3,-1.3,2.0
387.501,-1.2606448120123597,-1.2999961305054988,0.0749881393687296,-1.3,-1.3,2.0
387.513,-1.2606448120123597,-1.2999961305054988,0.0749881393687296,-1.3,-1.3,2.0
387.524,-1.2606448120123597,-1.2999961305054988,0.0749881393687296,-1.3,-1.3,2.0
387.53,-1.2606448120123597,-1.2999961305054988,0.0749881393687296,-1.3,-1.3,2.0
387.548,-1.2606448120123597,-1.2999961305054988,0.0749881393687296,-1.3,-1.3,2.0
387.554,-1.2606448120123597,-1.2999961305054988,0.0749881393687296,-1.3,-1.3,2.0
387.82,-1.2606448120123597,-1.2999961305054988,0.0749881393687296,-1.3,-1.3,2.0
387.831,-1.2606448120123597,-1.2999961305054988,0.0749881393687296,-1.3,-1.3,2.0
387.852,-1.2606448120123597,-1.2999961305054988,0.0749881393687296,-1.3,-1.3,2.0
387.86,-1.2606448120123597,-1.2999961305054988,0.0749881393687296,-1.3,-1.3,2.0
387.87,-1.2606448120123597,-1.2999961305054988,0.0749881393687296,-1.3,-1.3,2.0
387.883,-1.2606448120123597,-1.2999961305054988,0.0749881393687296,-1.3,-1.3,2.0
387.895,-1.2606448120123597,-1.2999961305054988,0.0749881393687296,-1.3,-1.3,2.0
387.903,-1.2606448120123597,-1.2999961305054988,0.0749881393687296,-1.3,-1.3,2.0
387.911,-1.2606448120123597,-1.2999961305054988,0.0749881393687296,-1.3,-1.3,2.0
387.934,-1.2606448120123597,-1.2999961305054988,0.0749881393687296,-1.3,-1.3,2.0
387.943,-1.2606448120123597,-1.2999961305054988,0.0749881393687296,-1.3,-1.3,2.0
387.95,-1.2606448120123597,-1.2999961305054988,0.0749881393687296,-1.3,-1.3,2.0
388.26,-1.2606448120123597,-1.2999961305054988,0.0749881393687296,-1.3,-1.3,2.0
388.287,-1.2606448120123597,-1.2999961305054988,0.0749881393687296,-1.3,-1.3,2.0
388.68,-1.2606448120123597,-1.2999961305054988,0.0749881393687296,-1.3,-1.3,2.0
388.68,-1.2606448120123597,-1.2999961305054988,0.0749881393687296,-1.3,-1.3,2.0
388.991,-1.2606448120123597,-1.2999961305054988,0.0749881393687296,-1.3,-1.3,2.0
389.005,-1.2606448120123597,-1.2999961305054988,0.0749881393687296,-1.3,-1.3,2.0
389.391,-1.2606448120123597,-1.2999961305054988,0.0749881393687296,-1.3,-1.3,2.0
389.407,-1.2606448120123597,-1.2999961305054988,0.0749881393687296,-1.3,-1.3,2.0
389.723,-1.2606448120123597,-1.2999961305054988,0.0749881393687296,-1.3,-1.3,2.0
389.739,-1.2606448120123597,-1.2999961305054988,0.0749881393687296,-1.3,-1.3,2.0
389.745,-1.2606448120123597,-1.2999961305054988,0.0749881393687296,-1.3,-1.3,2.0
389.753,-1.2606448120123597,-1.2999961305054988,0.0749881393687296,-1.3,-1.3,2.0
389.76,-1.2606448120123597,-1.2999961305054988,0.0749881393687296,-1.3,-1.3,2.0
389.778,-1.2606448120123597,-1.2999961305054988,0.0749881393687296,-1.3,-1.3,2.0
389.78,-1.2606448120123597,-1.2999961305054988,0.0749881393687296,-1.3,-1.3,2.0
389.804,-1.2606448120123597,-1.2999961305054988,0.0749881393687296,-1.3,-1.3,2.0
389.82,-1.2606448120123597,-1.2999961305054988,0.0749881393687296,-1.3,-1.3,2.0
389.82,-1.2606448120123597,-1.2999961305054988,0.0749881393687296,-1.3,-1.3,2.0
389.831,-1.2606448120123597,-1.2999961305054988,0.0749881393687296,-1.3,-1.3,2.0
389.841,-1.2606448120123597,-1.2999961305054988,0.0749881393687296,-1.3,-1.3,2.0
389.856,-1.2606448120123597,-1.2999961305054988,0.0749881393687296,-1.3,-1.3,2.0
389.86,-1.2606448120123597,-1.2999961305054988,0.0749881393687296,-1.3,-1.3,2.0
389.87,-1.2606448120123597,-1.2999961305054988,0.0749881393687296,-1.3,-1.3,2.0
389.882,-1.2606448120123597,-1.2999961305054988,0.0749881393687296,-1.3,-1.3,2.0
389.892,-1.2606448120123597,-1.2999961305054988,0.0749881393687296,-1.3,-1.3,2.0
389.905,-1.2606448120123597,-1.2999961305054988,0.0749881393687296,-1.3,-1.3,2.0
389.919,-1.2606448120123597,-1.2999961305054988,0.0749881393687296,-1.3,-1.3,2.0
389.926,-1.2606448120123597,-1.2999961305054988,0.0749881393687296,-1.3,-1.3,2.0
389.93,-1.2606448120123597,-1.2999961305054988,0.0749881393687296,-1.3,-1.3,2.0
389.941,-1.2606448120123597,-1.2999961305054988,0.0749881393687296,-1.3,-1.3,2.0
389.96,-1.2606448120123597,-1.2999961305054988,0.0749881393687296,-1.3,-1.3,2.0
389.96,-1.2606448120123597,-1.2999961305054988,0.0749881393687296,-1.3,-1.3,2.0
389.971,-1.2606448120123597,-1.2999961305054988,0.0749881393687296,-1.3,-1.3,2.0
389.982,-1.2606448120123597,-1.2999961305054988,0.0749881393687296,-1.3,-1.3,2.0
389.996,-1.2606448120123597,-1.2999961305054988,0.0749881393687296,-1.3,-1.3,2.0
390.009,-1.2606448120123597,-1.2999961305054988,0.0749881393687296,-1.3,-1.3,2.0
390.01,-1.2606448120123597,-1.2999961305054988,0.0749881393687296,-1.3,-1.3,2.0
390.022,-1.2606448120123597,-1.2999961305054988,0.0749881393687296,-1.3,-1.3,2.0
390.032,-1.2606448120123597,-1.2999961305054988,0.0749881393687296,-1.3,-1.3,2.0
390.043,-1.2606448120123597,-1.2999961305054988,0.0749881393687296,-1.3,-1.3,2.0
390.051,-1.2606448120123597,-1.2999961305054988,0.0749881393687296,-1.3,-1.3,2.0
390.06,-1.2606448120123597,-1.2999961305054988,0.0749881393687296,-1.3,-1.3,2.0
390.074,-1.2606448120123597,-1.2999961305054988,0.0749881393687296,-1.3,-1.3,2.0
390.081,-1.2606448120123597,-1.2999961305054988,0.0749881393687296,-1.3,-1.3,2.0
390.09,-1.2606448120123597,-1.2999961305054988,0.0749881393687296,-1.3,-1.3,2.0
390.108,-1.2606448120123597,-1.2999961305054988,0.0749881393687296,-1.3,-1.3,2.0
390.117,-1.2606448120123597,-1.2999961305054988,0.0749881393687296,-1.3,-1.3,2.0
390.12,-1.2606448120123597,-1.2999961305054988,0.0749881393687296,-1.3,-1.3,2.0
390.151,-1.2606448120123597,-1.2999961305054988,0.0749881393687296,-1.3,-1.3,2.0
390.16,-1.2606448120123597,-1.2999961305054988,0.0749881393687296,-1.3,-1.3,2.0
390.176,-1.2606448120123597,-1.2999961305054988,0.0749881393687296,-1.3,-1.3,2.0
390.18,-1.2606448120123597,-1.2999961305054988,0.0749881393687296,-1.3,-1.3,2.0
390.19,-1.2606448120123597,-1.2999961305054988,0.0749881393687296,-1.3,-1.3,2.0
390.202,-1.2606448120123597,-1.2999961305054988,0.0749881393687296,-1.3,-1.3,2.0
390.211,-1.2606448120123597,-1.2999961305054988,0.0749881393687296,-1.3,-1.3,2.0
390.224,-1.2606448120123597,-1.2999961305054988,0.0749881393687296,-1.3,-1.3,2.0
390.244,-1.2606448120123597,-1.2999961305054988,0.0749881393687296,-1.3,-1.3,2.0
390.25,-1.2606448120123597,-1.2999961305054988,0.0749881393687296,-1.3,-1.3,2.0
390.54,-1.2606448120123597,-1.2999961305054988,0.0749881393687296,-1.3,-1.3,2.0
390.555,-1.2606448120123597,-1.2999961305054988,0.0749881393687296,-1.3,-1.3,2.0
390.56,-1.2606448120123597,-1.2999961305054988,0.0749881393687296,-1.3,-1.3,2.0
390.577,-1.2606448120123597,-1.2999961305054988,0.0749881393687296,-1.3,-1.3,2.0
390.58,-1.2606448120123597,-1.2999961305054988,0.0749881393687296,-1.3,-1.3,2.0
390.59,-1.2606448120123597,-1.2999961305054988,0.0749881393687296,-1.3,-1.3,2.0
390.602,-1.2606448120123597,-1.2999961305054988,0.0749881393687296,-1.3,-1.3,2.0
390.615,-1.2606448120123597,-1.2999961305054988,0.0749881393687296,-1.3,-1.3,2.0
390.621,-1.2606448120123597,-1.2999961305054988,0.0749881393687296,-1.3,-1.3,2.0
390.642,-1.2606448120123597,-1.2999961305054988,0.0749881393687296,-1.3,-1.3,2.0
390.656,-1.2606448120123597,-1.2999961305054988,0.0749881393687296,-1.3,-1.3,2.0
390.66,-1.2606448120123597,-1.2999961305054988,0.0749881393687296,-1.3,-1.3,2.0
390.67,-1.2606448120123597,-1.2999961305054988,0.0749881393687296,-1.3,-1.3,2.0
390.68,-1.2606448120123597,-1.2999961305054988,0.0749881393687296,-1.3,-1.3,2.0
390.698,-1.2606448120123597,-1.2999961305054988,0.0749881393687296,-1.3,-1.3,2.0
390.7,-1.2606448120123597,-1.2999961305054988,0.0749881393687296,-1.3,-1.3,2.0
390.71,-1.2606448120123597,-1.2999961305054988,0.0749881393687296,-1.3,-1.3,2.0
390.72,-1.2606448120123597,-1.2999961305054988,0.0749881393687296,-1.3,-1.3,2.0
390.733,-1.2606448120123597,-1.2999961305054988,0.0749881393687296,-1.3,-1.3,2.0
390.743,-1.2606448120123597,-1.2999961305054988,0.0749881393687296,-1.3,-1.3,2.0
390.752,-1.2606448120123597,-1.2999961305054988,0.0749881393687296,-1.3,-1.3,2.0
390.76,-1.2606448120123597,-1.2999961305054988,0.0749881393687296,-1.3,-1.3,2.0
390.772,-1.2606448120123597,-1.2999961305054988,0.0749881393687296,-1.3,-1.3,2.0
390.78,-1.2606448120123597,-1.2999961305054988,0.0749881393687296,-1.3,-1.3,2.0
390.794,-1.2606448120123597,-1.2999961305054988,0.0749881393687296,-1.3,-1.3,2.0
390.801,-1.2606448120123597,-1.2999961305054988,0.0749881393687296,-1.3,-1.3,2.0
390.815,-1.2606448120123597,-1.2999961305054988,0.0749881393687296,-1.3,-1.3,2.0
390.822,-1.2606448120123597,-1.2999961305054988,0.0749881393687296,-1.3,-1.3,2.0
390.836,-1.2606448120123597,-1.2999961305054988,0.0749881393687296,-1.3,-1.3,2.0
390.842,-1.2606448120123597,-1.2999961305054988,0.0749881393687296,-1.3,-1.3,2.0
390.851,-1.2606448120123597,-1.2999961305054988,0.0749881393687296,-1.3,-1.3,2.0
390.86,-1.2606448120123597,-1.2999961305054988,0.0749881393687296,-1.3,-1.3,2.0
390.875,-1.2606448120123597,-1.2999961305054988,0.0749881393687296,-1.3,-1.3,2.0
390.881,-1.2606448120123597,-1.2999961305054988,0.0749881393687296,-1.3,-1.3,2.0
390.89,-1.2606448120123597,-1.2999961305054988,0.0749881393687296,-1.3,-1.3,2.0
390.9,-1.2606448120123597,-1.2999961305054988,0.0749881393687296,-1.3,-1.3,2.0
390.91,-1.2606448120123597,-1.2999961305054988,0.0749881393687296,-1.3,-1.3,2.0
390.925,-1.2606448120123597,-1.2999961305054988,0.0749881393687296,-1.3,-1.3,2.0
390.939,-1.2606448120123597,-1.2999961305054988,0.0749881393687296,-1.3,-1.3,2.0
390.94,-1.2606448120123597,-1.2999961305054988,0.0749881393687296,-1.3,-1.3,2.0
390.953,-1.2606448120123597,-1.2999961305054988,0.0749881393687296,-1.3,-1.3,2.0
390.96,-1.2606448120123597,-1.2999961305054988,0.0749881393687296,-1.3,-1.3,2.0
390.972,-1.2606448120123597,-1.2999961305054988,0.0749881393687296,-1.3,-1.3,2.0
390.984,-1.2606448120123597,-1.2999961305054988,0.0749881393687296,-1.3,-1.3,2.0
391.0,-1.2606448120123597,-1.2999961305054988,0.0749881393687296,-1.3,-1.3,2.0
391.006,-1.2606448120123597,-1.2999961305054988,0.0749881393687296,-1.3,-1.3,2.0
391.011,-1.2606448120123597,-1.2999961305054988,0.0749881393687296,-1.3,-1.3,2.0
391.02,-1.2606448120123597,-1.2999961305054988,0.0749881393687296,-1.3,-1.3,2.0
391.032,-1.2606448120123597,-1.2999961305054988,0.0749881393687296,-1.3,-1.3,2.0
391.045,-1.2606448120123597,-1.2999961305054988,0.0749881393687296,-1.3,-1.3,2.0
391.05,-1.2606448120123597,-1.2999961305054988,0.0749881393687296,-1.3,-1.3,2.0
391.073,-1.2606448120123597,-1.2999961305054988,0.0749881393687296,-1.3,-1.3,2.0
391.08,-1.2606448120123597,-1.2999961305054988,0.0749881393687296,-1.3,-1.3,2.0
391.09,-1.2606448120123597,-1.2999961305054988,0.0749881393687296,-1.3,-1.3,2.0
391.1,-1.2606448120123597,-1.2999961305054988,0.0749881393687296,-1.3,-1.3,2.0
391.119,-1.2606448120123597,-1.2999961305054988,0.0749881393687296,-1.3,-1.3,2.0
391.12,-1.2606448120123597,-1.2999961305054988,0.0749881393687296,-1.3,-1.3,2.0
391.134,-1.2606448120123597,-1.2999961305054988,0.0749881393687296,-1.3,-1.3,2.0
391.142,-1.2606448120123597,-1.2999961305054988,0.0749881393687296,-1.3,-1.3,2.0
391.152,-1.2606448120123597,-1.2999961305054988,0.0749881393687296,-1.3,-1.3,2.0
391.494,-1.2606448120123597,-1.2999961305054988,0.0749881393687296,-1.3,-1.3,2.0
391.505,-1.2606448120123597,-1.2999961305054988,0.0749881393687296,-1.3,-1.3,2.0
391.51,-1.2606448120123597,-1.2999961305054988,0.0749881393687296,-1.3,-1.3,2.0
391.52,-1.2606448120123597,-1.2999961305054988,0.0749881393687296,-1.3,-1.3,2.0
391.53,-1.2606448120123597,-1.2999961305054988,0.0749881393687296,-1.3,-1.3,2.0
391.54,-1.2606448120123597,-1.2999961305054988,0.0749881393687296,-1.3,-1.3,2.0
391.551,-1.2606448120123597,-1.2999961305054988,0.0749881393687296,-1.3,-1.3,2.0
391.56,-1.2606448120123597,-1.2999961305054988,0.0749881393687296,-1.3,-1.3,2.0
391.584,-1.2606448120123597,-1.2999961305054988,0.0749881393687296,-1.3,-1.3,2.0
391.59,-1.2606448120123597,-1.2999961305054988,0.0749881393687296,-1.3,-1.3,2.0
391.603,-1.2606448120123597,-1.2999961305054988,0.0749881393687296,-1.3,-1.3,2.0
391.611,-1.2606448120123597,-1.2999961305054988,0.0749881393687296,-1.3,-1.3,2.0
391.626,-1.2606448120123597,-1.2999961305054988,0.0749881393687296,-1.3,-1.3,2.0
391.64,-1.2606448120123597,-1.2999961305054988,0.0749881393687296,-1.3,-1.3,2.0
391.64,-1.2606448120123597,-1.2999961305054988,0.0749881393687296,-1.3,-1.3,2.0
391.652,-1.2606448120123597,-1.2999961305054988,0.0749881393687296,-1.3,-1.3,2.0
391.981,-1.2606448120123597,-1.2999961305054988,0.0749881393687296,-1.3,-1.3,2.0
391.995,-1.2606448120123597,-1.2999961305054988,0.0749881393687296,-1.3,-1.3,2.0
392.005,-1.2606448120123597,-1.2999961305054988,0.0749881393687296,-1.3,-1.3,2.0
392.017,-1.2606448120123597,-1.2999961305054988,0.0749881393687296,-1.3,-1.3,2.0
392.022,-1.2606448120123597,-1.2999961305054988,0.0749881393687296,-1.3,-1.3,2.0
392.03,-1.2606448120123597,-1.2999961305054988,0.0749881393687296,-1.3,-1.3,2.0
392.052,-1.2606448120123597,-1.2999961305054988,0.0749881393687296,-1.3,-1.3,2.0
392.06,-1.2606448120123597,-1.2999961305054988,0.0749881393687296,-1.3,-1.3,2.0
392.077,-1.2606448120123597,-1.2999961305054988,0.0749881393687296,-1.3,-1.3,2.0
392.08,-1.2606448120123597,-1.2999961305054988,0.0749881393687296,-1.3,-1.3,2.0
392.091,-1.2606448120123597,-1.2999961305054988,0.0749881393687296,-1.3,-1.3,2.0
392.1,-1.2606448120123597,-1.2999961305054988,0.0749881393687296,-1.3,-1.3,2.0
392.112,-1.2606448120123597,-1.2999961305054988,0.0749881393687296,-1.3,-1.3,2.0
392.137,-1.2606448120123597,-1.2999961305054988,0.0749881393687296,-1.3,-1.3,2.0
392.14,-1.2606448120123597,-1.2999961305054988,0.0749881393687296,-1.3,-1.3,2.0
392.151,-1.2606448120123597,-1.2999961305054988,0.0749881393687296,-1.3,-1.3,2.0
392.47,-1.2606448120123597,-1.2999961305054988,0.0749881393687296,-1.3,-1.3,2.0
392.489,-1.2606448120123597,-1.2999961305054988,0.0749881393687296,-1.3,-1.3,2.0
392.49,-1.2606448120123597,-1.2999961305054988,0.0749881393687296,-1.3,-1.3,2.0
392.508,-1.2606448120123597,-1.2999961305054988,0.0749881393687296,-1.3,-1.3,2.0
392.515,-1.2606448120123597,-1.2999961305054988,0.0749881393687296,-1.3,-1.3,2.0
392.528,-1.2606448120123597,-1.2999961305054988,0.0749881393687296,-1.3,-1.3,2.0
392.531,-1.2606448120123597,-1.2999961305054988,0.0749881393687296,-1.3,-1.3,2.0
392.546,-1.2606448120123597,-1.2999961305054988,0.0749881393687296,-1.3,-1.3,2.0
392.55,-1.2606448120123597,-1.2999961305054988,0.0749881393687296,-1.3,-1.3,2.0
392.56,-1.2606448120123597,-1.2999961305054988,0.0749881393687296,-1.3,-1.3,2.0
392.572,-1.2606448120123597,-1.2999961305054988,0.0749881393687296,-1.3,-1.3,2.0
392.585,-1.2606448120123597,-1.2999961305054988,0.0749881393687296,-1.3,-1.3,2.0
392.593,-1.2606448120123597,-1.2999961305054988,0.0749881393687296,-1.3,-1.3,2.0
392.61,-1.2606448120123597,-1.2999961305054988,0.0749881393687296,-1.3,-1.3,2.0
392.61,-1.2606448120123597,-1.2999961305054988,0.0749881393687296,-1.3,-1.3,2.0
392.621,-1.2606448120123597,-1.2999961305054988,0.0749881393687296,-1.3,-1.3,2.0
392.633,-1.2606448120123597,-1.2999961305054988,0.0749881393687296,-1.3,-1.3,2.0
392.655,-1.2606448120123597,-1.2999961305054988,0.0749881393687296,-1.3,-1.3,2.0
392.931,-1.2606448120123597,-1.2999961305054988,0.0749881393687296,-1.3,-1.3,2.0
392.945,-1.2606448120123597,-1.2999961305054988,0.0749881393687296,-1.3,-1.3,2.0
393.353,-1.2606448120123597,-1.2999961305054988,0.0749881393687296,-1.3,-1.3,2.0
393.36,-1.2606448120123597,-1.2999961305054988,0.0749881393687296,-1.3,-1.3,2.0
393.752,-1.2606448120123597,-1.2999961305054988,0.0749881393687296,-1.3,-1.3,2.0
393.76,-1.2606448120123597,-1.2999961305054988,0.0749881393687296,-1.3,-1.3,2.0
394.16,-1.2606448120123597,-1.2999961305054988,0.0749881393687296,-1.3,-1.3,2.0
394.172,-1.2606448120123597,-1.2999961305054988,0.0749881393687296,-1.3,-1.3,2.0
394.563,-1.2606448120123597,-1.2999961305054988,0.0749881393687296,-1.3,-1.3,2.0
394.574,-1.2606448120123597,-1.2999961305054988,0.0749881393687296,-1.3,-1.3,2.0
394.974,-1.2606448120123597,-1.2999961305054988,0.0749881393687296,-1.3,-1.3,2.0
394.981,-1.2606448120123597,-1.2999961305054988,0.0749881393687296,-1.3,-1.3,2.0
395.313,-1.2606448120123597,-1.2999961305054988,0.0749881393687296,-1.3,-1.3,2.0
395.328,-1.2606448120123597,-1.2999961305054988,0.0749881393687296,-1.3,-1.3,2.0
395.692,-1.2606448120123597,-1.2999961305054988,0.0749881393687296,-1.3,-1.3,2.0
395.71,-1.2606448120123597,-1.2999961305054988,0.0749881393687296,-1.3,-1.3,2.0
396.093,-1.2606448120123597,-1.2999961305054988,0.0749881393687296,-1.3,-1.3,2.0
396.1,-1.2606448120123597,-1.2999961305054988,0.0749881393687296,-1.3,-1.3,2.0
396.114,-1.2606448120123597,-1.2999961305054988,0.0749881393687296,-1.3,-1.3,2.0
396.121,-1.2606448120123597,-1.2999961305054988,0.0749881393687296,-1.3,-1.3,2.0
396.132,-1.2606448120123597,-1.2999961305054988,0.0749881393687296,-1.3,-1.3,2.0
396.143,-1.2606448120123597,-1.2999961305054988,0.0749881393687296,-1.3,-1.3,2.0
396.15,-1.2606448120123597,-1.2999961305054988,0.0749881393687296,-1.3,-1.3,2.0
396.16,-1.2606448120123597,-1.2999961305054988,0.0749881393687296,-1.3,-1.3,2.0
396.176,-1.2606448120123597,-1.2999961305054988,0.0749881393687296,-1.3,-1.3,2.0
396.18,-1.2606448120123597,-1.2999961305054988,0.0749881393687296,-1.3,-1.3,2.0
396.194,-1.2606448120123597,-1.2999961305054988,0.0749881393687296,-1.3,-1.3,2.0
396.2,-1.2606448120123597,-1.2999961305054988,0.0749881393687296,-1.3,-1.3,2.0
396.219,-1.2606448120123597,-1.2999961305054988,0.0749881393687296,-1.3,-1.3,2.0
396.225,-1.2606448120123597,-1.2999961305054988,0.0749881393687296,-1.3,-1.3,2.0
396.233,-1.2606448120123597,-1.2999961305054988,0.0749881393687296,-1.3,-1.3,2.0
396.242,-1.2606448120123597,-1.2999961305054988,0.0749881393687296,-1.3,-1.3,2.0
396.53,-1.2606448120123597,-1.2999961305054988,0.0749881393687296,-1.3,-1.3,2.0
396.543,-1.2606448120123597,-1.2999961305054988,0.0749881393687296,-1.3,-1.3,2.0
396.554,-1.2606448120123597,-1.2999961305054988,0.0749881393687296,-1.3,-1.3,2.0
396.56,-1.2606448120123597,-1.2999961305054988,0.0749881393687296,-1.3,-1.3,2.0
396.57,-1.2606448120123597,-1.2999961305054988,0.0749881393687296,-1.3,-1.3,2.0
396.581,-1.2606448120123597,-1.2999961305054988,0.0749881393687296,-1.3,-1.3,2.0
396.59,-1.2606448120123597,-1.2999961305054988,0.0749881393687296,-1.3,-1.3,2.0
396.601,-1.2606448120123597,-1.2999961305054988,0.0749881393687296,-1.3,-1.3,2.0
396.616,-1.2606448120123597,-1.2999961305054988,0.0749881393687296,-1.3,-1.3,2.0
396.631,-1.2606448120123597,-1.2999961305054988,0.0749881393687296,-1.3,-1.3,2.0
396.64,-1.2606448120123597,-1.2999961305054988,0.0749881393687296,-1.3,-1.3,2.0
396.651,-1.2606448120123597,-1.2999961305054988,0.0749881393687296,-1.3,-1.3,2.0
396.98,-1.2606448120123597,-1.2999961305054988,0.0749881393687296,-1.3,-1.3,2.0
396.99,-1.2606448120123597,-1.2999961305054988,0.0749881393687296,-1.3,-1.3,2.0
397.0,-1.2606448120123597,-1.2999961305054988,0.0749881393687296,-1.3,-1.3,2.0
397.012,-1.2606448120123597,-1.2999961305054988,0.0749881393687296,-1.3,-1.3,2.0
397.02,-1.2606448120123597,-1.2999961305054988,0.0749881393687296,-1.3,-1.3,2.0
397.034,-1.2606448120123597,-1.2999961305054988,0.0749881393687296,-1.3,-1.3,2.0
397.041,-1.2606448120123597,-1.2999961305054988,0.0749881393687296,-1.3,-1.3,2.0
397.051,-1.2606448120123597,-1.2999961305054988,0.0749881393687296,-1.3,-1.3,2.0
397.06,-1.2606448120123597,-1.2999961305054988,0.0749881393687296,-1.3,-1.3,2.0
397.07,-1.2606448120123597,-1.2999961305054988,0.0749881393687296,-1.3,-1.3,2.0
397.08,-1.2606448120123597,-1.2999961305054988,0.0749881393687296,-1.3,-1.3,2.0
397.091,-1.2606448120123597,-1.2999961305054988,0.0749881393687296,-1.3,-1.3,2.0
397.101,-1.2606448120123597,-1.2999961305054988,0.0749881393687296,-1.3,-1.3,2.0
397.111,-1.2606448120123597,-1.2999961305054988,0.0749881393687296,-1.3,-1.3,2.0
397.129,-1.2606448120123597,-1.2999961305054988,0.0749881393687296,-1.3,-1.3,2.0
397.13,-1.2606448120123597,-1.2999961305054988,0.0749881393687296,-1.3,-1.3,2.0
397.146,-1.2606448120123597,-1.2999961305054988,0.0749881393687296,-1.3,-1.3,2.0
397.151,-1.2606448120123597,-1.2999961305054988,0.0749881393687296,-1.3,-1.3,2.0
397.476,-1.2606448120123597,-1.2999961305054988,0.0749881393687296,-1.3,-1.3,2.0
397.48,-1.2606448120123597,-1.2999961305054988,0.0749881393687296,-1.3,-1.3,2.0
397.49,-1.2606448120123597,-1.2999961305054988,0.0749881393687296,-1.3,-1.3,2.0
397.502,-1.2606448120123597,-1.2999961305054988,0.0749881393687296,-1.3,-1.3,2.0
397.51,-1.2606448120123597,-1.2999961305054988,0.0749881393687296,-1.3,-1.3,2.0
397.52,-1.2606448120123597,-1.2999961305054988,0.0749881393687296,-1.3,-1.3,2.0
397.533,-1.2606448120123597,-1.2999961305054988,0.0749881393687296,-1.3,-1.3,2.0
397.543,-1.2606448120123597,-1.2999961305054988,0.0749881393687296,-1.3,-1.3,2.0
397.553,-1.2606448120123597,-1.2999961305054988,0.0749881393687296,-1.3,-1.3,2.0
397.56,-1.2606448120123597,-1.2999961305054988,0.0749881393687296,-1.3,-1.3,2.0
397.57,-1.2606448120123597,-1.2999961305054988,0.0749881393687296,-1.3,-1.3,2.0
397.581,-1.2606448120123597,-1.2999961305054988,0.0749881393687296,-1.3,-1.3,2.0
397.604,-1.2606448120123597,-1.2999961305054988,0.0749881393687296,-1.3,-1.3,2.0
397.61,-1.2606448120123597,-1.2999961305054988,0.0749881393687296,-1.3,-1.3,2.0
397.631,-1.2606448120123597,-1.2999961305054988,0.0749881393687296,-1.3,-1.3,2.0
397.64,-1.2606448120123597,-1.2999961305054988,0.0749881393687296,-1.3,-1.3,2.0
397.65,-1.2606448120123597,-1.2999961305054988,0.0749881393687296,-1.3,-1.3,2.0
397.66,-1.2606448120123597,-1.2999961305054988,0.0749881393687296,-1.3,-1.3,2.0
397.676,-1.2606448120123597,-1.2999961305054988,0.0749881393687296,-1.3,-1.3,2.0
397.69,-1.2606448120123597,-1.2999961305054988,0.0749881393687296,-1.3,-1.3,2.0
397.69,-1.2606448120123597,-1.2999961305054988,0.0749881393687296,-1.3,-1.3,2.0
397.7,-1.2606448120123597,-1.2999961305054988,0.0749881393687296,-1.3,-1.3,2.0
397.714,-1.2606448120123597,-1.2999961305054988,0.0749881393687296,-1.3,-1.3,2.0
397.73,-1.2606448120123597,-1.2999961305054988,0.0749881393687296,-1.3,-1.3,2.0
397.73,-1.2606448120123597,-1.2999961305054988,0.0749881393687296,-1.3,-1.3,2.0
397.743,-1.2606448120123597,-1.2999961305054988,0.0749881393687296,-1.3,-1.3,2.0
397.75,-1.2606448120123597,-1.2999961305054988,0.0749881393687296,-1.3,-1.3,2.0
397.769,-1.2606448120123597,-1.2999961305054988,0.0749881393687296,-1.3,-1.3,2.0
397.771,-1.2606448120123597,-1.2999961305054988,0.0749881393687296,-1.3,-1.3,2.0
397.782,-1.2606448120123597,-1.2999961305054988,0.0749881393687296,-1.3,-1.3,2.0
397.807,-1.2606448120123597,-1.2999961305054988,0.0749881393687296,-1.3,-1.3,2.0
397.816,-1.2606448120123597,-1.2999961305054988,0.0749881393687296,-1.3,-1.3,2.0
397.84,-1.2606448120123597,-1.2999961305054988,0.0749881393687296,-1.3,-1.3,2.0
397.84,-1.2606448120123597,-1.2999961305054988,0.0749881393687296,-1.3,-1.3,2.0
397.852,-1.2606448120123597,-1.2999961305054988,0.0749881393687296,-1.3,-1.3,2.0
397.862,-1.2606448120123597,-1.2999961305054988,0.0749881393687296,-1.3,-1.3,2.0
397.871,-1.2606448120123597,-1.2999961305054988,0.0749881393687296,-1.3,-1.3,2.0
397.884,-1.2606448120123597,-1.2999961305054988,0.0749881393687296,-1.3,-1.3,2.0
397.902,-1.2606448120123597,-1.2999961305054988,0.0749881393687296,-1.3,-1.3,2.0
397.913,-1.2606448120123597,-1.2999961305054988,0.0749881393687296,-1.3,-1.3,2.0
397.922,-1.2606448120123597,-1.2999961305054988,0.0749881393687296,-1.3,-1.3,2.0
397.939,-1.2606448120123597,-1.2999961305054988,0.0749881393687296,-1.3,-1.3,2.0
397.94,-1.2606448120123597,-1.2999961305054988,0.0749881393687296,-1.3,-1.3,2.0
397.95,-1.2606448120123597,-1.2999961305054988,0.0749881393687296,-1.3,-1.3,2.0
398.31,-1.2606448120123597,-1.2999961305054988,0.0749881393687296,-1.3,-1.3,2.0
398.324,-1.2606448120123597,-1.2999961305054988,0.0749881393687296,-1.3,-1.3,2.0
398.651,-1.2606448120123597,-1.2999961305054988,0.0749881393687296,-1.3,-1.3,2.0
398.66,-1.2606448120123597,-1.2999961305054988,0.0749881393687296,-1.3,-1.3,2.0
399.03,-1.2606448120123597,-1.2999961305054988,0.0749881393687296,-1.3,-1.3,2.0
399.041,-1.2606448120123597,-1.2999961305054988,0.0749881393687296,-1.3,-1.3,2.0
399.392,-1.2606448120123597,-1.2999961305054988,0.0749881393687296,-1.3,-1.3,2.0
399.4,-1.2606448120123597,-1.2999961305054988,0.0749881393687296,-1.3,-1.3,2.0
399.414,-1.2606448120123597,-1.2999961305054988,0.0749881393687296,-1.3,-1.3,2.0
399.42,-1.2606448120123597,-1.2999961305054988,0.0749881393687296,-1.3,-1.3,2.0
399.431,-1.2606448120123597,-1.2999961305054988,0.0749881393687296,-1.3,-1.3,2.0
399.445,-1.2606448120123597,-1.2999961305054988,0.0749881393687296,-1.3,-1.3,2.0
399.457,-1.2606448120123597,-1.2999961305054988,0.0749881393687296,-1.3,-1.3,2.0
399.46,-1.2606448120123597,-1.2999961305054988,0.0749881393687296,-1.3,-1.3,2.0
399.481,-1.2606448120123597,-1.2999961305054988,0.0749881393687296,-1.3,-1.3,2.0
399.49,-1.2606448120123597,-1.2999961305054988,0.0749881393687296,-1.3,-1.3,2.0
399.502,-1.2606448120123597,-1.2999961305054988,0.0749881393687296,-1.3,-1.3,2.0
399.513,-1.2606448120123597,-1.2999961305054988,0.0749881393687296,-1.3,-1.3,2.0
399.525,-1.2606448120123597,-1.2999961305054988,0.0749881393687296,-1.3,-1.3,2.0
399.54,-1.2606448120123597,-1.2999961305054988,0.0749881393687296,-1.3,-1.3,2.0
399.54,-1.2606448120123597,-1.2999961305054988,0.0749881393687296,-1.3,-1.3,2.0
399.557,-1.2606448120123597,-1.2999961305054988,0.0749881393687296,-1.3,-1.3,2.0
399.56,-1.2606448120123597,-1.2999961305054988,0.0749881393687296,-1.3,-1.3,2.0
399.572,-1.2606448120123597,-1.2999961305054988,0.0749881393687296,-1.3,-1.3,2.0
399.585,-1.2606448120123597,-1.2999961305054988,0.0749881393687296,-1.3,-1.3,2.0
399.59,-1.2606448120123597,-1.2999961305054988,0.0749881393687296,-1.3,-1.3,2.0
399.6,-1.2606448120123597,-1.2999961305054988,0.0749881393687296,-1.3,-1.3,2.0
399.612,-1.2606448120123597,-1.2999961305054988,0.0749881393687296,-1.3,-1.3,2.0
399.625,-1.2606448120123597,-1.2999961305054988,0.0749881393687296,-1.3,-1.3,2.0
399.637,-1.2606448120123597,-1.2999961305054988,0.0749881393687296,-1.3,-1.3,2.0
399.642,-1.2606448120123597,-1.2999961305054988,0.0749881393687296,-1.3,-1.3,2.0
399.652,-1.2606448120123597,-1.2999961305054988,0.0749881393687296,-1.3,-1.3,2.0
400.003,-1.2606448120123597,-1.2999961305054988,0.0749881393687296,-1.3,-1.3,2.0
400.019,-1.2606448120123597,-1.2999961305054988,0.0749881393687296,-1.3,-1.3,2.0
400.022,-1.2606448120123597,-1.2999961305054988,0.0749881393687296,-1.3,-1.3,2.0
400.03,-1.2606448120123597,-1.2999961305054988,0.0749881393687296,-1.3,-1.3,2.0
400.042,-1.2606448120123597,-1.2999961305054988,0.0749881393687296,-1.3,-1.3,2.0
400.058,-1.2606448120123597,-1.2999961305054988,0.0749881393687296,-1.3,-1.3,2.0
400.06,-1.2606448120123597,-1.2999961305054988,0.0749881393687296,-1.3,-1.3,2.0
400.081,-1.2606448120123597,-1.2999961305054988,0.0749881393687296,-1.3,-1.3,2.0
400.095,-1.2606448120123597,-1.2999961305054988,0.0749881393687296,-1.3,-1.3,2.0
400.106,-1.2606448120123597,-1.2999961305054988,0.0749881393687296,-1.3,-1.3,2.0
400.12,-1.2606448120123597,-1.2999961305054988,0.0749881393687296,-1.3,-1.3,2.0
400.12,-1.2606448120123597,-1.2999961305054988,0.0749881393687296,-1.3,-1.3,2.0
400.134,-1.2606448120123597,-1.2999961305054988,0.0749881393687296,-1.3,-1.3,2.0
400.141,-1.2606448120123597,-1.2999961305054988,0.0749881393687296,-1.3,-1.3,2.0
400.15,-1.2606448120123597,-1.2999961305054988,0.0749881393687296,-1.3,-1.3,2.0
400.16,-1.2606448120123597,-1.2999961305054988,0.0749881393687296,-1.3,-1.3,2.0
400.171,-1.2606448120123597,-1.2999961305054988,0.0749881393687296,-1.3,-1.3,2.0
400.18,-1.2606448120123597,-1.2999961305054988,0.0749881393687296,-1.3,-1.3,2.0
400.197,-1.2606448120123597,-1.2999961305054988,0.0749881393687296,-1.3,-1.3,2.0
400.206,-1.2606448120123597,-1.2999961305054988,0.0749881393687296,-1.3,-1.3,2.0
400.214,-1.2606448120123597,-1.2999961305054988,0.0749881393687296,-1.3,-1.3,2.0
400.232,-1.2606448120123597,-1.2999961305054988,0.0749881393687296,-1.3,-1.3,2.0
400.255,-1.2606448120123597,-1.2999961305054988,0.0749881393687296,-1.3,-1.3,2.0
400.26,-1.2606448120123597,-1.2999961305054988,0.0749881393687296,-1.3,-1.3,2.0
400.283,-1.2606448120123597,-1.2999961305054988,0.0749881393687296,-1.3,-1.3,2.0
400.291,-1.2606448120123597,-1.2999961305054988,0.0749881393687296,-1.3,-1.3,2.0
400.316,-1.2606448120123597,-1.2999961305054988,0.0749881393687296,-1.3,-1.3,2.0
400.32,-1.2606448120123597,-1.2999961305054988,0.0749881393687296,-1.3,-1.3,2.0
400.338,-1.2606448120123597,-1.2999961305054988,0.0749881393687296,-1.3,-1.3,2.0
400.343,-1.2606448120123597,-1.2999961305054988,0.0749881393687296,-1.3,-1.3,2.0
400.35,-1.2606448120123597,-1.2999961305054988,0.0749881393687296,-1.3,-1.3,2.0
400.36,-1.2606448120123597,-1.2999961305054988,0.0749881393687296,-1.3,-1.3,2.0
400.37,-1.2606448120123597,-1.2999961305054988,0.0749881393687296,-1.3,-1.3,2.0
400.38,-1.2606448120123597,-1.2999961305054988,0.0749881393687296,-1.3,-1.3,2.0
400.397,-1.2606448120123597,-1.2999961305054988,0.0749881393687296,-1.3,-1.3,2.0
400.404,-1.2606448120123597,-1.2999961305054988,0.0749881393687296,-1.3,-1.3,2.0
400.414,-1.2606448120123597,-1.2999961305054988,0.0749881393687296,-1.3,-1.3,2.0
400.42,-1.2606448120123597,-1.2999961305054988,0.0749881393687296,-1.3,-1.3,2.0
400.441,-1.2606448120123597,-1.2999961305054988,0.0749881393687296,-1.3,-1.3,2.0
400.451,-1.2606448120123597,-1.2999961305054988,0.0749881393687296,-1.3,-1.3,2.0
400.817,-1.2606448120123597,-1.2999961305054988,0.0749881393687296,-1.3,-1.3,2.0
400.827,-1.2606448120123597,-1.2999961305054988,0.0749881393687296,-1.3,-1.3,2.0
400.832,-1.2606448120123597,-1.2999961305054988,0.0749881393687296,-1.3,-1.3,2.0
400.84,-1.2606448120123597,-1.2999961305054988,0.0749881393687296,-1.3,-1.3,2.0
400.864,-1.2606448120123597,-1.2999961305054988,0.0749881393687296,-1.3,-1.3,2.0
400.874,-1.2606448120123597,-1.2999961305054988,0.0749881393687296,-1.3,-1.3,2.0
400.887,-1.2606448120123597,-1.2999961305054988,0.0749881393687296,-1.3,-1.3,2.0
400.894,-1.2606448120123597,-1.2999961305054988,0.0749881393687296,-1.3,-1.3,2.0
400.91,-1.2606448120123597,-1.2999961305054988,0.0749881393687296,-1.3,-1.3,2.0
400.91,-1.2606448120123597,-1.2999961305054988,0.0749881393687296,-1.3,-1.3,2.0
400.943,-1.2606448120123597,-1.2999961305054988,0.0749881393687296,-1.3,-1.3,2.0
400.959,-1.2606448120123597,-1.2999961305054988,0.0749881393687296,-1.3,-1.3,2.0
400.96,-1.2606448120123597,-1.2999961305054988,0.0749881393687296,-1.3,-1.3,2.0
400.97,-1.2606448120123597,-1.2999961305054988,0.0749881393687296,-1.3,-1.3,2.0
400.982,-1.2606448120123597,-1.2999961305054988,0.0749881393687296,-1.3,-1.3,2.0
400.99,-1.2606448120123597,-1.2999961305054988,0.0749881393687296,-1.3,-1.3,2.0
401.011,-1.2606448120123597,-1.2999961305054988,0.0749881393687296,-1.3,-1.3,2.0
401.02,-1.2606448120123597,-1.2999961305054988,0.0749881393687296,-1.3,-1.3,2.0
401.036,-1.2606448120123597,-1.2999961305054988,0.0749881393687296,-1.3,-1.3,2.0
401.041,-1.2606448120123597,-1.2999961305054988,0.0749881393687296,-1.3,-1.3,2.0
401.056,-1.2606448120123597,-1.2999961305054988,0.0749881393687296,-1.3,-1.3,2.0
401.06,-1.2606448120123597,-1.2999961305054988,0.0749881393687296,-1.3,-1.3,2.0
401.076,-1.2606448120123597,-1.2999961305054988,0.0749881393687296,-1.3,-1.3,2.0
401.08,-1.2606448120123597,-1.2999961305054988,0.0749881393687296,-1.3,-1.3,2.0
401.092,-1.2606448120123597,-1.2999961305054988,0.0749881393687296,-1.3,-1.3,2.0
401.1,-1.2606448120123597,-1.2999961305054988,0.0749881393687296,-1.3,-1.3,2.0
401.11,-1.2606448120123597,-1.2999961305054988,0.0749881393687296,-1.3,-1.3,2.0
401.12,-1.2606448120123597,-1.2999961305054988,0.0749881393687296,-1.3,-1.3,2.0
401.14,-1.2606448120123597,-1.2999961305054988,0.0749881393687296,-1.3,-1.3,2.0
401.145,-1.2606448120123597,-1.2999961305054988,0.0749881393687296,-1.3,-1.3,2.0
401.159,-1.2606448120123597,-1.2999961305054988,0.0749881393687296,-1.3,-1.3,2.0
401.16,-1.2606448120123597,-1.2999961305054988,0.0749881393687296,-1.3,-1.3,2.0
401.172,-1.2606448120123597,-1.2999961305054988,0.0749881393687296,-1.3,-1.3,2.0
401.183,-1.2606448120123597,-1.2999961305054988,0.0749881393687296,-1.3,-1.3,2.0
401.195,-1.2606448120123597,-1.2999961305054988,0.0749881393687296,-1.3,-1.3,2.0
401.208,-1.2606448120123597,-1.2999961305054988,0.0749881393687296,-1.3,-1.3,2.0
401.216,-1.2606448120123597,-1.2999961305054988,0.0749881393687296,-1.3,-1.3,2.0
401.241,-1.2606448120123597,-1.2999961305054988,0.0749881393687296,-1.3,-1.3,2.0
401.264,-1.2606448120123597,-1.2999961305054988,0.0749881393687296,-1.3,-1.3,2.0
401.271,-1.2606448120123597,-1.2999961305054988,0.0749881393687296,-1.3,-1.3,2.0
401.294,-1.2606448120123597,-1.2999961305054988,0.0749881393687296,-1.3,-1.3,2.0
401.312,-1.2606448120123597,-1.2999961305054988,0.0749881393687296,-1.3,-1.3,2.0
401.327,-1.2606448120123597,-1.2999961305054988,0.0749881393687296,-1.3,-1.3,2.0
401.344,-1.2606448120123597,-1.2999961305054988,0.0749881393687296,-1.3,-1.3,2.0
401.35,-1.2606448120123597,-1.2999961305054988,0.0749881393687296,-1.3,-1.3,2.0
401.36,-1.2606448120123597,-1.2999961305054988,0.0749881393687296,-1.3,-1.3,2.0
401.372,-1.2606448120123597,-1.2999961305054988,0.0749881393687296,-1.3,-1.3,2.0
401.4,-1.2606448120123597,-1.2999961305054988,0.0749881393687296,-1.3,-1.3,2.0
401.401,-1.2606448120123597,-1.2999961305054988,0.0749881393687296,-1.3,-1.3,2.0
401.417,-1.2606448120123597,-1.2999961305054988,0.0749881393687296,-1.3,-1.3,2.0
401.42,-1.2606448120123597,-1.2999961305054988,0.0749881393687296,-1.3,-1.3,2.0
401.438,-1.2606448120123597,-1.2999961305054988,0.0749881393687296,-1.3,-1.3,2.0
401.441,-1.2606448120123597,-1.2999961305054988,0.0749881393687296,-1.3,-1.3,2.0
401.467,-1.2606448120123597,-1.2999961305054988,0.0749881393687296,-1.3,-1.3,2.0
401.472,-1.2606448120123597,-1.2999961305054988,0.0749881393687296,-1.3,-1.3,2.0
401.481,-1.2606448120123597,-1.2999961305054988,0.0749881393687296,-1.3,-1.3,2.0
401.493,-1.2606448120123597,-1.2999961305054988,0.0749881393687296,-1.3,-1.3,2.0
401.502,-1.2606448120123597,-1.2999961305054988,0.0749881393687296,-1.3,-1.3,2.0
401.512,-1.2606448120123597,-1.2999961305054988,0.0749881393687296,-1.3,-1.3,2.0
401.52,-1.2606448120123597,-1.2999961305054988,0.0749881393687296,-1.3,-1.3,2.0
401.53,-1.2606448120123597,-1.2999961305054988,0.0749881393687296,-1.3,-1.3,2.0
401.541,-1.2606448120123597,-1.2999961305054988,0.0749881393687296,-1.3,-1.3,2.0
401.553,-1.2606448120123597,-1.2999961305054988,0.0749881393687296,-1.3,-1.3,2.0
401.56,-1.2606448120123597,-1.2999961305054988,0.0749881393687296,-1.3,-1.3,2.0
401.572,-1.2606448120123597,-1.2999961305054988,0.0749881393687296,-1.3,-1.3,2.0
401.58,-1.2606448120123597,-1.2999961305054988,0.0749881393687296,-1.3,-1.3,2.0
401.597,-1.2606448120123597,-1.2999961305054988,0.0749881393687296,-1.3,-1.3,2.0
401.6,-1.2606448120123597,-1.2999961305054988,0.0749881393687296,-1.3,-1.3,2.0
401.614,-1.2606448120123597,-1.2999961305054988,0.0749881393687296,-1.3,-1.3,2.0
401.625,-1.2606448120123597,-1.2999961305054988,0.0749881393687296,-1.3,-1.3,2.0
401.633,-1.2606448120123597,-1.2999961305054988,0.0749881393687296,-1.3,-1.3,2.0
401.641,-1.2606448120123597,-1.2999961305054988,0.0749881393687296,-1.3,-1.3,2.0
401.935,-1.2606448120123597,-1.2999961305054988,0.0749881393687296,-1.3,-1.3,2.0
401.94,-1.2606448120123597,-1.2999961305054988,0.0749881393687296,-1.3,-1.3,2.0
401.952,-1.2606448120123597,-1.2999961305054988,0.0749881393687296,-1.3,-1.3,2.0
401.96,-1.2606448120123597,-1.2999961305054988,0.0749881393687296,-1.3,-1.3,2.0
401.975,-1.2606448120123597,-1.2999961305054988,0.0749881393687296,-1.3,-1.3,2.0
401.983,-1.2606448120123597,-1.2999961305054988,0.0749881393687296,-1.3,-1.3,2.0
401.99,-1.2606448120123597,-1.2999961305054988,0.0749881393687296,-1.3,-1.3,2.0
402.001,-1.2606448120123597,-1.2999961305054988,0.0749881393687296,-1.3,-1.3,2.0
402.011,-1.2606448120123597,-1.2999961305054988,0.0749881393687296,-1.3,-1.3,2.0
402.021,-1.2606448120123597,-1.2999961305054988,0.0749881393687296,-1.3,-1.3,2.0
402.036,-1.2606448120123597,-1.2999961305054988,0.0749881393687296,-1.3,-1.3,2.0
402.043,-1.2606448120123597,-1.2999961305054988,0.0749881393687296,-1.3,-1.3,2.0
402.053,-1.2606448120123597,-1.2999961305054988,0.0749881393687296,-1.3,-1.3,2.0
402.06,-1.2606448120123597,-1.2999961305054988,0.0749881393687296,-1.3,-1.3,2.0
402.07,-1.2606448120123597,-1.2999961305054988,0.0749881393687296,-1.3,-1.3,2.0
402.08,-1.2606448120123597,-1.2999961305054988,0.0749881393687296,-1.3,-1.3,2.0
402.092,-1.2606448120123597,-1.2999961305054988,0.0749881393687296,-1.3,-1.3,2.0
402.102,-1.2606448120123597,-1.2999961305054988,0.0749881393687296,-1.3,-1.3,2.0
402.135,-1.2606448120123597,-1.2999961305054988,0.0749881393687296,-1.3,-1.3,2.0
402.142,-1.2606448120123597,-1.2999961305054988,0.0749881393687296,-1.3,-1.3,2.0
402.152,-1.2606448120123597,-1.2999961305054988,0.0749881393687296,-1.3,-1.3,2.0
402.16,-1.2606448120123597,-1.2999961305054988,0.0749881393687296,-1.3,-1.3,2.0
402.17,-1.2606448120123597,-1.2999961305054988,0.0749881393687296,-1.3,-1.3,2.0
402.182,-1.2606448120123597,-1.2999961305054988,0.0749881393687296,-1.3,-1.3,2.0
402.192,-1.2606448120123597,-1.2999961305054988,0.0749881393687296,-1.3,-1.3,2.0
402.2,-1.2606448120123597,-1.2999961305054988,0.0749881393687296,-1.3,-1.3,2.0
402.214,-1.2606448120123597,-1.2999961305054988,0.0749881393687296,-1.3,-1.3,2.0
402.223,-1.2606448120123597,-1.2999961305054988,0.0749881393687296,-1.3,-1.3,2.0
402.23,-1.2606448120123597,-1.2999961305054988,0.0749881393687296,-1.3,-1.3,2.0
402.24,-1.2606448120123597,-1.2999961305054988,0.0749881393687296,-1.3,-1.3,2.0
402.254,-1.2606448120123597,-1.2999961305054988,0.0749881393687296,-1.3,-1.3,2.0
402.26,-1.2606448120123597,-1.2999961305054988,0.0749881393687296,-1.3,-1.3,2.0
402.56,-1.2606448120123597,-1.2999961305054988,0.0749881393687296,-1.3,-1.3,2.0
402.57,-1.2606448120123597,-1.2999961305054988,0.0749881393687296,-1.3,-1.3,2.0
402.582,-1.2606448120123597,-1.2999961305054988,0.0749881393687296,-1.3,-1.3,2.0
402.593,-1.2606448120123597,-1.2999961305054988,0.0749881393687296,-1.3,-1.3,2.0
402.603,-1.2606448120123597,-1.2999961305054988,0.0749881393687296,-1.3,-1.3,2.0
402.612,-1.2606448120123597,-1.2999961305054988,0.0749881393687296,-1.3,-1.3,2.0
402.62,-1.2606448120123597,-1.2999961305054988,0.0749881393687296,-1.3,-1.3,2.0
402.633,-1.2606448120123597,-1.2999961305054988,0.0749881393687296,-1.3,-1.3,2.0
402.64,-1.2606448120123597,-1.2999961305054988,0.0749881393687296,-1.3,-1.3,2.0
402.653,-1.2606448120123597,-1.2999961305054988,0.0749881393687296,-1.3,-1.3,2.0
403.01,-1.2606448120123597,-1.2999961305054988,0.0749881393687296,-1.3,-1.3,2.0
403.023,-1.2606448120123597,-1.2999961305054988,0.0749881393687296,-1.3,-1.3,2.0
403.4,-1.2606448120123597,-1.2999961305054988,0.0749881393687296,-1.3,-1.3,2.0
403.411,-1.2606448120123597,-1.2999961305054988,0.0749881393687296,-1.3,-1.3,2.0
403.805,-1.2606448120123597,-1.2999961305054988,0.0749881393687296,-1.3,-1.3,2.0
403.817,-1.2606448120123597,-1.2999961305054988,0.0749881393687296,-1.3,-1.3,2.0
403.828,-1.2606448120123597,-1.2999961305054988,0.0749881393687296,-1.3,-1.3,2.0
403.831,-1.2606448120123597,-1.2999961305054988,0.0749881393687296,-1.3,-1.3,2.0
403.848,-1.2606448120123597,-1.2999961305054988,0.0749881393687296,-1.3,-1.3,2.0
403.85,-1.2606448120123597,-1.2999961305054988,0.0749881393687296,-1.3,-1.3,2.0
403.86,-1.2606448120123597,-1.2999961305054988,0.0749881393687296,-1.3,-1.3,2.0
403.873,-1.2606448120123597,-1.2999961305054988,0.0749881393687296,-1.3,-1.3,2.0
403.883,-1.2606448120123597,-1.2999961305054988,0.0749881393687296,-1.3,-1.3,2.0
403.906,-1.2606448120123597,-1.2999961305054988,0.0749881393687296,-1.3,-1.3,2.0
403.918,-1.2606448120123597,-1.2999961305054988,0.0749881393687296,-1.3,-1.3,2.0
403.921,-1.2606448120123597,-1.2999961305054988,0.0749881393687296,-1.3,-1.3,2.0
403.935,-1.2606448120123597,-1.2999961305054988,0.0749881393687296,-1.3,-1.3,2.0
403.942,-1.2606448120123597,-1.2999961305054988,0.0749881393687296,-1.3,-1.3,2.0
403.95,-1.2606448120123597,-1.2999961305054988,0.0749881393687296,-1.3,-1.3,2.0
403.96,-1.2606448120123597,-1.2999961305054988,0.0749881393687296,-1.3,-1.3,2.0
403.97,-1.2606448120123597,-1.2999961305054988,0.0749881393687296,-1.3,-1.3,2.0
403.982,-1.2606448120123597,-1.2999961305054988,0.0749881393687296,-1.3,-1.3,2.0
403.992,-1.2606448120123597,-1.2999961305054988,0.0749881393687296,-1.3,-1.3,2.0
404.001,-1.2606448120123597,-1.2999961305054988,0.0749881393687296,-1.3,-1.3,2.0
404.01,-1.2606448120123597,-1.2999961305054988,0.0749881393687296,-1.3,-1.3,2.0
404.023,-1.2606448120123597,-1.2999961305054988,0.0749881393687296,-1.3,-1.3,2.0
404.034,-1.2606448120123597,-1.2999961305054988,0.0749881393687296,-1.3,-1.3,2.0
404.044,-1.2606448120123597,-1.2999961305054988,0.0749881393687296,-1.3,-1.3,2.0
404.053,-1.2606448120123597,-1.2999961305054988,0.0749881393687296,-1.3,-1.3,2.0
404.06,-1.2606448120123597,-1.2999961305054988,0.0749881393687296,-1.3,-1.3,2.0
404.076,-1.2606448120123597,-1.2999961305054988,0.0749881393687296,-1.3,-1.3,2.0
404.086,-1.2606448120123597,-1.2999961305054988,0.0749881393687296,-1.3,-1.3,2.0
404.095,-1.2606448120123597,-1.2999961305054988,0.0749881393687296,-1.3,-1.3,2.0
404.102,-1.2606448120123597,-1.2999961305054988,0.0749881393687296,-1.3,-1.3,2.0
404.11,-1.2606448120123597,-1.2999961305054988,0.0749881393687296,-1.3,-1.3,2.0
404.121,-1.2606448120123597,-1.2999961305054988,0.0749881393687296,-1.3,-1.3,2.0
404.131,-1.2606448120123597,-1.2999961305054988,0.0749881393687296,-1.3,-1.3,2.0
404.143,-1.2606448120123597,-1.2999961305054988,0.0749881393687296,-1.3,-1.3,2.0
404.151,-1.2606448120123597,-1.2999961305054988,0.0749881393687296,-1.3,-1.3,2.0
404.16,-1.2606448120123597,-1.2999961305054988,0.0749881393687296,-1.3,-1.3,2.0
404.176,-1.2606448120123597,-1.2999961305054988,0.0749881393687296,-1.3,-1.3,2.0
404.18,-1.2606448120123597,-1.2999961305054988,0.0749881393687296,-1.3,-1.3,2.0
404.19,-1.2606448120123597,-1.2999961305054988,0.0749881393687296,-1.3,-1.3,2.0
404.21,-1.2606448120123597,-1.2999961305054988,0.0749881393687296,-1.3,-1.3,2.0
404.215,-1.2606448120123597,-1.2999961305054988,0.0749881393687296,-1.3,-1.3,2.0
404.221,-1.2606448120123597,-1.2999961305054988,0.0749881393687296,-1.3,-1.3,2.0
404.23,-1.2606448120123597,-1.2999961305054988,0.0749881393687296,-1.3,-1.3,2.0
404.245,-1.2606448120123597,-1.2999961305054988,0.0749881393687296,-1.3,-1.3,2.0
404.257,-1.2606448120123597,-1.2999961305054988,0.0749881393687296,-1.3,-1.3,2.0
404.26,-1.2606448120123597,-1.2999961305054988,0.0749881393687296,-1.3,-1.3,2.0
404.271,-1.2606448120123597,-1.2999961305054988,0.0749881393687296,-1.3,-1.3,2.0
404.282,-1.2606448120123597,-1.2999961305054988,0.0749881393687296,-1.3,-1.3,2.0
404.291,-1.2606448120123597,-1.2999961305054988,0.0749881393687296,-1.3,-1.3,2.0
404.303,-1.2606448120123597,-1.2999961305054988,0.0749881393687296,-1.3,-1.3,2.0
404.31,-1.2606448120123597,-1.2999961305054988,0.0749881393687296,-1.3,-1.3,2.0
404.322,-1.2606448120123597,-1.2999961305054988,0.0749881393687296,-1.3,-1.3,2.0
404.343,-1.2606448120123597,-1.2999961305054988,0.0749881393687296,-1.3,-1.3,2.0
404.351,-1.2606448120123597,-1.2999961305054988,0.0749881393687296,-1.3,-1.3,2.0
404.7,-1.2606448120123597,-1.2999961305054988,0.0749881393687296,-1.3,-1.3,2.0
404.71,-1.2606448120123597,-1.2999961305054988,0.0749881393687296,-1.3,-1.3,2.0
404.729,-1.2606448120123597,-1.2999961305054988,0.0749881393687296,-1.3,-1.3,2.0
404.732,-1.2606448120123597,-1.2999961305054988,0.0749881393687296,-1.3,-1.3,2.0
404.75,-1.2606448120123597,-1.2999961305054988,0.0749881393687296,-1.3,-1.3,2.0
404.75,-1.2606448120123597,-1.2999961305054988,0.0749881393687296,-1.3,-1.3,2.0
404.772,-1.2606448120123597,-1.2999961305054988,0.0749881393687296,-1.3,-1.3,2.0
404.786,-1.2606448120123597,-1.2999961305054988,0.0749881393687296,-1.3,-1.3,2.0
404.793,-1.2606448120123597,-1.2999961305054988,0.0749881393687296,-1.3,-1.3,2.0
404.802,-1.2606448120123597,-1.2999961305054988,0.0749881393687296,-1.3,-1.3,2.0
404.817,-1.2606448120123597,-1.2999961305054988,0.0749881393687296,-1.3,-1.3,2.0
404.826,-1.2606448120123597,-1.2999961305054988,0.0749881393687296,-1.3,-1.3,2.0
404.831,-1.2606448120123597,-1.2999961305054988,0.0749881393687296,-1.3,-1.3,2.0
404.842,-1.2606448120123597,-1.2999961305054988,0.0749881393687296,-1.3,-1.3,2.0
404.857,-1.2606448120123597,-1.2999961305054988,0.0749881393687296,-1.3,-1.3,2.0
404.86,-1.2606448120123597,-1.2999961305054988,0.0749881393687296,-1.3,-1.3,2.0
404.873,-1.2606448120123597,-1.2999961305054988,0.0749881393687296,-1.3,-1.3,2.0
404.887,-1.2606448120123597,-1.2999961305054988,0.0749881393687296,-1.3,-1.3,2.0
404.892,-1.2606448120123597,-1.2999961305054988,0.0749881393687296,-1.3,-1.3,2.0
404.9,-1.2606448120123597,-1.2999961305054988,0.0749881393687296,-1.3,-1.3,2.0
404.918,-1.2606448120123597,-1.2999961305054988,0.0749881393687296,-1.3,-1.3,2.0
404.92,-1.2606448120123597,-1.2999961305054988,0.0749881393687296,-1.3,-1.3,2.0
404.936,-1.2606448120123597,-1.2999961305054988,0.0749881393687296,-1.3,-1.3,2.0
404.945,-1.2606448120123597,-1.2999961305054988,0.0749881393687296,-1.3,-1.3,2.0
405.271,-1.2606448120123597,-1.2999961305054988,0.0749881393687296,-1.3,-1.3,2.0
405.28,-1.2606448120123597,-1.2999961305054988,0.0749881393687296,-1.3,-1.3,2.0
405.69,-1.2606448120123597,-1.2999961305054988,0.0749881393687296,-1.3,-1.3,2.0
405.702,-1.2606448120123597,-1.2999961305054988,0.0749881393687296,-1.3,-1.3,2.0
406.054,-1.2606448120123597,-1.2999961305054988,0.0749881393687296,-1.3,-1.3,2.0
406.06,-1.2606448120123597,-1.2999961305054988,0.0749881393687296,-1.3,-1.3,2.0
406.075,-1.2606448120123597,-1.2999961305054988,0.0749881393687296,-1.3,-1.3,2.0
406.08,-1.2606448120123597,-1.2999961305054988,0.0749881393687296,-1.3,-1.3,2.0
406.093,-1.2606448120123597,-1.2999961305054988,0.0749881393687296,-1.3,-1.3,2.0
406.1,-1.2606448120123597,-1.2999961305054988,0.0749881393687296,-1.3,-1.3,2.0
406.121,-1.2606448120123597,-1.2999961305054988,0.0749881393687296,-1.3,-1.3,2.0
406.134,-1.2606448120123597,-1.2999961305054988,0.0749881393687296,-1.3,-1.3,2.0
406.155,-1.2606448120123597,-1.2999961305054988,0.0749881393687296,-1.3,-1.3,2.0
406.16,-1.2606448120123597,-1.2999961305054988,0.0749881393687296,-1.3,-1.3,2.0
406.172,-1.2606448120123597,-1.2999961305054988,0.0749881393687296,-1.3,-1.3,2.0
406.186,-1.2606448120123597,-1.2999961305054988,0.0749881393687296,-1.3,-1.3,2.0
406.202,-1.2606448120123597,-1.2999961305054988,0.0749881393687296,-1.3,-1.3,2.0
406.212,-1.2606448120123597,-1.2999961305054988,0.0749881393687296,-1.3,-1.3,2.0
406.22,-1.2606448120123597,-1.2999961305054988,0.0749881393687296,-1.3,-1.3,2.0
406.23,-1.2606448120123597,-1.2999961305054988,0.0749881393687296,-1.3,-1.3,2.0
406.24,-1.2606448120123597,-1.2999961305054988,0.0749881393687296,-1.3,-1.3,2.0
406.252,-1.2606448120123597,-1.2999961305054988,0.0749881393687296,-1.3,-1.3,2.0
406.495,-1.2606448120123597,-1.2999961305054988,0.0749881393687296,-1.3,-1.3,2.0
406.5,-1.2606448120123597,-1.2999961305054988,0.0749881393687296,-1.3,-1.3,2.0
406.515,-1.2606448120123597,-1.2999961305054988,0.0749881393687296,-1.3,-1.3,2.0
406.521,-1.2606448120123597,-1.2999961305054988,0.0749881393687296,-1.3,-1.3,2.0
406.532,-1.2606448120123597,-1.2999961305054988,0.0749881393687296,-1.3,-1.3,2.0
406.546,-1.2606448120123597,-1.2999961305054988,0.0749881393687296,-1.3,-1.3,2.0
406.557,-1.2606448120123597,-1.2999961305054988,0.0749881393687296,-1.3,-1.3,2.0
406.56,-1.2606448120123597,-1.2999961305054988,0.0749881393687296,-1.3,-1.3,2.0
406.589,-1.2606448120123597,-1.2999961305054988,0.0749881393687296,-1.3,-1.3,2.0
406.598,-1.2606448120123597,-1.2999961305054988,0.0749881393687296,-1.3,-1.3,2.0
